10000 19800
0 1 80
0 100 99
1 2 26
1 101 29
2 3 23
2 102 73
3 4 4
3 103 90
4 5 64
4 104 44
5 6 47
5 105 51
6 7 66
6 106 55
7 8 82
7 107 84
8 9 57
8 108 87
9 10 10
9 109 41
10 11 24
10 110 66
11 12 27
11 111 51
12 13 84
12 112 79
13 14 90
13 113 71
14 15 26
14 114 46
15 16 39
15 115 69
16 17 54
16 116 6
17 18 56
17 117 7
18 19 3
18 118 58
19 20 45
19 119 4
20 21 97
20 120 10
21 22 92
21 121 36
22 23 19
22 122 19
23 24 72
23 123 58
24 25 2
24 124 78
25 26 77
25 125 41
26 27 19
26 126 53
27 28 96
27 127 4
28 29 75
28 128 87
29 30 89
29 129 93
30 31 9
30 130 95
31 32 26
31 131 93
32 33 70
32 132 45
33 34 23
33 133 98
34 35 94
34 134 5
35 36 71
35 135 78
36 37 8
36 136 85
37 38 98
37 137 83
38 39 86
38 138 74
39 40 6
39 139 1
40 41 79
40 140 42
41 42 12
41 141 72
42 43 33
42 142 65
43 44 16
43 143 19
44 45 27
44 144 49
45 46 80
45 145 43
46 47 54
46 146 8
47 48 14
47 147 51
48 49 64
48 148 95
49 50 86
49 149 74
50 51 18
50 150 70
51 52 79
51 151 31
52 53 61
52 152 7
53 54 78
53 153 97
54 55 96
54 154 38
55 56 41
55 155 24
56 57 78
56 156 50
57 58 62
57 157 87
58 59 52
58 158 55
59 60 27
59 159 11
60 61 67
60 160 45
61 62 67
61 161 57
62 63 63
62 162 78
63 64 46
63 163 96
64 65 43
64 164 3
65 66 3
65 165 36
66 67 60
66 166 75
67 68 75
67 167 47
68 69 77
68 168 86
69 70 5
69 169 13
70 71 46
70 170 34
71 72 3
71 171 91
72 73 22
72 172 48
73 74 26
73 173 28
74 75 83
74 174 9
75 76 2
75 175 17
76 77 84
76 176 55
77 78 17
77 177 15
78 79 2
78 178 36
79 80 7
79 179 100
80 81 79
80 180 7
81 82 24
81 181 58
82 83 45
82 182 75
83 84 61
83 183 72
84 85 76
84 184 24
85 86 93
85 185 35
86 87 46
86 186 27
87 88 51
87 187 100
88 89 73
88 188 82
89 90 9
89 189 33
90 91 58
90 190 75
91 92 4
91 191 57
92 93 54
92 192 31
93 94 31
93 193 62
94 95 85
94 194 30
95 96 15
95 195 50
96 97 50
96 196 85
97 98 74
97 197 98
98 99 23
98 198 99
99 199 49
100 101 60
100 200 29
101 102 94
101 201 58
102 103 67
102 202 6
103 104 3
103 203 9
104 105 45
104 204 83
105 106 18
105 205 39
106 107 37
106 206 9
107 108 59
107 207 14
108 109 23
108 208 40
109 110 61
109 209 50
110 111 5
110 210 22
111 112 69
111 211 44
112 113 67
112 212 5
113 114 26
113 213 44
114 115 15
114 214 40
115 116 73
115 215 89
116 117 80
116 216 89
117 118 44
117 217 50
118 119 10
118 218 56
119 120 90
119 219 9
120 121 63
120 220 65
121 122 62
121 221 39
122 123 40
122 222 24
123 124 92
123 223 71
124 125 18
124 224 94
125 126 100
125 225 99
126 127 84
126 226 71
127 128 92
127 227 81
128 129 15
128 228 71
129 130 3
129 229 16
130 131 65
130 230 42
131 132 13
131 231 35
132 133 87
132 232 31
133 134 14
133 233 11
134 135 10
134 234 78
135 136 91
135 235 72
136 137 81
136 236 75
137 138 47
137 237 47
138 139 58
138 238 27
139 140 99
139 239 11
140 141 34
140 240 1
141 142 10
141 241 41
142 143 63
142 242 10
143 144 72
143 243 87
144 145 9
144 244 1
145 146 58
145 245 32
146 147 96
146 246 75
147 148 62
147 247 58
148 149 34
148 248 56
149 150 88
149 249 98
150 151 65
150 250 83
151 152 86
151 251 93
152 153 24
152 252 24
153 154 41
153 253 57
154 155 95
154 254 86
155 156 14
155 255 26
156 157 41
156 256 1
157 158 89
157 257 71
158 159 50
158 258 97
159 160 24
159 259 88
160 161 70
160 260 94
161 162 72
161 261 5
162 163 77
162 262 69
163 164 44
163 263 66
164 165 1
164 264 75
165 166 42
165 265 7
166 167 65
166 266 6
167 168 40
167 267 92
168 169 96
168 268 84
169 170 40
169 269 54
170 171 56
170 270 1
171 172 81
171 271 76
172 173 33
172 272 33
173 174 34
173 273 56
174 175 9
174 274 14
175 176 100
175 275 10
176 177 33
176 276 72
177 178 65
177 277 35
178 179 70
178 278 22
179 180 51
179 279 4
180 181 19
180 280 97
181 182 36
181 281 90
182 183 88
182 282 97
183 184 12
183 283 66
184 185 60
184 284 24
185 186 36
185 285 9
186 187 15
186 286 56
187 188 35
187 287 62
188 189 10
188 288 25
189 190 37
189 289 13
190 191 1
190 290 92
191 192 53
191 291 65
192 193 64
192 292 19
193 194 88
193 293 53
194 195 89
194 294 56
195 196 21
195 295 67
196 197 13
196 296 90
197 198 10
197 297 22
198 199 30
198 298 51
199 299 43
200 201 18
200 300 85
201 202 16
201 301 41
202 203 88
202 302 94
203 204 19
203 303 52
204 205 11
204 304 70
205 206 98
205 305 11
206 207 2
206 306 61
207 208 63
207 307 23
208 209 3
208 308 48
209 210 80
209 309 63
210 211 81
210 310 53
211 212 25
211 311 7
212 213 99
212 312 39
213 214 12
213 313 3
214 215 80
214 314 41
215 216 80
215 315 84
216 217 40
216 316 7
217 218 31
217 317 82
218 219 5
218 318 76
219 220 2
219 319 12
220 221 20
220 320 11
221 222 56
221 321 42
222 223 6
222 322 8
223 224 10
223 323 36
224 225 90
224 324 64
225 226 22
225 325 93
226 227 49
226 326 26
227 228 11
227 327 83
228 229 1
228 328 32
229 230 10
229 329 97
230 231 8
230 330 10
231 232 47
231 331 55
232 233 97
232 332 1
233 234 78
233 333 17
234 235 85
234 334 89
235 236 45
235 335 25
236 237 51
236 336 13
237 238 14
237 337 90
238 239 79
238 338 84
239 240 83
239 339 54
240 241 37
240 340 78
241 242 10
241 341 81
242 243 6
242 342 48
243 244 56
243 343 76
244 245 72
244 344 5
245 246 22
245 345 78
246 247 38
246 346 90
247 248 26
247 347 93
248 249 95
248 348 12
249 250 4
249 349 24
250 251 48
250 350 89
251 252 100
251 351 84
252 253 54
252 352 38
253 254 37
253 353 57
254 255 11
254 354 97
255 256 65
255 355 17
256 257 4
256 356 99
257 258 84
257 357 68
258 259 80
258 358 59
259 260 35
259 359 11
260 261 52
260 360 66
261 262 24
261 361 11
262 263 14
262 362 15
263 264 20
263 363 33
264 265 100
264 364 56
265 266 82
265 365 25
266 267 22
266 366 77
267 268 64
267 367 23
268 269 77
268 368 43
269 270 76
269 369 38
270 271 99
270 370 5
271 272 52
271 371 68
272 273 24
272 372 38
273 274 7
273 373 83
274 275 58
274 374 8
275 276 60
275 375 63
276 277 25
276 376 78
277 278 61
277 377 40
278 279 11
278 378 71
279 280 21
279 379 23
280 281 48
280 380 12
281 282 3
281 381 34
282 283 38
282 382 3
283 284 99
283 383 49
284 285 10
284 384 59
285 286 28
285 385 69
286 287 86
286 386 45
287 288 36
287 387 63
288 289 84
288 388 61
289 290 71
289 389 96
290 291 49
290 390 50
291 292 98
291 391 56
292 293 44
292 392 74
293 294 25
293 393 61
294 295 6
294 394 69
295 296 65
295 395 80
296 297 61
296 396 61
297 298 64
297 397 76
298 299 17
298 398 37
299 399 94
300 301 35
300 400 59
301 302 40
301 401 76
302 303 33
302 402 66
303 304 82
303 403 1
304 305 86
304 404 20
305 306 85
305 405 61
306 307 52
306 406 45
307 308 100
307 407 43
308 309 83
308 408 80
309 310 37
309 409 35
310 311 10
310 410 7
311 312 94
311 411 76
312 313 76
312 412 41
313 314 51
313 413 60
314 315 31
314 414 75
315 316 66
315 415 82
316 317 88
316 416 67
317 318 43
317 417 57
318 319 76
318 418 29
319 320 39
319 419 23
320 321 55
320 420 97
321 322 89
321 421 41
322 323 11
322 422 74
323 324 96
323 423 6
324 325 100
324 424 41
325 326 37
325 425 28
326 327 19
326 426 13
327 328 20
327 427 78
328 329 53
328 428 67
329 330 93
329 429 12
330 331 67
330 430 60
331 332 34
331 431 89
332 333 25
332 432 50
333 334 52
333 433 59
334 335 32
334 434 16
335 336 40
335 435 81
336 337 27
336 436 18
337 338 7
337 437 78
338 339 89
338 438 52
339 340 41
339 439 31
340 341 5
340 440 19
341 342 51
341 441 43
342 343 44
342 442 98
343 344 17
343 443 67
344 345 2
344 444 4
345 346 28
345 445 15
346 347 28
346 446 35
347 348 41
347 447 68
348 349 72
348 448 41
349 350 90
349 449 5
350 351 90
350 450 19
351 352 85
351 451 30
352 353 100
352 452 47
353 354 88
353 453 9
354 355 38
354 454 66
355 356 96
355 455 54
356 357 8
356 456 55
357 358 26
357 457 88
358 359 69
358 458 72
359 360 95
359 459 71
360 361 84
360 460 63
361 362 72
361 461 10
362 363 70
362 462 22
363 364 79
363 463 4
364 365 72
364 464 99
365 366 46
365 465 15
366 367 46
366 466 22
367 368 74
367 467 59
368 369 73
368 468 52
369 370 43
369 469 37
370 371 14
370 470 74
371 372 39
371 471 43
372 373 45
372 472 12
373 374 8
373 473 61
374 375 65
374 474 64
375 376 52
375 475 58
376 377 21
376 476 8
377 378 60
377 477 21
378 379 60
378 478 99
379 380 97
379 479 95
380 381 66
380 480 4
381 382 51
381 481 82
382 383 84
382 482 28
383 384 95
383 483 93
384 385 35
384 484 46
385 386 41
385 485 15
386 387 80
386 486 69
387 388 16
387 487 2
388 389 67
388 488 59
389 390 10
389 489 3
390 391 38
390 490 42
391 392 19
391 491 32
392 393 61
392 492 27
393 394 85
393 493 87
394 395 100
394 494 6
395 396 86
395 495 67
396 397 49
396 496 13
397 398 59
397 497 9
398 399 32
398 498 62
399 499 61
400 401 84
400 500 77
401 402 80
401 501 14
402 403 74
402 502 50
403 404 14
403 503 1
404 405 23
404 504 66
405 406 78
405 505 16
406 407 93
406 506 74
407 408 77
407 507 96
408 409 5
408 508 70
409 410 96
409 509 43
410 411 40
410 510 33
411 412 53
411 511 1
412 413 98
412 512 10
413 414 56
413 513 60
414 415 42
414 514 18
415 416 44
415 515 27
416 417 44
416 516 72
417 418 46
417 517 5
418 419 71
418 518 70
419 420 56
419 519 40
420 421 22
420 520 63
421 422 79
421 521 93
422 423 52
422 522 79
423 424 83
423 523 95
424 425 57
424 524 27
425 426 8
425 525 53
426 427 33
426 526 70
427 428 99
427 527 52
428 429 42
428 528 35
429 430 59
429 529 82
430 431 6
430 530 90
431 432 2
431 531 29
432 433 73
432 532 78
433 434 16
433 533 11
434 435 37
434 534 98
435 436 34
435 535 48
436 437 31
436 536 53
437 438 25
437 537 18
438 439 19
438 538 15
439 440 26
439 539 61
440 441 60
440 540 89
441 442 30
441 541 80
442 443 26
442 542 4
443 444 51
443 543 30
444 445 13
444 544 39
445 446 70
445 545 50
446 447 67
446 546 28
447 448 15
447 547 83
448 449 7
448 548 78
449 450 27
449 549 88
450 451 57
450 550 92
451 452 41
451 551 17
452 453 46
452 552 89
453 454 77
453 553 98
454 455 28
454 554 19
455 456 99
455 555 60
456 457 82
456 556 94
457 458 59
457 557 27
458 459 90
458 558 32
459 460 82
459 559 4
460 461 5
460 560 31
461 462 95
461 561 24
462 463 13
462 562 79
463 464 73
463 563 41
464 465 58
464 564 18
465 466 34
465 565 43
466 467 30
466 566 33
467 468 21
467 567 56
468 469 7
468 568 42
469 470 62
469 569 6
470 471 75
470 570 99
471 472 6
471 571 94
472 473 52
472 572 10
473 474 26
473 573 31
474 475 58
474 574 12
475 476 75
475 575 44
476 477 80
476 576 94
477 478 96
477 577 100
478 479 79
478 578 1
479 480 82
479 579 43
480 481 35
480 580 42
481 482 2
481 581 33
482 483 33
482 582 45
483 484 10
483 583 67
484 485 26
484 584 48
485 486 16
485 585 22
486 487 41
486 586 23
487 488 74
487 587 30
488 489 48
488 588 52
489 490 7
489 589 76
490 491 77
490 590 61
491 492 12
491 591 92
492 493 92
492 592 33
493 494 92
493 593 73
494 495 90
494 594 96
495 496 95
495 595 2
496 497 84
496 596 82
497 498 73
497 597 62
498 499 42
498 598 24
499 599 27
500 501 84
500 600 91
501 502 68
501 601 47
502 503 18
502 602 33
503 504 59
503 603 88
504 505 64
504 604 55
505 506 52
505 605 86
506 507 70
506 606 40
507 508 91
507 607 31
508 509 70
508 608 32
509 510 31
509 609 28
510 511 75
510 610 89
511 512 61
511 611 3
512 513 76
512 612 90
513 514 35
513 613 41
514 515 17
514 614 20
515 516 2
515 615 49
516 517 62
516 616 18
517 518 45
517 617 72
518 519 13
518 618 36
519 520 11
519 619 56
520 521 80
520 620 54
521 522 7
521 621 71
522 523 68
522 622 2
523 524 22
523 623 17
524 525 16
524 624 100
525 526 32
525 625 47
526 527 88
526 626 57
527 528 57
527 627 32
528 529 15
528 628 86
529 530 49
529 629 61
530 531 79
530 630 19
531 532 95
531 631 100
532 533 49
532 632 100
533 534 72
533 633 21
534 535 23
534 634 98
535 536 90
535 635 86
536 537 19
536 636 7
537 538 100
537 637 15
538 539 39
538 638 4
539 540 13
539 639 90
540 541 97
540 640 7
541 542 85
541 641 77
542 543 6
542 642 29
543 544 14
543 643 68
544 545 50
544 644 2
545 546 42
545 645 46
546 547 100
546 646 84
547 548 99
547 647 100
548 549 61
548 648 67
549 550 8
549 649 25
550 551 34
550 650 22
551 552 98
551 651 66
552 553 75
552 652 95
553 554 31
553 653 89
554 555 62
554 654 81
555 556 30
555 655 90
556 557 98
556 656 3
557 558 5
557 657 70
558 559 34
558 658 38
559 560 9
559 659 72
560 561 5
560 660 60
561 562 96
561 661 58
562 563 63
562 662 23
563 564 61
563 663 1
564 565 82
564 664 76
565 566 61
565 665 49
566 567 44
566 666 21
567 568 77
567 667 31
568 569 50
568 668 95
569 570 17
569 669 14
570 571 50
570 670 38
571 572 36
571 671 92
572 573 89
572 672 27
573 574 9
573 673 66
574 575 43
574 674 35
575 576 94
575 675 88
576 577 69
576 676 74
577 578 7
577 677 91
578 579 57
578 678 39
579 580 55
579 679 22
580 581 65
580 680 56
581 582 100
581 681 43
582 583 14
582 682 50
583 584 93
583 683 46
584 585 59
584 684 53
585 586 21
585 685 76
586 587 35
586 686 10
587 588 90
587 687 54
588 589 72
588 688 87
589 590 48
589 689 90
590 591 2
590 690 45
591 592 85
591 691 23
592 593 8
592 692 69
593 594 82
593 693 97
594 595 90
594 694 25
595 596 31
595 695 68
596 597 64
596 696 1
597 598 52
597 697 10
598 599 19
598 698 5
599 699 72
600 601 75
600 700 14
601 602 3
601 701 44
602 603 77
602 702 61
603 604 26
603 703 14
604 605 82
604 704 53
605 606 75
605 705 30
606 607 89
606 706 19
607 608 47
607 707 53
608 609 91
608 708 8
609 610 6
609 709 37
610 611 38
610 710 57
611 612 60
611 711 55
612 613 63
612 712 21
613 614 72
613 713 78
614 615 94
614 714 52
615 616 84
615 715 11
616 617 58
616 716 75
617 618 39
617 717 13
618 619 65
618 718 95
619 620 66
619 719 30
620 621 49
620 720 90
621 622 39
621 721 88
622 623 52
622 722 61
623 624 86
623 723 36
624 625 66
624 724 63
625 626 92
625 725 81
626 627 52
626 726 7
627 628 32
627 727 57
628 629 47
628 728 71
629 630 6
629 729 65
630 631 64
630 730 45
631 632 12
631 731 78
632 633 42
632 732 26
633 634 19
633 733 45
634 635 18
634 734 89
635 636 33
635 735 27
636 637 26
636 736 78
637 638 3
637 737 41
638 639 66
638 738 29
639 640 22
639 739 29
640 641 89
640 740 27
641 642 90
641 741 17
642 643 90
642 742 8
643 644 55
643 743 82
644 645 51
644 744 10
645 646 41
645 745 69
646 647 70
646 746 29
647 648 96
647 747 41
648 649 97
648 748 24
649 650 74
649 749 66
650 651 46
650 750 21
651 652 51
651 751 61
652 653 62
652 752 41
653 654 98
653 753 38
654 655 47
654 754 15
655 656 86
655 755 19
656 657 15
656 756 79
657 658 94
657 757 74
658 659 9
658 758 11
659 660 18
659 759 66
660 661 32
660 760 78
661 662 11
661 761 19
662 663 87
662 762 21
663 664 37
663 763 64
664 665 5
664 764 12
665 666 59
665 765 79
666 667 84
666 766 77
667 668 77
667 767 16
668 669 74
668 768 79
669 670 86
669 769 46
670 671 27
670 770 62
671 672 6
671 771 47
672 673 90
672 772 79
673 674 2
673 773 95
674 675 36
674 774 21
675 676 64
675 775 73
676 677 38
676 776 68
677 678 2
677 777 6
678 679 8
678 778 41
679 680 66
679 779 83
680 681 19
680 780 5
681 682 4
681 781 65
682 683 36
682 782 66
683 684 11
683 783 52
684 685 91
684 784 69
685 686 83
685 785 89
686 687 46
686 786 15
687 688 12
687 787 94
688 689 60
688 788 60
689 690 4
689 789 72
690 691 99
690 790 93
691 692 19
691 791 39
692 693 29
692 792 30
693 694 68
693 793 11
694 695 91
694 794 64
695 696 32
695 795 30
696 697 10
696 796 17
697 698 99
697 797 23
698 699 47
698 798 27
699 799 44
700 701 29
700 800 60
701 702 62
701 801 47
702 703 72
702 802 57
703 704 10
703 803 73
704 705 18
704 804 42
705 706 52
705 805 75
706 707 74
706 806 78
707 708 25
707 807 43
708 709 88
708 808 73
709 710 54
709 809 19
710 711 37
710 810 91
711 712 43
711 811 42
712 713 52
712 812 28
713 714 63
713 813 46
714 715 78
714 814 84
715 716 13
715 815 68
716 717 3
716 816 48
717 718 77
717 817 59
718 719 39
718 818 95
719 720 54
719 819 67
720 721 44
720 820 48
721 722 85
721 821 22
722 723 33
722 822 53
723 724 35
723 823 85
724 725 56
724 824 65
725 726 71
725 825 69
726 727 96
726 826 92
727 728 26
727 827 70
728 729 79
728 828 83
729 730 40
729 829 28
730 731 60
730 830 15
731 732 36
731 831 29
732 733 41
732 832 22
733 734 32
733 833 47
734 735 84
734 834 93
735 736 68
735 835 74
736 737 76
736 836 29
737 738 42
737 837 7
738 739 63
738 838 49
739 740 55
739 839 96
740 741 34
740 840 62
741 742 1
741 841 45
742 743 73
742 842 2
743 744 92
743 843 28
744 745 81
744 844 76
745 746 34
745 845 97
746 747 20
746 846 16
747 748 7
747 847 16
748 749 89
748 848 47
749 750 22
749 849 39
750 751 57
750 850 25
751 752 48
751 851 53
752 753 50
752 852 39
753 754 15
753 853 53
754 755 98
754 854 61
755 756 22
755 855 61
756 757 12
756 856 28
757 758 40
757 857 18
758 759 35
758 858 14
759 760 78
759 859 25
760 761 72
760 860 23
761 762 71
761 861 97
762 763 83
762 862 40
763 764 63
763 863 80
764 765 73
764 864 91
765 766 100
765 865 27
766 767 38
766 866 41
767 768 81
767 867 49
768 769 94
768 868 84
769 770 32
769 869 20
770 771 2
770 870 78
771 772 100
771 871 88
772 773 4
772 872 67
773 774 92
773 873 42
774 775 79
774 874 99
775 776 28
775 875 65
776 777 2
776 876 31
777 778 29
777 877 35
778 779 40
778 878 26
779 780 84
779 879 62
780 781 71
780 880 85
781 782 28
781 881 83
782 783 86
782 882 81
783 784 56
783 883 77
784 785 71
784 884 25
785 786 41
785 885 100
786 787 98
786 886 94
787 788 29
787 887 56
788 789 27
788 888 2
789 790 30
789 889 12
790 791 44
790 890 14
791 792 21
791 891 83
792 793 16
792 892 81
793 794 86
793 893 1
794 795 64
794 894 43
795 796 85
795 895 57
796 797 29
796 896 87
797 798 8
797 897 28
798 799 1
798 898 63
799 899 13
800 801 46
800 900 43
801 802 54
801 901 87
802 803 93
802 902 82
803 804 63
803 903 4
804 805 33
804 904 90
805 806 99
805 905 56
806 807 28
806 906 55
807 808 37
807 907 94
808 809 35
808 908 74
809 810 50
809 909 65
810 811 18
810 910 74
811 812 41
811 911 71
812 813 50
812 912 16
813 814 7
813 913 26
814 815 28
814 914 96
815 816 93
815 915 39
816 817 43
816 916 65
817 818 62
817 917 24
818 819 22
818 918 50
819 820 41
819 919 57
820 821 44
820 920 99
821 822 80
821 921 48
822 823 85
822 922 15
823 824 70
823 923 79
824 825 78
824 924 96
825 826 43
825 925 75
826 827 58
826 926 22
827 828 54
827 927 90
828 829 12
828 928 52
829 830 26
829 929 100
830 831 48
830 930 94
831 832 6
831 931 7
832 833 17
832 932 80
833 834 94
833 933 6
834 835 29
834 934 52
835 836 22
835 935 46
836 837 57
836 936 83
837 838 86
837 937 57
838 839 69
838 938 36
839 840 68
839 939 79
840 841 32
840 940 86
841 842 67
841 941 54
842 843 49
842 942 89
843 844 73
843 943 9
844 845 93
844 944 69
845 846 4
845 945 33
846 847 93
846 946 39
847 848 38
847 947 53
848 849 35
848 948 29
849 850 2
849 949 20
850 851 53
850 950 53
851 852 60
851 951 33
852 853 23
852 952 26
853 854 28
853 953 11
854 855 71
854 954 51
855 856 88
855 955 79
856 857 40
856 956 52
857 858 69
857 957 51
858 859 59
858 958 74
859 860 27
859 959 57
860 861 13
860 960 31
861 862 92
861 961 49
862 863 1
862 962 28
863 864 58
863 963 100
864 865 10
864 964 49
865 866 66
865 965 90
866 867 38
866 966 59
867 868 42
867 967 19
868 869 95
868 968 64
869 870 40
869 969 14
870 871 7
870 970 55
871 872 53
871 971 26
872 873 79
872 972 22
873 874 48
873 973 63
874 875 4
874 974 70
875 876 30
875 975 61
876 877 57
876 976 2
877 878 59
877 977 65
878 879 97
878 978 45
879 880 41
879 979 81
880 881 82
880 980 98
881 882 14
881 981 81
882 883 32
882 982 5
883 884 40
883 983 27
884 885 32
884 984 40
885 886 68
885 985 75
886 887 21
886 986 16
887 888 55
887 987 46
888 889 52
888 988 7
889 890 5
889 989 5
890 891 76
890 990 28
891 892 28
891 991 23
892 893 4
892 992 74
893 894 74
893 993 27
894 895 46
894 994 28
895 896 23
895 995 43
896 897 38
896 996 25
897 898 37
897 997 19
898 899 64
898 998 28
899 999 55
900 901 30
900 1000 83
901 902 88
901 1001 53
902 903 76
902 1002 73
903 904 75
903 1003 66
904 905 92
904 1004 76
905 906 69
905 1005 52
906 907 93
906 1006 83
907 908 92
907 1007 85
908 909 65
908 1008 23
909 910 74
909 1009 30
910 911 93
910 1010 98
911 912 95
911 1011 1
912 913 52
912 1012 66
913 914 14
913 1013 80
914 915 66
914 1014 48
915 916 59
915 1015 18
916 917 32
916 1016 31
917 918 11
917 1017 19
918 919 99
918 1018 31
919 920 27
919 1019 23
920 921 83
920 1020 66
921 922 94
921 1021 4
922 923 3
922 1022 77
923 924 47
923 1023 91
924 925 43
924 1024 6
925 926 52
925 1025 54
926 927 14
926 1026 7
927 928 42
927 1027 93
928 929 93
928 1028 39
929 930 1
929 1029 19
930 931 4
930 1030 37
931 932 35
931 1031 57
932 933 52
932 1032 85
933 934 88
933 1033 85
934 935 59
934 1034 83
935 936 69
935 1035 93
936 937 89
936 1036 3
937 938 72
937 1037 54
938 939 99
938 1038 39
939 940 68
939 1039 8
940 941 70
940 1040 48
941 942 42
941 1041 92
942 943 78
942 1042 19
943 944 92
943 1043 21
944 945 57
944 1044 65
945 946 41
945 1045 90
946 947 71
946 1046 39
947 948 38
947 1047 25
948 949 51
948 1048 48
949 950 36
949 1049 52
950 951 64
950 1050 49
951 952 88
951 1051 92
952 953 95
952 1052 54
953 954 5
953 1053 55
954 955 42
954 1054 79
955 956 36
955 1055 87
956 957 34
956 1056 90
957 958 46
957 1057 26
958 959 1
958 1058 96
959 960 37
959 1059 37
960 961 18
960 1060 83
961 962 52
961 1061 41
962 963 30
962 1062 90
963 964 3
963 1063 8
964 965 5
964 1064 93
965 966 44
965 1065 93
966 967 42
966 1066 37
967 968 73
967 1067 60
968 969 57
968 1068 76
969 970 18
969 1069 93
970 971 98
970 1070 74
971 972 62
971 1071 65
972 973 7
972 1072 43
973 974 46
973 1073 74
974 975 15
974 1074 69
975 976 66
975 1075 63
976 977 73
976 1076 82
977 978 29
977 1077 31
978 979 5
978 1078 78
979 980 56
979 1079 28
980 981 98
980 1080 87
981 982 46
981 1081 21
982 983 57
982 1082 23
983 984 11
983 1083 14
984 985 6
984 1084 24
985 986 75
985 1085 76
986 987 41
986 1086 20
987 988 22
987 1087 84
988 989 96
988 1088 19
989 990 3
989 1089 16
990 991 68
990 1090 97
991 992 38
991 1091 57
992 993 1
992 1092 53
993 994 51
993 1093 57
994 995 29
994 1094 36
995 996 9
995 1095 37
996 997 33
996 1096 99
997 998 3
997 1097 87
998 999 34
998 1098 39
999 1099 2
1000 1001 9
1000 1100 34
1001 1002 35
1001 1101 56
1002 1003 62
1002 1102 66
1003 1004 41
1003 1103 57
1004 1005 14
1004 1104 10
1005 1006 68
1005 1105 5
1006 1007 66
1006 1106 77
1007 1008 90
1007 1107 2
1008 1009 54
1008 1108 75
1009 1010 61
1009 1109 76
1010 1011 35
1010 1110 96
1011 1012 86
1011 1111 54
1012 1013 45
1012 1112 18
1013 1014 97
1013 1113 47
1014 1015 21
1014 1114 56
1015 1016 25
1015 1115 67
1016 1017 49
1016 1116 99
1017 1018 17
1017 1117 81
1018 1019 81
1018 1118 21
1019 1020 42
1019 1119 14
1020 1021 15
1020 1120 36
1021 1022 91
1021 1121 72
1022 1023 6
1022 1122 17
1023 1024 15
1023 1123 93
1024 1025 7
1024 1124 75
1025 1026 17
1025 1125 6
1026 1027 48
1026 1126 16
1027 1028 45
1027 1127 96
1028 1029 54
1028 1128 47
1029 1030 20
1029 1129 30
1030 1031 29
1030 1130 2
1031 1032 62
1031 1131 73
1032 1033 43
1032 1132 71
1033 1034 77
1033 1133 66
1034 1035 30
1034 1134 66
1035 1036 57
1035 1135 86
1036 1037 1
1036 1136 99
1037 1038 35
1037 1137 68
1038 1039 73
1038 1138 36
1039 1040 15
1039 1139 91
1040 1041 55
1040 1140 77
1041 1042 50
1041 1141 86
1042 1043 54
1042 1142 96
1043 1044 86
1043 1143 99
1044 1045 15
1044 1144 62
1045 1046 52
1045 1145 56
1046 1047 57
1046 1146 94
1047 1048 84
1047 1147 93
1048 1049 2
1048 1148 7
1049 1050 39
1049 1149 38
1050 1051 41
1050 1150 6
1051 1052 47
1051 1151 60
1052 1053 42
1052 1152 35
1053 1054 49
1053 1153 37
1054 1055 47
1054 1154 10
1055 1056 36
1055 1155 45
1056 1057 18
1056 1156 56
1057 1058 99
1057 1157 44
1058 1059 3
1058 1158 16
1059 1060 3
1059 1159 9
1060 1061 37
1060 1160 43
1061 1062 74
1061 1161 53
1062 1063 29
1062 1162 4
1063 1064 48
1063 1163 46
1064 1065 82
1064 1164 2
1065 1066 8
1065 1165 91
1066 1067 17
1066 1166 79
1067 1068 33
1067 1167 33
1068 1069 17
1068 1168 40
1069 1070 24
1069 1169 34
1070 1071 12
1070 1170 43
1071 1072 33
1071 1171 22
1072 1073 48
1072 1172 9
1073 1074 85
1073 1173 56
1074 1075 80
1074 1174 64
1075 1076 53
1075 1175 49
1076 1077 39
1076 1176 28
1077 1078 50
1077 1177 80
1078 1079 23
1078 1178 78
1079 1080 78
1079 1179 56
1080 1081 96
1080 1180 77
1081 1082 28
1081 1181 23
1082 1083 68
1082 1182 43
1083 1084 37
1083 1183 79
1084 1085 62
1084 1184 69
1085 1086 53
1085 1185 61
1086 1087 3
1086 1186 43
1087 1088 6
1087 1187 15
1088 1089 37
1088 1188 95
1089 1090 67
1089 1189 42
1090 1091 49
1090 1190 36
1091 1092 25
1091 1191 36
1092 1093 25
1092 1192 74
1093 1094 47
1093 1193 79
1094 1095 13
1094 1194 85
1095 1096 7
1095 1195 16
1096 1097 38
1096 1196 44
1097 1098 18
1097 1197 44
1098 1099 80
1098 1198 1
1099 1199 61
1100 1101 37
1100 1200 54
1101 1102 47
1101 1201 63
1102 1103 88
1102 1202 78
1103 1104 67
1103 1203 14
1104 1105 63
1104 1204 86
1105 1106 99
1105 1205 30
1106 1107 98
1106 1206 1
1107 1108 92
1107 1207 93
1108 1109 72
1108 1208 75
1109 1110 8
1109 1209 10
1110 1111 12
1110 1210 48
1111 1112 66
1111 1211 1
1112 1113 41
1112 1212 38
1113 1114 98
1113 1213 75
1114 1115 48
1114 1214 62
1115 1116 77
1115 1215 11
1116 1117 100
1116 1216 100
1117 1118 5
1117 1217 72
1118 1119 5
1118 1218 31
1119 1120 9
1119 1219 7
1120 1121 2
1120 1220 38
1121 1122 97
1121 1221 33
1122 1123 64
1122 1222 98
1123 1124 21
1123 1223 19
1124 1125 60
1124 1224 62
1125 1126 20
1125 1225 94
1126 1127 28
1126 1226 36
1127 1128 4
1127 1227 26
1128 1129 40
1128 1228 36
1129 1130 49
1129 1229 42
1130 1131 60
1130 1230 14
1131 1132 43
1131 1231 25
1132 1133 15
1132 1232 72
1133 1134 60
1133 1233 68
1134 1135 38
1134 1234 70
1135 1136 47
1135 1235 4
1136 1137 21
1136 1236 54
1137 1138 16
1137 1237 29
1138 1139 11
1138 1238 38
1139 1140 62
1139 1239 61
1140 1141 85
1140 1240 4
1141 1142 63
1141 1241 8
1142 1143 92
1142 1242 5
1143 1144 63
1143 1243 68
1144 1145 88
1144 1244 22
1145 1146 26
1145 1245 100
1146 1147 4
1146 1246 67
1147 1148 35
1147 1247 77
1148 1149 11
1148 1248 71
1149 1150 68
1149 1249 20
1150 1151 52
1150 1250 9
1151 1152 84
1151 1251 17
1152 1153 39
1152 1252 29
1153 1154 37
1153 1253 62
1154 1155 29
1154 1254 66
1155 1156 87
1155 1255 41
1156 1157 82
1156 1256 28
1157 1158 49
1157 1257 75
1158 1159 18
1158 1258 27
1159 1160 43
1159 1259 4
1160 1161 1
1160 1260 18
1161 1162 68
1161 1261 64
1162 1163 28
1162 1262 66
1163 1164 66
1163 1263 57
1164 1165 98
1164 1264 56
1165 1166 36
1165 1265 96
1166 1167 75
1166 1266 38
1167 1168 60
1167 1267 86
1168 1169 97
1168 1268 83
1169 1170 32
1169 1269 87
1170 1171 76
1170 1270 25
1171 1172 48
1171 1271 18
1172 1173 8
1172 1272 99
1173 1174 93
1173 1273 44
1174 1175 27
1174 1274 65
1175 1176 32
1175 1275 15
1176 1177 60
1176 1276 55
1177 1178 41
1177 1277 11
1178 1179 20
1178 1278 95
1179 1180 39
1179 1279 68
1180 1181 79
1180 1280 63
1181 1182 93
1181 1281 27
1182 1183 43
1182 1282 90
1183 1184 80
1183 1283 59
1184 1185 22
1184 1284 40
1185 1186 8
1185 1285 96
1186 1187 26
1186 1286 89
1187 1188 17
1187 1287 79
1188 1189 2
1188 1288 63
1189 1190 68
1189 1289 30
1190 1191 67
1190 1290 40
1191 1192 6
1191 1291 83
1192 1193 52
1192 1292 93
1193 1194 85
1193 1293 64
1194 1195 72
1194 1294 66
1195 1196 1
1195 1295 77
1196 1197 71
1196 1296 52
1197 1198 87
1197 1297 17
1198 1199 36
1198 1298 29
1199 1299 46
1200 1201 36
1200 1300 90
1201 1202 92
1201 1301 34
1202 1203 34
1202 1302 45
1203 1204 84
1203 1303 2
1204 1205 26
1204 1304 13
1205 1206 63
1205 1305 34
1206 1207 94
1206 1306 30
1207 1208 4
1207 1307 6
1208 1209 34
1208 1308 2
1209 1210 49
1209 1309 2
1210 1211 100
1210 1310 76
1211 1212 3
1211 1311 54
1212 1213 78
1212 1312 77
1213 1214 24
1213 1313 18
1214 1215 55
1214 1314 26
1215 1216 11
1215 1315 92
1216 1217 37
1216 1316 38
1217 1218 52
1217 1317 66
1218 1219 45
1218 1318 94
1219 1220 7
1219 1319 12
1220 1221 74
1220 1320 51
1221 1222 7
1221 1321 98
1222 1223 47
1222 1322 64
1223 1224 8
1223 1323 67
1224 1225 7
1224 1324 13
1225 1226 66
1225 1325 54
1226 1227 78
1226 1326 43
1227 1228 13
1227 1327 49
1228 1229 74
1228 1328 86
1229 1230 74
1229 1329 57
1230 1231 33
1230 1330 49
1231 1232 52
1231 1331 57
1232 1233 62
1232 1332 53
1233 1234 35
1233 1333 11
1234 1235 84
1234 1334 69
1235 1236 14
1235 1335 30
1236 1237 70
1236 1336 59
1237 1238 28
1237 1337 97
1238 1239 14
1238 1338 8
1239 1240 62
1239 1339 24
1240 1241 29
1240 1340 74
1241 1242 72
1241 1341 69
1242 1243 23
1242 1342 31
1243 1244 38
1243 1343 35
1244 1245 16
1244 1344 17
1245 1246 14
1245 1345 68
1246 1247 90
1246 1346 20
1247 1248 51
1247 1347 32
1248 1249 64
1248 1348 16
1249 1250 18
1249 1349 94
1250 1251 32
1250 1350 22
1251 1252 69
1251 1351 55
1252 1253 96
1252 1352 62
1253 1254 64
1253 1353 54
1254 1255 58
1254 1354 40
1255 1256 80
1255 1355 75
1256 1257 74
1256 1356 91
1257 1258 100
1257 1357 53
1258 1259 39
1258 1358 94
1259 1260 19
1259 1359 46
1260 1261 54
1260 1360 82
1261 1262 44
1261 1361 37
1262 1263 79
1262 1362 57
1263 1264 61
1263 1363 100
1264 1265 45
1264 1364 30
1265 1266 7
1265 1365 3
1266 1267 72
1266 1366 17
1267 1268 51
1267 1367 41
1268 1269 99
1268 1368 78
1269 1270 66
1269 1369 2
1270 1271 64
1270 1370 82
1271 1272 35
1271 1371 72
1272 1273 97
1272 1372 55
1273 1274 1
1273 1373 48
1274 1275 28
1274 1374 18
1275 1276 47
1275 1375 48
1276 1277 55
1276 1376 6
1277 1278 69
1277 1377 18
1278 1279 27
1278 1378 91
1279 1280 30
1279 1379 62
1280 1281 6
1280 1380 92
1281 1282 60
1281 1381 85
1282 1283 57
1282 1382 58
1283 1284 37
1283 1383 52
1284 1285 75
1284 1384 27
1285 1286 59
1285 1385 97
1286 1287 32
1286 1386 20
1287 1288 94
1287 1387 93
1288 1289 29
1288 1388 95
1289 1290 91
1289 1389 58
1290 1291 49
1290 1390 93
1291 1292 85
1291 1391 67
1292 1293 79
1292 1392 16
1293 1294 80
1293 1393 47
1294 1295 75
1294 1394 41
1295 1296 89
1295 1395 7
1296 1297 35
1296 1396 48
1297 1298 69
1297 1397 45
1298 1299 94
1298 1398 65
1299 1399 31
1300 1301 18
1300 1400 4
1301 1302 20
1301 1401 17
1302 1303 39
1302 1402 37
1303 1304 48
1303 1403 63
1304 1305 39
1304 1404 100
1305 1306 89
1305 1405 62
1306 1307 77
1306 1406 56
1307 1308 48
1307 1407 4
1308 1309 29
1308 1408 10
1309 1310 16
1309 1409 81
1310 1311 58
1310 1410 46
1311 1312 84
1311 1411 4
1312 1313 84
1312 1412 56
1313 1314 17
1313 1413 8
1314 1315 71
1314 1414 72
1315 1316 21
1315 1415 65
1316 1317 12
1316 1416 54
1317 1318 29
1317 1417 75
1318 1319 35
1318 1418 95
1319 1320 7
1319 1419 44
1320 1321 23
1320 1420 45
1321 1322 33
1321 1421 87
1322 1323 14
1322 1422 46
1323 1324 63
1323 1423 17
1324 1325 29
1324 1424 68
1325 1326 11
1325 1425 21
1326 1327 5
1326 1426 37
1327 1328 28
1327 1427 13
1328 1329 67
1328 1428 82
1329 1330 64
1329 1429 31
1330 1331 6
1330 1430 66
1331 1332 52
1331 1431 70
1332 1333 27
1332 1432 84
1333 1334 15
1333 1433 21
1334 1335 18
1334 1434 47
1335 1336 17
1335 1435 34
1336 1337 44
1336 1436 16
1337 1338 58
1337 1437 9
1338 1339 92
1338 1438 42
1339 1340 30
1339 1439 24
1340 1341 8
1340 1440 21
1341 1342 53
1341 1441 35
1342 1343 72
1342 1442 75
1343 1344 81
1343 1443 13
1344 1345 54
1344 1444 51
1345 1346 8
1345 1445 93
1346 1347 27
1346 1446 65
1347 1348 44
1347 1447 31
1348 1349 62
1348 1448 8
1349 1350 89
1349 1449 43
1350 1351 55
1350 1450 97
1351 1352 23
1351 1451 21
1352 1353 14
1352 1452 68
1353 1354 56
1353 1453 92
1354 1355 81
1354 1454 12
1355 1356 73
1355 1455 25
1356 1357 72
1356 1456 53
1357 1358 21
1357 1457 71
1358 1359 16
1358 1458 61
1359 1360 79
1359 1459 100
1360 1361 16
1360 1460 52
1361 1362 38
1361 1461 6
1362 1363 50
1362 1462 84
1363 1364 87
1363 1463 52
1364 1365 69
1364 1464 65
1365 1366 47
1365 1465 62
1366 1367 19
1366 1466 4
1367 1368 14
1367 1467 57
1368 1369 57
1368 1468 43
1369 1370 64
1369 1469 20
1370 1371 50
1370 1470 97
1371 1372 92
1371 1471 75
1372 1373 62
1372 1472 52
1373 1374 99
1373 1473 53
1374 1375 89
1374 1474 27
1375 1376 6
1375 1475 13
1376 1377 10
1376 1476 54
1377 1378 88
1377 1477 43
1378 1379 38
1378 1478 60
1379 1380 59
1379 1479 33
1380 1381 8
1380 1480 7
1381 1382 18
1381 1481 49
1382 1383 46
1382 1482 65
1383 1384 57
1383 1483 53
1384 1385 21
1384 1484 44
1385 1386 33
1385 1485 74
1386 1387 31
1386 1486 5
1387 1388 63
1387 1487 59
1388 1389 19
1388 1488 78
1389 1390 83
1389 1489 10
1390 1391 11
1390 1490 15
1391 1392 78
1391 1491 49
1392 1393 82
1392 1492 31
1393 1394 5
1393 1493 59
1394 1395 48
1394 1494 21
1395 1396 81
1395 1495 98
1396 1397 63
1396 1496 78
1397 1398 45
1397 1497 93
1398 1399 3
1398 1498 15
1399 1499 31
1400 1401 90
1400 1500 50
1401 1402 79
1401 1501 28
1402 1403 77
1402 1502 15
1403 1404 31
1403 1503 81
1404 1405 29
1404 1504 34
1405 1406 95
1405 1505 70
1406 1407 81
1406 1506 25
1407 1408 96
1407 1507 7
1408 1409 60
1408 1508 41
1409 1410 57
1409 1509 46
1410 1411 6
1410 1510 23
1411 1412 34
1411 1511 65
1412 1413 6
1412 1512 66
1413 1414 67
1413 1513 33
1414 1415 100
1414 1514 99
1415 1416 83
1415 1515 36
1416 1417 92
1416 1516 81
1417 1418 36
1417 1517 59
1418 1419 26
1418 1518 27
1419 1420 40
1419 1519 52
1420 1421 41
1420 1520 7
1421 1422 19
1421 1521 28
1422 1423 66
1422 1522 80
1423 1424 40
1423 1523 88
1424 1425 82
1424 1524 12
1425 1426 22
1425 1525 78
1426 1427 85
1426 1526 76
1427 1428 95
1427 1527 83
1428 1429 62
1428 1528 74
1429 1430 4
1429 1529 25
1430 1431 96
1430 1530 46
1431 1432 24
1431 1531 55
1432 1433 83
1432 1532 49
1433 1434 91
1433 1533 37
1434 1435 71
1434 1534 50
1435 1436 59
1435 1535 66
1436 1437 35
1436 1536 6
1437 1438 50
1437 1537 72
1438 1439 38
1438 1538 64
1439 1440 76
1439 1539 31
1440 1441 51
1440 1540 6
1441 1442 40
1441 1541 10
1442 1443 22
1442 1542 23
1443 1444 81
1443 1543 35
1444 1445 38
1444 1544 58
1445 1446 34
1445 1545 42
1446 1447 4
1446 1546 72
1447 1448 31
1447 1547 2
1448 1449 55
1448 1548 54
1449 1450 16
1449 1549 8
1450 1451 50
1450 1550 46
1451 1452 53
1451 1551 32
1452 1453 26
1452 1552 7
1453 1454 56
1453 1553 98
1454 1455 96
1454 1554 20
1455 1456 67
1455 1555 26
1456 1457 38
1456 1556 43
1457 1458 65
1457 1557 85
1458 1459 95
1458 1558 92
1459 1460 52
1459 1559 33
1460 1461 74
1460 1560 18
1461 1462 77
1461 1561 59
1462 1463 29
1462 1562 80
1463 1464 55
1463 1563 47
1464 1465 39
1464 1564 4
1465 1466 71
1465 1565 20
1466 1467 6
1466 1566 88
1467 1468 1
1467 1567 51
1468 1469 91
1468 1568 87
1469 1470 49
1469 1569 30
1470 1471 80
1470 1570 85
1471 1472 17
1471 1571 39
1472 1473 33
1472 1572 71
1473 1474 51
1473 1573 31
1474 1475 24
1474 1574 50
1475 1476 59
1475 1575 17
1476 1477 14
1476 1576 14
1477 1478 13
1477 1577 84
1478 1479 66
1478 1578 2
1479 1480 85
1479 1579 95
1480 1481 88
1480 1580 15
1481 1482 72
1481 1581 73
1482 1483 60
1482 1582 11
1483 1484 56
1483 1583 21
1484 1485 50
1484 1584 24
1485 1486 65
1485 1585 25
1486 1487 82
1486 1586 46
1487 1488 95
1487 1587 84
1488 1489 41
1488 1588 46
1489 1490 68
1489 1589 97
1490 1491 63
1490 1590 54
1491 1492 58
1491 1591 22
1492 1493 29
1492 1592 62
1493 1494 62
1493 1593 42
1494 1495 19
1494 1594 32
1495 1496 76
1495 1595 43
1496 1497 74
1496 1596 23
1497 1498 35
1497 1597 32
1498 1499 39
1498 1598 93
1499 1599 6
1500 1501 11
1500 1600 55
1501 1502 76
1501 1601 17
1502 1503 39
1502 1602 31
1503 1504 1
1503 1603 29
1504 1505 58
1504 1604 29
1505 1506 1
1505 1605 78
1506 1507 86
1506 1606 26
1507 1508 55
1507 1607 31
1508 1509 10
1508 1608 100
1509 1510 86
1509 1609 33
1510 1511 36
1510 1610 36
1511 1512 48
1511 1611 25
1512 1513 73
1512 1612 100
1513 1514 77
1513 1613 12
1514 1515 93
1514 1614 27
1515 1516 15
1515 1615 70
1516 1517 61
1516 1616 77
1517 1518 62
1517 1617 75
1518 1519 47
1518 1618 94
1519 1520 75
1519 1619 38
1520 1521 81
1520 1620 84
1521 1522 30
1521 1621 96
1522 1523 59
1522 1622 84
1523 1524 34
1523 1623 55
1524 1525 31
1524 1624 43
1525 1526 71
1525 1625 76
1526 1527 82
1526 1626 70
1527 1528 6
1527 1627 8
1528 1529 6
1528 1628 4
1529 1530 19
1529 1629 56
1530 1531 94
1530 1630 96
1531 1532 8
1531 1631 40
1532 1533 79
1532 1632 42
1533 1534 2
1533 1633 64
1534 1535 45
1534 1634 67
1535 1536 19
1535 1635 19
1536 1537 13
1536 1636 21
1537 1538 75
1537 1637 13
1538 1539 27
1538 1638 10
1539 1540 51
1539 1639 85
1540 1541 34
1540 1640 22
1541 1542 87
1541 1641 36
1542 1543 77
1542 1642 84
1543 1544 24
1543 1643 72
1544 1545 54
1544 1644 40
1545 1546 11
1545 1645 45
1546 1547 58
1546 1646 3
1547 1548 73
1547 1647 13
1548 1549 96
1548 1648 64
1549 1550 32
1549 1649 29
1550 1551 86
1550 1650 51
1551 1552 47
1551 1651 23
1552 1553 14
1552 1652 13
1553 1554 55
1553 1653 79
1554 1555 22
1554 1654 47
1555 1556 62
1555 1655 30
1556 1557 48
1556 1656 12
1557 1558 12
1557 1657 86
1558 1559 5
1558 1658 46
1559 1560 4
1559 1659 61
1560 1561 8
1560 1660 85
1561 1562 4
1561 1661 80
1562 1563 50
1562 1662 2
1563 1564 90
1563 1663 25
1564 1565 50
1564 1664 43
1565 1566 33
1565 1665 72
1566 1567 85
1566 1666 29
1567 1568 56
1567 1667 99
1568 1569 8
1568 1668 96
1569 1570 54
1569 1669 57
1570 1571 17
1570 1670 31
1571 1572 54
1571 1671 49
1572 1573 47
1572 1672 26
1573 1574 77
1573 1673 32
1574 1575 72
1574 1674 24
1575 1576 74
1575 1675 16
1576 1577 70
1576 1676 3
1577 1578 82
1577 1677 77
1578 1579 20
1578 1678 52
1579 1580 3
1579 1679 55
1580 1581 20
1580 1680 37
1581 1582 47
1581 1681 14
1582 1583 46
1582 1682 61
1583 1584 89
1583 1683 58
1584 1585 82
1584 1684 30
1585 1586 12
1585 1685 74
1586 1587 99
1586 1686 18
1587 1588 99
1587 1687 39
1588 1589 92
1588 1688 52
1589 1590 38
1589 1689 67
1590 1591 53
1590 1690 3
1591 1592 12
1591 1691 81
1592 1593 59
1592 1692 77
1593 1594 70
1593 1693 41
1594 1595 87
1594 1694 14
1595 1596 31
1595 1695 51
1596 1597 53
1596 1696 64
1597 1598 36
1597 1697 72
1598 1599 38
1598 1698 67
1599 1699 24
1600 1601 65
1600 1700 26
1601 1602 54
1601 1701 73
1602 1603 84
1602 1702 56
1603 1604 76
1603 1703 79
1604 1605 87
1604 1704 75
1605 1606 66
1605 1705 63
1606 1607 52
1606 1706 65
1607 1608 66
1607 1707 32
1608 1609 23
1608 1708 30
1609 1610 33
1609 1709 54
1610 1611 50
1610 1710 28
1611 1612 50
1611 1711 18
1612 1613 26
1612 1712 3
1613 1614 30
1613 1713 7
1614 1615 56
1614 1714 28
1615 1616 68
1615 1715 18
1616 1617 11
1616 1716 62
1617 1618 61
1617 1717 18
1618 1619 54
1618 1718 89
1619 1620 90
1619 1719 20
1620 1621 15
1620 1720 11
1621 1622 36
1621 1721 13
1622 1623 21
1622 1722 18
1623 1624 37
1623 1723 6
1624 1625 59
1624 1724 1
1625 1626 97
1625 1725 16
1626 1627 1
1626 1726 71
1627 1628 71
1627 1727 70
1628 1629 52
1628 1728 28
1629 1630 68
1629 1729 4
1630 1631 44
1630 1730 85
1631 1632 43
1631 1731 66
1632 1633 85
1632 1732 96
1633 1634 27
1633 1733 74
1634 1635 44
1634 1734 82
1635 1636 11
1635 1735 59
1636 1637 43
1636 1736 58
1637 1638 57
1637 1737 83
1638 1639 84
1638 1738 32
1639 1640 9
1639 1739 59
1640 1641 96
1640 1740 50
1641 1642 10
1641 1741 46
1642 1643 67
1642 1742 94
1643 1644 29
1643 1743 93
1644 1645 52
1644 1744 73
1645 1646 33
1645 1745 67
1646 1647 14
1646 1746 92
1647 1648 8
1647 1747 70
1648 1649 3
1648 1748 54
1649 1650 36
1649 1749 56
1650 1651 42
1650 1750 94
1651 1652 44
1651 1751 59
1652 1653 52
1652 1752 71
1653 1654 42
1653 1753 68
1654 1655 3
1654 1754 29
1655 1656 97
1655 1755 75
1656 1657 39
1656 1756 70
1657 1658 67
1657 1757 42
1658 1659 78
1658 1758 31
1659 1660 61
1659 1759 96
1660 1661 31
1660 1760 66
1661 1662 32
1661 1761 40
1662 1663 72
1662 1762 6
1663 1664 44
1663 1763 19
1664 1665 84
1664 1764 69
1665 1666 72
1665 1765 82
1666 1667 48
1666 1766 25
1667 1668 52
1667 1767 69
1668 1669 50
1668 1768 17
1669 1670 27
1669 1769 66
1670 1671 4
1670 1770 52
1671 1672 13
1671 1771 94
1672 1673 99
1672 1772 46
1673 1674 78
1673 1773 15
1674 1675 60
1674 1774 22
1675 1676 13
1675 1775 6
1676 1677 92
1676 1776 27
1677 1678 64
1677 1777 52
1678 1679 56
1678 1778 98
1679 1680 77
1679 1779 84
1680 1681 60
1680 1780 37
1681 1682 18
1681 1781 60
1682 1683 66
1682 1782 72
1683 1684 67
1683 1783 69
1684 1685 44
1684 1784 78
1685 1686 84
1685 1785 60
1686 1687 70
1686 1786 46
1687 1688 5
1687 1787 79
1688 1689 65
1688 1788 24
1689 1690 45
1689 1789 10
1690 1691 83
1690 1790 77
1691 1692 92
1691 1791 72
1692 1693 60
1692 1792 16
1693 1694 14
1693 1793 70
1694 1695 68
1694 1794 36
1695 1696 61
1695 1795 26
1696 1697 64
1696 1796 47
1697 1698 55
1697 1797 64
1698 1699 36
1698 1798 38
1699 1799 77
1700 1701 62
1700 1800 14
1701 1702 8
1701 1801 52
1702 1703 90
1702 1802 24
1703 1704 29
1703 1803 90
1704 1705 3
1704 1804 48
1705 1706 29
1705 1805 49
1706 1707 89
1706 1806 89
1707 1708 95
1707 1807 31
1708 1709 90
1708 1808 34
1709 1710 21
1709 1809 86
1710 1711 37
1710 1810 27
1711 1712 45
1711 1811 20
1712 1713 57
1712 1812 32
1713 1714 40
1713 1813 71
1714 1715 79
1714 1814 34
1715 1716 79
1715 1815 90
1716 1717 29
1716 1816 49
1717 1718 49
1717 1817 28
1718 1719 49
1718 1818 84
1719 1720 21
1719 1819 47
1720 1721 10
1720 1820 17
1721 1722 12
1721 1821 34
1722 1723 2
1722 1822 60
1723 1724 69
1723 1823 32
1724 1725 19
1724 1824 91
1725 1726 50
1725 1825 96
1726 1727 51
1726 1826 64
1727 1728 4
1727 1827 76
1728 1729 72
1728 1828 31
1729 1730 39
1729 1829 74
1730 1731 26
1730 1830 100
1731 1732 32
1731 1831 91
1732 1733 78
1732 1832 89
1733 1734 15
1733 1833 28
1734 1735 27
1734 1834 13
1735 1736 100
1735 1835 28
1736 1737 59
1736 1836 63
1737 1738 31
1737 1837 16
1738 1739 71
1738 1838 82
1739 1740 73
1739 1839 78
1740 1741 16
1740 1840 22
1741 1742 62
1741 1841 51
1742 1743 51
1742 1842 45
1743 1744 81
1743 1843 67
1744 1745 44
1744 1844 18
1745 1746 19
1745 1845 15
1746 1747 20
1746 1846 54
1747 1748 48
1747 1847 83
1748 1749 48
1748 1848 49
1749 1750 63
1749 1849 44
1750 1751 78
1750 1850 86
1751 1752 81
1751 1851 22
1752 1753 31
1752 1852 67
1753 1754 85
1753 1853 58
1754 1755 10
1754 1854 41
1755 1756 87
1755 1855 13
1756 1757 21
1756 1856 72
1757 1758 95
1757 1857 60
1758 1759 94
1758 1858 97
1759 1760 61
1759 1859 16
1760 1761 73
1760 1860 64
1761 1762 76
1761 1861 68
1762 1763 93
1762 1862 16
1763 1764 12
1763 1863 63
1764 1765 96
1764 1864 86
1765 1766 45
1765 1865 32
1766 1767 69
1766 1866 13
1767 1768 25
1767 1867 8
1768 1769 21
1768 1868 28
1769 1770 74
1769 1869 21
1770 1771 42
1770 1870 7
1771 1772 14
1771 1871 57
1772 1773 45
1772 1872 69
1773 1774 83
1773 1873 51
1774 1775 30
1774 1874 60
1775 1776 35
1775 1875 8
1776 1777 50
1776 1876 9
1777 1778 53
1777 1877 55
1778 1779 9
1778 1878 30
1779 1780 7
1779 1879 69
1780 1781 90
1780 1880 35
1781 1782 41
1781 1881 99
1782 1783 24
1782 1882 69
1783 1784 6
1783 1883 50
1784 1785 98
1784 1884 3
1785 1786 49
1785 1885 29
1786 1787 35
1786 1886 23
1787 1788 86
1787 1887 83
1788 1789 21
1788 1888 88
1789 1790 76
1789 1889 20
1790 1791 13
1790 1890 21
1791 1792 48
1791 1891 18
1792 1793 36
1792 1892 31
1793 1794 24
1793 1893 5
1794 1795 40
1794 1894 97
1795 1796 53
1795 1895 95
1796 1797 21
1796 1896 76
1797 1798 79
1797 1897 18
1798 1799 47
1798 1898 82
1799 1899 64
1800 1801 20
1800 1900 86
1801 1802 68
1801 1901 11
1802 1803 2
1802 1902 2
1803 1804 52
1803 1903 88
1804 1805 14
1804 1904 1
1805 1806 61
1805 1905 100
1806 1807 26
1806 1906 33
1807 1808 54
1807 1907 31
1808 1809 46
1808 1908 99
1809 1810 47
1809 1909 3
1810 1811 29
1810 1910 94
1811 1812 75
1811 1911 71
1812 1813 93
1812 1912 38
1813 1814 43
1813 1913 82
1814 1815 85
1814 1914 14
1815 1816 32
1815 1915 78
1816 1817 95
1816 1916 85
1817 1818 14
1817 1917 89
1818 1819 55
1818 1918 29
1819 1820 100
1819 1919 55
1820 1821 99
1820 1920 64
1821 1822 45
1821 1921 64
1822 1823 71
1822 1922 16
1823 1824 38
1823 1923 97
1824 1825 100
1824 1924 70
1825 1826 36
1825 1925 87
1826 1827 37
1826 1926 44
1827 1828 45
1827 1927 57
1828 1829 57
1828 1928 61
1829 1830 78
1829 1929 4
1830 1831 8
1830 1930 34
1831 1832 94
1831 1931 52
1832 1833 94
1832 1932 90
1833 1834 89
1833 1933 93
1834 1835 82
1834 1934 94
1835 1836 50
1835 1935 71
1836 1837 56
1836 1936 39
1837 1838 100
1837 1937 8
1838 1839 49
1838 1938 89
1839 1840 89
1839 1939 49
1840 1841 89
1840 1940 98
1841 1842 83
1841 1941 24
1842 1843 47
1842 1942 93
1843 1844 11
1843 1943 9
1844 1845 5
1844 1944 73
1845 1846 73
1845 1945 27
1846 1847 94
1846 1946 93
1847 1848 74
1847 1947 47
1848 1849 9
1848 1948 70
1849 1850 22
1849 1949 48
1850 1851 85
1850 1950 75
1851 1852 54
1851 1951 73
1852 1853 95
1852 1952 9
1853 1854 45
1853 1953 100
1854 1855 33
1854 1954 29
1855 1856 23
1855 1955 7
1856 1857 60
1856 1956 79
1857 1858 99
1857 1957 47
1858 1859 96
1858 1958 33
1859 1860 94
1859 1959 1
1860 1861 20
1860 1960 39
1861 1862 29
1861 1961 81
1862 1863 13
1862 1962 93
1863 1864 99
1863 1963 50
1864 1865 37
1864 1964 84
1865 1866 77
1865 1965 62
1866 1867 40
1866 1966 58
1867 1868 44
1867 1967 100
1868 1869 52
1868 1968 52
1869 1870 25
1869 1969 76
1870 1871 10
1870 1970 74
1871 1872 28
1871 1971 76
1872 1873 97
1872 1972 88
1873 1874 62
1873 1973 2
1874 1875 67
1874 1974 12
1875 1876 12
1875 1975 41
1876 1877 10
1876 1976 38
1877 1878 89
1877 1977 52
1878 1879 59
1878 1978 61
1879 1880 25
1879 1979 5
1880 1881 24
1880 1980 49
1881 1882 53
1881 1981 31
1882 1883 29
1882 1982 67
1883 1884 63
1883 1983 9
1884 1885 49
1884 1984 54
1885 1886 43
1885 1985 72
1886 1887 90
1886 1986 65
1887 1888 20
1887 1987 99
1888 1889 20
1888 1988 38
1889 1890 84
1889 1989 77
1890 1891 22
1890 1990 74
1891 1892 22
1891 1991 76
1892 1893 12
1892 1992 4
1893 1894 90
1893 1993 53
1894 1895 36
1894 1994 49
1895 1896 100
1895 1995 37
1896 1897 93
1896 1996 69
1897 1898 11
1897 1997 47
1898 1899 82
1898 1998 52
1899 1999 97
1900 1901 31
1900 2000 36
1901 1902 63
1901 2001 27
1902 1903 59
1902 2002 19
1903 1904 87
1903 2003 55
1904 1905 85
1904 2004 38
1905 1906 77
1905 2005 58
1906 1907 90
1906 2006 75
1907 1908 59
1907 2007 97
1908 1909 30
1908 2008 29
1909 1910 50
1909 2009 75
1910 1911 61
1910 2010 6
1911 1912 74
1911 2011 72
1912 1913 69
1912 2012 65
1913 1914 39
1913 2013 98
1914 1915 62
1914 2014 97
1915 1916 50
1915 2015 33
1916 1917 99
1916 2016 36
1917 1918 64
1917 2017 39
1918 1919 7
1918 2018 50
1919 1920 19
1919 2019 65
1920 1921 1
1920 2020 98
1921 1922 68
1921 2021 60
1922 1923 20
1922 2022 99
1923 1924 92
1923 2023 19
1924 1925 100
1924 2024 41
1925 1926 51
1925 2025 13
1926 1927 46
1926 2026 87
1927 1928 70
1927 2027 37
1928 1929 42
1928 2028 62
1929 1930 37
1929 2029 91
1930 1931 43
1930 2030 28
1931 1932 62
1931 2031 19
1932 1933 60
1932 2032 81
1933 1934 45
1933 2033 12
1934 1935 19
1934 2034 63
1935 1936 9
1935 2035 26
1936 1937 7
1936 2036 4
1937 1938 20
1937 2037 41
1938 1939 31
1938 2038 14
1939 1940 19
1939 2039 22
1940 1941 21
1940 2040 21
1941 1942 97
1941 2041 92
1942 1943 21
1942 2042 29
1943 1944 2
1943 2043 100
1944 1945 31
1944 2044 18
1945 1946 12
1945 2045 97
1946 1947 52
1946 2046 83
1947 1948 30
1947 2047 59
1948 1949 14
1948 2048 56
1949 1950 30
1949 2049 17
1950 1951 26
1950 2050 17
1951 1952 65
1951 2051 86
1952 1953 24
1952 2052 73
1953 1954 36
1953 2053 93
1954 1955 70
1954 2054 48
1955 1956 26
1955 2055 32
1956 1957 42
1956 2056 11
1957 1958 65
1957 2057 15
1958 1959 37
1958 2058 46
1959 1960 95
1959 2059 91
1960 1961 13
1960 2060 72
1961 1962 35
1961 2061 73
1962 1963 23
1962 2062 60
1963 1964 4
1963 2063 49
1964 1965 74
1964 2064 76
1965 1966 54
1965 2065 27
1966 1967 65
1966 2066 42
1967 1968 35
1967 2067 61
1968 1969 87
1968 2068 4
1969 1970 74
1969 2069 77
1970 1971 51
1970 2070 44
1971 1972 68
1971 2071 11
1972 1973 37
1972 2072 61
1973 1974 11
1973 2073 23
1974 1975 56
1974 2074 58
1975 1976 8
1975 2075 51
1976 1977 23
1976 2076 85
1977 1978 84
1977 2077 38
1978 1979 34
1978 2078 77
1979 1980 43
1979 2079 93
1980 1981 75
1980 2080 73
1981 1982 18
1981 2081 13
1982 1983 61
1982 2082 24
1983 1984 76
1983 2083 12
1984 1985 33
1984 2084 41
1985 1986 3
1985 2085 85
1986 1987 80
1986 2086 35
1987 1988 37
1987 2087 5
1988 1989 5
1988 2088 75
1989 1990 22
1989 2089 51
1990 1991 97
1990 2090 7
1991 1992 65
1991 2091 48
1992 1993 69
1992 2092 83
1993 1994 87
1993 2093 73
1994 1995 99
1994 2094 91
1995 1996 16
1995 2095 19
1996 1997 90
1996 2096 71
1997 1998 65
1997 2097 45
1998 1999 44
1998 2098 4
1999 2099 30
2000 2001 77
2000 2100 85
2001 2002 52
2001 2101 54
2002 2003 68
2002 2102 10
2003 2004 57
2003 2103 65
2004 2005 32
2004 2104 60
2005 2006 51
2005 2105 51
2006 2007 3
2006 2106 76
2007 2008 15
2007 2107 74
2008 2009 42
2008 2108 88
2009 2010 9
2009 2109 18
2010 2011 58
2010 2110 67
2011 2012 78
2011 2111 81
2012 2013 35
2012 2112 37
2013 2014 67
2013 2113 100
2014 2015 27
2014 2114 31
2015 2016 17
2015 2115 95
2016 2017 97
2016 2116 43
2017 2018 2
2017 2117 1
2018 2019 99
2018 2118 17
2019 2020 46
2019 2119 81
2020 2021 99
2020 2120 22
2021 2022 75
2021 2121 49
2022 2023 28
2022 2122 24
2023 2024 27
2023 2123 16
2024 2025 70
2024 2124 99
2025 2026 83
2025 2125 75
2026 2027 31
2026 2126 98
2027 2028 30
2027 2127 71
2028 2029 62
2028 2128 71
2029 2030 92
2029 2129 79
2030 2031 32
2030 2130 62
2031 2032 93
2031 2131 82
2032 2033 36
2032 2132 52
2033 2034 30
2033 2133 69
2034 2035 93
2034 2134 45
2035 2036 6
2035 2135 19
2036 2037 81
2036 2136 43
2037 2038 66
2037 2137 93
2038 2039 90
2038 2138 86
2039 2040 51
2039 2139 65
2040 2041 54
2040 2140 62
2041 2042 2
2041 2141 34
2042 2043 63
2042 2142 36
2043 2044 78
2043 2143 47
2044 2045 66
2044 2144 34
2045 2046 42
2045 2145 38
2046 2047 63
2046 2146 89
2047 2048 82
2047 2147 79
2048 2049 47
2048 2148 12
2049 2050 84
2049 2149 2
2050 2051 62
2050 2150 42
2051 2052 20
2051 2151 89
2052 2053 100
2052 2152 72
2053 2054 29
2053 2153 3
2054 2055 64
2054 2154 7
2055 2056 27
2055 2155 19
2056 2057 79
2056 2156 30
2057 2058 13
2057 2157 29
2058 2059 32
2058 2158 9
2059 2060 79
2059 2159 60
2060 2061 84
2060 2160 58
2061 2062 94
2061 2161 40
2062 2063 89
2062 2162 47
2063 2064 65
2063 2163 14
2064 2065 76
2064 2164 13
2065 2066 5
2065 2165 43
2066 2067 52
2066 2166 12
2067 2068 89
2067 2167 38
2068 2069 51
2068 2168 17
2069 2070 35
2069 2169 46
2070 2071 19
2070 2170 89
2071 2072 30
2071 2171 77
2072 2073 10
2072 2172 87
2073 2074 60
2073 2173 46
2074 2075 66
2074 2174 29
2075 2076 61
2075 2175 98
2076 2077 72
2076 2176 79
2077 2078 59
2077 2177 26
2078 2079 26
2078 2178 78
2079 2080 42
2079 2179 100
2080 2081 80
2080 2180 65
2081 2082 15
2081 2181 25
2082 2083 24
2082 2182 95
2083 2084 45
2083 2183 70
2084 2085 81
2084 2184 96
2085 2086 84
2085 2185 8
2086 2087 10
2086 2186 45
2087 2088 77
2087 2187 79
2088 2089 21
2088 2188 11
2089 2090 39
2089 2189 53
2090 2091 98
2090 2190 76
2091 2092 72
2091 2191 69
2092 2093 11
2092 2192 98
2093 2094 5
2093 2193 15
2094 2095 57
2094 2194 93
2095 2096 69
2095 2195 83
2096 2097 72
2096 2196 60
2097 2098 13
2097 2197 75
2098 2099 97
2098 2198 19
2099 2199 8
2100 2101 69
2100 2200 84
2101 2102 32
2101 2201 16
2102 2103 18
2102 2202 34
2103 2104 27
2103 2203 48
2104 2105 13
2104 2204 93
2105 2106 57
2105 2205 59
2106 2107 96
2106 2206 76
2107 2108 17
2107 2207 48
2108 2109 77
2108 2208 91
2109 2110 95
2109 2209 13
2110 2111 12
2110 2210 67
2111 2112 39
2111 2211 61
2112 2113 1
2112 2212 70
2113 2114 65
2113 2213 64
2114 2115 26
2114 2214 29
2115 2116 91
2115 2215 65
2116 2117 68
2116 2216 19
2117 2118 82
2117 2217 79
2118 2119 11
2118 2218 31
2119 2120 83
2119 2219 71
2120 2121 23
2120 2220 11
2121 2122 6
2121 2221 99
2122 2123 29
2122 2222 39
2123 2124 22
2123 2223 96
2124 2125 87
2124 2224 37
2125 2126 5
2125 2225 21
2126 2127 81
2126 2226 31
2127 2128 1
2127 2227 27
2128 2129 61
2128 2228 40
2129 2130 12
2129 2229 6
2130 2131 98
2130 2230 100
2131 2132 97
2131 2231 85
2132 2133 81
2132 2232 14
2133 2134 76
2133 2233 10
2134 2135 93
2134 2234 39
2135 2136 53
2135 2235 26
2136 2137 25
2136 2236 17
2137 2138 100
2137 2237 92
2138 2139 4
2138 2238 4
2139 2140 9
2139 2239 17
2140 2141 33
2140 2240 74
2141 2142 36
2141 2241 43
2142 2143 57
2142 2242 25
2143 2144 52
2143 2243 23
2144 2145 87
2144 2244 36
2145 2146 6
2145 2245 46
2146 2147 86
2146 2246 99
2147 2148 43
2147 2247 8
2148 2149 30
2148 2248 85
2149 2150 70
2149 2249 84
2150 2151 33
2150 2250 17
2151 2152 49
2151 2251 36
2152 2153 36
2152 2252 73
2153 2154 43
2153 2253 60
2154 2155 59
2154 2254 14
2155 2156 28
2155 2255 63
2156 2157 13
2156 2256 36
2157 2158 60
2157 2257 3
2158 2159 33
2158 2258 79
2159 2160 98
2159 2259 89
2160 2161 51
2160 2260 84
2161 2162 86
2161 2261 64
2162 2163 7
2162 2262 49
2163 2164 2
2163 2263 34
2164 2165 26
2164 2264 100
2165 2166 15
2165 2265 58
2166 2167 78
2166 2266 99
2167 2168 2
2167 2267 14
2168 2169 11
2168 2268 45
2169 2170 17
2169 2269 89
2170 2171 43
2170 2270 42
2171 2172 49
2171 2271 98
2172 2173 26
2172 2272 4
2173 2174 38
2173 2273 91
2174 2175 81
2174 2274 98
2175 2176 68
2175 2275 100
2176 2177 53
2176 2276 6
2177 2178 12
2177 2277 28
2178 2179 69
2178 2278 39
2179 2180 75
2179 2279 63
2180 2181 1
2180 2280 43
2181 2182 3
2181 2281 79
2182 2183 13
2182 2282 37
2183 2184 18
2183 2283 80
2184 2185 30
2184 2284 19
2185 2186 89
2185 2285 34
2186 2187 11
2186 2286 11
2187 2188 65
2187 2287 97
2188 2189 40
2188 2288 95
2189 2190 6
2189 2289 53
2190 2191 100
2190 2290 49
2191 2192 50
2191 2291 2
2192 2193 58
2192 2292 8
2193 2194 85
2193 2293 55
2194 2195 40
2194 2294 1
2195 2196 68
2195 2295 54
2196 2197 99
2196 2296 86
2197 2198 18
2197 2297 11
2198 2199 18
2198 2298 8
2199 2299 35
2200 2201 18
2200 2300 17
2201 2202 98
2201 2301 24
2202 2203 36
2202 2302 53
2203 2204 82
2203 2303 100
2204 2205 46
2204 2304 71
2205 2206 79
2205 2305 23
2206 2207 32
2206 2306 7
2207 2208 37
2207 2307 20
2208 2209 65
2208 2308 97
2209 2210 36
2209 2309 8
2210 2211 20
2210 2310 87
2211 2212 90
2211 2311 66
2212 2213 28
2212 2312 12
2213 2214 57
2213 2313 57
2214 2215 14
2214 2314 28
2215 2216 16
2215 2315 87
2216 2217 75
2216 2316 84
2217 2218 49
2217 2317 76
2218 2219 53
2218 2318 78
2219 2220 82
2219 2319 2
2220 2221 31
2220 2320 80
2221 2222 46
2221 2321 13
2222 2223 48
2222 2322 78
2223 2224 57
2223 2323 62
2224 2225 26
2224 2324 65
2225 2226 56
2225 2325 82
2226 2227 79
2226 2326 78
2227 2228 98
2227 2327 69
2228 2229 85
2228 2328 69
2229 2230 64
2229 2329 72
2230 2231 24
2230 2330 60
2231 2232 16
2231 2331 84
2232 2233 8
2232 2332 23
2233 2234 2
2233 2333 65
2234 2235 15
2234 2334 46
2235 2236 68
2235 2335 71
2236 2237 64
2236 2336 21
2237 2238 54
2237 2337 69
2238 2239 50
2238 2338 68
2239 2240 62
2239 2339 88
2240 2241 80
2240 2340 16
2241 2242 51
2241 2341 38
2242 2243 97
2242 2342 87
2243 2244 51
2243 2343 100
2244 2245 25
2244 2344 40
2245 2246 71
2245 2345 70
2246 2247 18
2246 2346 10
2247 2248 21
2247 2347 91
2248 2249 41
2248 2348 63
2249 2250 68
2249 2349 97
2250 2251 74
2250 2350 96
2251 2252 39
2251 2351 23
2252 2253 71
2252 2352 76
2253 2254 73
2253 2353 50
2254 2255 77
2254 2354 14
2255 2256 55
2255 2355 57
2256 2257 81
2256 2356 89
2257 2258 93
2257 2357 45
2258 2259 61
2258 2358 16
2259 2260 50
2259 2359 9
2260 2261 19
2260 2360 19
2261 2262 62
2261 2361 91
2262 2263 3
2262 2362 29
2263 2264 30
2263 2363 68
2264 2265 86
2264 2364 75
2265 2266 6
2265 2365 43
2266 2267 100
2266 2366 93
2267 2268 56
2267 2367 62
2268 2269 58
2268 2368 36
2269 2270 6
2269 2369 92
2270 2271 1
2270 2370 92
2271 2272 82
2271 2371 79
2272 2273 35
2272 2372 5
2273 2274 81
2273 2373 14
2274 2275 19
2274 2374 37
2275 2276 69
2275 2375 27
2276 2277 9
2276 2376 85
2277 2278 37
2277 2377 92
2278 2279 100
2278 2378 46
2279 2280 7
2279 2379 15
2280 2281 91
2280 2380 66
2281 2282 6
2281 2381 8
2282 2283 19
2282 2382 84
2283 2284 30
2283 2383 55
2284 2285 75
2284 2384 61
2285 2286 20
2285 2385 28
2286 2287 51
2286 2386 61
2287 2288 11
2287 2387 60
2288 2289 95
2288 2388 30
2289 2290 5
2289 2389 37
2290 2291 4
2290 2390 76
2291 2292 64
2291 2391 65
2292 2293 29
2292 2392 98
2293 2294 24
2293 2393 52
2294 2295 55
2294 2394 85
2295 2296 14
2295 2395 28
2296 2297 19
2296 2396 82
2297 2298 23
2297 2397 50
2298 2299 22
2298 2398 51
2299 2399 74
2300 2301 32
2300 2400 79
2301 2302 35
2301 2401 93
2302 2303 93
2302 2402 26
2303 2304 70
2303 2403 71
2304 2305 14
2304 2404 9
2305 2306 26
2305 2405 28
2306 2307 59
2306 2406 78
2307 2308 35
2307 2407 90
2308 2309 85
2308 2408 15
2309 2310 54
2309 2409 23
2310 2311 95
2310 2410 50
2311 2312 17
2311 2411 88
2312 2313 99
2312 2412 87
2313 2314 75
2313 2413 65
2314 2315 49
2314 2414 53
2315 2316 79
2315 2415 56
2316 2317 51
2316 2416 33
2317 2318 74
2317 2417 24
2318 2319 48
2318 2418 26
2319 2320 3
2319 2419 2
2320 2321 99
2320 2420 16
2321 2322 95
2321 2421 30
2322 2323 23
2322 2422 64
2323 2324 99
2323 2423 68
2324 2325 89
2324 2424 57
2325 2326 94
2325 2425 74
2326 2327 30
2326 2426 21
2327 2328 71
2327 2427 56
2328 2329 100
2328 2428 15
2329 2330 75
2329 2429 60
2330 2331 68
2330 2430 89
2331 2332 91
2331 2431 67
2332 2333 61
2332 2432 60
2333 2334 51
2333 2433 4
2334 2335 8
2334 2434 63
2335 2336 15
2335 2435 79
2336 2337 96
2336 2436 93
2337 2338 75
2337 2437 39
2338 2339 29
2338 2438 91
2339 2340 79
2339 2439 57
2340 2341 42
2340 2440 53
2341 2342 56
2341 2441 14
2342 2343 48
2342 2442 86
2343 2344 74
2343 2443 51
2344 2345 94
2344 2444 31
2345 2346 79
2345 2445 3
2346 2347 19
2346 2446 13
2347 2348 13
2347 2447 7
2348 2349 3
2348 2448 23
2349 2350 68
2349 2449 3
2350 2351 18
2350 2450 78
2351 2352 27
2351 2451 6
2352 2353 5
2352 2452 96
2353 2354 33
2353 2453 18
2354 2355 98
2354 2454 36
2355 2356 96
2355 2455 10
2356 2357 25
2356 2456 77
2357 2358 98
2357 2457 81
2358 2359 6
2358 2458 3
2359 2360 40
2359 2459 52
2360 2361 79
2360 2460 54
2361 2362 88
2361 2461 88
2362 2363 75
2362 2462 73
2363 2364 74
2363 2463 26
2364 2365 43
2364 2464 23
2365 2366 91
2365 2465 36
2366 2367 84
2366 2466 50
2367 2368 75
2367 2467 72
2368 2369 58
2368 2468 65
2369 2370 42
2369 2469 85
2370 2371 42
2370 2470 80
2371 2372 93
2371 2471 42
2372 2373 44
2372 2472 55
2373 2374 7
2373 2473 40
2374 2375 99
2374 2474 39
2375 2376 99
2375 2475 49
2376 2377 13
2376 2476 78
2377 2378 1
2377 2477 66
2378 2379 27
2378 2478 46
2379 2380 13
2379 2479 21
2380 2381 2
2380 2480 68
2381 2382 39
2381 2481 7
2382 2383 17
2382 2482 51
2383 2384 66
2383 2483 25
2384 2385 55
2384 2484 68
2385 2386 76
2385 2485 35
2386 2387 56
2386 2486 46
2387 2388 56
2387 2487 42
2388 2389 96
2388 2488 43
2389 2390 11
2389 2489 36
2390 2391 80
2390 2490 14
2391 2392 27
2391 2491 98
2392 2393 30
2392 2492 25
2393 2394 86
2393 2493 1
2394 2395 83
2394 2494 63
2395 2396 71
2395 2495 58
2396 2397 24
2396 2496 49
2397 2398 88
2397 2497 12
2398 2399 10
2398 2498 14
2399 2499 45
2400 2401 68
2400 2500 12
2401 2402 44
2401 2501 80
2402 2403 60
2402 2502 56
2403 2404 23
2403 2503 79
2404 2405 82
2404 2504 77
2405 2406 11
2405 2505 10
2406 2407 67
2406 2506 20
2407 2408 97
2407 2507 61
2408 2409 96
2408 2508 20
2409 2410 100
2409 2509 91
2410 2411 93
2410 2510 40
2411 2412 16
2411 2511 4
2412 2413 93
2412 2512 69
2413 2414 60
2413 2513 2
2414 2415 23
2414 2514 2
2415 2416 17
2415 2515 3
2416 2417 14
2416 2516 36
2417 2418 55
2417 2517 3
2418 2419 8
2418 2518 98
2419 2420 58
2419 2519 22
2420 2421 69
2420 2520 46
2421 2422 85
2421 2521 88
2422 2423 99
2422 2522 51
2423 2424 47
2423 2523 57
2424 2425 94
2424 2524 60
2425 2426 82
2425 2525 72
2426 2427 50
2426 2526 13
2427 2428 69
2427 2527 68
2428 2429 53
2428 2528 16
2429 2430 7
2429 2529 22
2430 2431 51
2430 2530 58
2431 2432 46
2431 2531 10
2432 2433 66
2432 2532 25
2433 2434 87
2433 2533 8
2434 2435 95
2434 2534 31
2435 2436 27
2435 2535 58
2436 2437 67
2436 2536 41
2437 2438 46
2437 2537 42
2438 2439 86
2438 2538 22
2439 2440 88
2439 2539 99
2440 2441 85
2440 2540 26
2441 2442 41
2441 2541 73
2442 2443 72
2442 2542 55
2443 2444 27
2443 2543 90
2444 2445 47
2444 2544 39
2445 2446 7
2445 2545 62
2446 2447 18
2446 2546 88
2447 2448 85
2447 2547 88
2448 2449 65
2448 2548 66
2449 2450 84
2449 2549 3
2450 2451 50
2450 2550 35
2451 2452 46
2451 2551 35
2452 2453 41
2452 2552 93
2453 2454 34
2453 2553 6
2454 2455 97
2454 2554 12
2455 2456 77
2455 2555 42
2456 2457 65
2456 2556 66
2457 2458 63
2457 2557 87
2458 2459 40
2458 2558 93
2459 2460 1
2459 2559 46
2460 2461 58
2460 2560 73
2461 2462 48
2461 2561 40
2462 2463 99
2462 2562 43
2463 2464 64
2463 2563 45
2464 2465 90
2464 2564 82
2465 2466 16
2465 2565 96
2466 2467 71
2466 2566 97
2467 2468 44
2467 2567 57
2468 2469 15
2468 2568 41
2469 2470 65
2469 2569 86
2470 2471 33
2470 2570 77
2471 2472 92
2471 2571 7
2472 2473 53
2472 2572 80
2473 2474 89
2473 2573 37
2474 2475 76
2474 2574 28
2475 2476 95
2475 2575 26
2476 2477 31
2476 2576 73
2477 2478 69
2477 2577 3
2478 2479 70
2478 2578 32
2479 2480 93
2479 2579 18
2480 2481 6
2480 2580 74
2481 2482 57
2481 2581 15
2482 2483 23
2482 2582 17
2483 2484 79
2483 2583 19
2484 2485 28
2484 2584 51
2485 2486 86
2485 2585 89
2486 2487 52
2486 2586 46
2487 2488 15
2487 2587 5
2488 2489 41
2488 2588 24
2489 2490 66
2489 2589 99
2490 2491 33
2490 2590 27
2491 2492 57
2491 2591 20
2492 2493 33
2492 2592 64
2493 2494 60
2493 2593 75
2494 2495 27
2494 2594 38
2495 2496 59
2495 2595 19
2496 2497 96
2496 2596 51
2497 2498 100
2497 2597 1
2498 2499 14
2498 2598 15
2499 2599 22
2500 2501 18
2500 2600 80
2501 2502 81
2501 2601 66
2502 2503 59
2502 2602 52
2503 2504 51
2503 2603 46
2504 2505 30
2504 2604 78
2505 2506 85
2505 2605 64
2506 2507 77
2506 2606 83
2507 2508 66
2507 2607 48
2508 2509 29
2508 2608 65
2509 2510 19
2509 2609 79
2510 2511 32
2510 2610 15
2511 2512 86
2511 2611 99
2512 2513 80
2512 2612 33
2513 2514 63
2513 2613 45
2514 2515 20
2514 2614 44
2515 2516 49
2515 2615 70
2516 2517 54
2516 2616 92
2517 2518 56
2517 2617 9
2518 2519 9
2518 2618 48
2519 2520 50
2519 2619 47
2520 2521 59
2520 2620 92
2521 2522 61
2521 2621 45
2522 2523 23
2522 2622 66
2523 2524 66
2523 2623 19
2524 2525 96
2524 2624 99
2525 2526 32
2525 2625 91
2526 2527 19
2526 2626 80
2527 2528 15
2527 2627 44
2528 2529 68
2528 2628 4
2529 2530 67
2529 2629 52
2530 2531 18
2530 2630 82
2531 2532 36
2531 2631 97
2532 2533 14
2532 2632 48
2533 2534 32
2533 2633 11
2534 2535 21
2534 2634 43
2535 2536 50
2535 2635 36
2536 2537 87
2536 2636 22
2537 2538 50
2537 2637 14
2538 2539 81
2538 2638 99
2539 2540 34
2539 2639 71
2540 2541 66
2540 2640 53
2541 2542 84
2541 2641 67
2542 2543 54
2542 2642 19
2543 2544 9
2543 2643 34
2544 2545 48
2544 2644 18
2545 2546 7
2545 2645 37
2546 2547 2
2546 2646 34
2547 2548 58
2547 2647 74
2548 2549 51
2548 2648 39
2549 2550 17
2549 2649 80
2550 2551 77
2550 2650 79
2551 2552 8
2551 2651 44
2552 2553 60
2552 2652 49
2553 2554 86
2553 2653 59
2554 2555 32
2554 2654 88
2555 2556 94
2555 2655 10
2556 2557 27
2556 2656 14
2557 2558 91
2557 2657 73
2558 2559 27
2558 2658 60
2559 2560 77
2559 2659 61
2560 2561 91
2560 2660 67
2561 2562 14
2561 2661 27
2562 2563 44
2562 2662 77
2563 2564 42
2563 2663 65
2564 2565 88
2564 2664 26
2565 2566 3
2565 2665 59
2566 2567 63
2566 2666 3
2567 2568 82
2567 2667 72
2568 2569 43
2568 2668 92
2569 2570 99
2569 2669 80
2570 2571 98
2570 2670 46
2571 2572 71
2571 2671 86
2572 2573 2
2572 2672 16
2573 2574 37
2573 2673 95
2574 2575 85
2574 2674 99
2575 2576 42
2575 2675 26
2576 2577 58
2576 2676 10
2577 2578 78
2577 2677 3
2578 2579 64
2578 2678 75
2579 2580 85
2579 2679 14
2580 2581 78
2580 2680 64
2581 2582 22
2581 2681 13
2582 2583 65
2582 2682 10
2583 2584 83
2583 2683 83
2584 2585 51
2584 2684 4
2585 2586 14
2585 2685 96
2586 2587 61
2586 2686 41
2587 2588 25
2587 2687 78
2588 2589 100
2588 2688 51
2589 2590 10
2589 2689 70
2590 2591 64
2590 2690 100
2591 2592 29
2591 2691 67
2592 2593 29
2592 2692 75
2593 2594 38
2593 2693 53
2594 2595 63
2594 2694 29
2595 2596 62
2595 2695 50
2596 2597 77
2596 2696 62
2597 2598 34
2597 2697 10
2598 2599 62
2598 2698 86
2599 2699 36
2600 2601 13
2600 2700 93
2601 2602 20
2601 2701 83
2602 2603 61
2602 2702 80
2603 2604 14
2603 2703 74
2604 2605 23
2604 2704 57
2605 2606 69
2605 2705 6
2606 2607 6
2606 2706 48
2607 2608 68
2607 2707 53
2608 2609 27
2608 2708 35
2609 2610 31
2609 2709 90
2610 2611 72
2610 2710 11
2611 2612 49
2611 2711 17
2612 2613 72
2612 2712 25
2613 2614 67
2613 2713 43
2614 2615 74
2614 2714 87
2615 2616 86
2615 2715 76
2616 2617 38
2616 2716 45
2617 2618 9
2617 2717 35
2618 2619 92
2618 2718 83
2619 2620 35
2619 2719 21
2620 2621 27
2620 2720 24
2621 2622 95
2621 2721 40
2622 2623 34
2622 2722 81
2623 2624 65
2623 2723 82
2624 2625 15
2624 2724 97
2625 2626 66
2625 2725 13
2626 2627 58
2626 2726 18
2627 2628 57
2627 2727 99
2628 2629 57
2628 2728 45
2629 2630 60
2629 2729 84
2630 2631 20
2630 2730 26
2631 2632 82
2631 2731 52
2632 2633 6
2632 2732 75
2633 2634 94
2633 2733 75
2634 2635 8
2634 2734 46
2635 2636 14
2635 2735 83
2636 2637 68
2636 2736 26
2637 2638 23
2637 2737 38
2638 2639 36
2638 2738 68
2639 2640 76
2639 2739 73
2640 2641 65
2640 2740 31
2641 2642 99
2641 2741 80
2642 2643 69
2642 2742 55
2643 2644 75
2643 2743 11
2644 2645 19
2644 2744 2
2645 2646 41
2645 2745 35
2646 2647 37
2646 2746 32
2647 2648 58
2647 2747 39
2648 2649 70
2648 2748 2
2649 2650 4
2649 2749 10
2650 2651 84
2650 2750 50
2651 2652 53
2651 2751 58
2652 2653 10
2652 2752 78
2653 2654 97
2653 2753 10
2654 2655 70
2654 2754 47
2655 2656 54
2655 2755 97
2656 2657 52
2656 2756 93
2657 2658 43
2657 2757 16
2658 2659 66
2658 2758 82
2659 2660 85
2659 2759 74
2660 2661 12
2660 2760 71
2661 2662 16
2661 2761 58
2662 2663 69
2662 2762 30
2663 2664 97
2663 2763 81
2664 2665 41
2664 2764 66
2665 2666 11
2665 2765 55
2666 2667 67
2666 2766 37
2667 2668 70
2667 2767 46
2668 2669 15
2668 2768 62
2669 2670 64
2669 2769 33
2670 2671 93
2670 2770 88
2671 2672 93
2671 2771 27
2672 2673 40
2672 2772 86
2673 2674 97
2673 2773 39
2674 2675 16
2674 2774 11
2675 2676 9
2675 2775 51
2676 2677 40
2676 2776 21
2677 2678 48
2677 2777 18
2678 2679 68
2678 2778 27
2679 2680 89
2679 2779 99
2680 2681 92
2680 2780 69
2681 2682 82
2681 2781 66
2682 2683 58
2682 2782 29
2683 2684 83
2683 2783 17
2684 2685 1
2684 2784 32
2685 2686 97
2685 2785 92
2686 2687 72
2686 2786 38
2687 2688 75
2687 2787 74
2688 2689 90
2688 2788 30
2689 2690 54
2689 2789 74
2690 2691 1
2690 2790 58
2691 2692 49
2691 2791 75
2692 2693 29
2692 2792 8
2693 2694 23
2693 2793 24
2694 2695 94
2694 2794 39
2695 2696 61
2695 2795 97
2696 2697 22
2696 2796 73
2697 2698 33
2697 2797 22
2698 2699 41
2698 2798 5
2699 2799 90
2700 2701 82
2700 2800 35
2701 2702 32
2701 2801 59
2702 2703 37
2702 2802 41
2703 2704 45
2703 2803 62
2704 2705 42
2704 2804 52
2705 2706 31
2705 2805 69
2706 2707 21
2706 2806 51
2707 2708 72
2707 2807 67
2708 2709 45
2708 2808 41
2709 2710 83
2709 2809 93
2710 2711 42
2710 2810 14
2711 2712 94
2711 2811 97
2712 2713 57
2712 2812 87
2713 2714 43
2713 2813 97
2714 2715 21
2714 2814 64
2715 2716 29
2715 2815 69
2716 2717 38
2716 2816 14
2717 2718 67
2717 2817 3
2718 2719 65
2718 2818 10
2719 2720 93
2719 2819 24
2720 2721 12
2720 2820 25
2721 2722 99
2721 2821 99
2722 2723 16
2722 2822 15
2723 2724 68
2723 2823 61
2724 2725 21
2724 2824 43
2725 2726 3
2725 2825 15
2726 2727 97
2726 2826 33
2727 2728 16
2727 2827 25
2728 2729 49
2728 2828 35
2729 2730 18
2729 2829 22
2730 2731 65
2730 2830 66
2731 2732 1
2731 2831 26
2732 2733 7
2732 2832 53
2733 2734 9
2733 2833 8
2734 2735 88
2734 2834 100
2735 2736 2
2735 2835 55
2736 2737 3
2736 2836 30
2737 2738 86
2737 2837 19
2738 2739 83
2738 2838 45
2739 2740 45
2739 2839 42
2740 2741 52
2740 2840 87
2741 2742 24
2741 2841 21
2742 2743 41
2742 2842 51
2743 2744 86
2743 2843 29
2744 2745 89
2744 2844 98
2745 2746 91
2745 2845 7
2746 2747 87
2746 2846 53
2747 2748 62
2747 2847 60
2748 2749 69
2748 2848 88
2749 2750 74
2749 2849 43
2750 2751 54
2750 2850 91
2751 2752 41
2751 2851 85
2752 2753 72
2752 2852 77
2753 2754 18
2753 2853 30
2754 2755 89
2754 2854 13
2755 2756 25
2755 2855 97
2756 2757 37
2756 2856 42
2757 2758 25
2757 2857 10
2758 2759 46
2758 2858 96
2759 2760 74
2759 2859 97
2760 2761 75
2760 2860 49
2761 2762 82
2761 2861 64
2762 2763 92
2762 2862 43
2763 2764 38
2763 2863 30
2764 2765 86
2764 2864 47
2765 2766 13
2765 2865 35
2766 2767 87
2766 2866 54
2767 2768 57
2767 2867 20
2768 2769 86
2768 2868 77
2769 2770 41
2769 2869 23
2770 2771 84
2770 2870 98
2771 2772 47
2771 2871 56
2772 2773 64
2772 2872 7
2773 2774 27
2773 2873 63
2774 2775 31
2774 2874 7
2775 2776 18
2775 2875 85
2776 2777 6
2776 2876 19
2777 2778 82
2777 2877 59
2778 2779 94
2778 2878 60
2779 2780 83
2779 2879 86
2780 2781 49
2780 2880 86
2781 2782 99
2781 2881 57
2782 2783 30
2782 2882 27
2783 2784 74
2783 2883 34
2784 2785 17
2784 2884 42
2785 2786 59
2785 2885 23
2786 2787 43
2786 2886 1
2787 2788 60
2787 2887 98
2788 2789 2
2788 2888 22
2789 2790 54
2789 2889 83
2790 2791 6
2790 2890 73
2791 2792 1
2791 2891 70
2792 2793 31
2792 2892 69
2793 2794 76
2793 2893 81
2794 2795 78
2794 2894 30
2795 2796 44
2795 2895 91
2796 2797 83
2796 2896 46
2797 2798 23
2797 2897 61
2798 2799 21
2798 2898 84
2799 2899 96
2800 2801 93
2800 2900 34
2801 2802 68
2801 2901 6
2802 2803 69
2802 2902 97
2803 2804 38
2803 2903 54
2804 2805 7
2804 2904 11
2805 2806 35
2805 2905 5
2806 2807 63
2806 2906 98
2807 2808 83
2807 2907 83
2808 2809 14
2808 2908 48
2809 2810 13
2809 2909 27
2810 2811 96
2810 2910 52
2811 2812 67
2811 2911 97
2812 2813 81
2812 2912 46
2813 2814 62
2813 2913 67
2814 2815 85
2814 2914 62
2815 2816 62
2815 2915 43
2816 2817 15
2816 2916 53
2817 2818 4
2817 2917 80
2818 2819 62
2818 2918 15
2819 2820 45
2819 2919 3
2820 2821 22
2820 2920 45
2821 2822 7
2821 2921 97
2822 2823 14
2822 2922 46
2823 2824 74
2823 2923 92
2824 2825 74
2824 2924 53
2825 2826 89
2825 2925 69
2826 2827 80
2826 2926 71
2827 2828 68
2827 2927 2
2828 2829 52
2828 2928 30
2829 2830 55
2829 2929 96
2830 2831 20
2830 2930 11
2831 2832 1
2831 2931 75
2832 2833 79
2832 2932 80
2833 2834 85
2833 2933 85
2834 2835 30
2834 2934 30
2835 2836 34
2835 2935 33
2836 2837 37
2836 2936 94
2837 2838 93
2837 2937 22
2838 2839 37
2838 2938 91
2839 2840 97
2839 2939 9
2840 2841 18
2840 2940 57
2841 2842 77
2841 2941 92
2842 2843 76
2842 2942 53
2843 2844 65
2843 2943 3
2844 2845 31
2844 2944 2
2845 2846 27
2845 2945 97
2846 2847 84
2846 2946 90
2847 2848 20
2847 2947 69
2848 2849 13
2848 2948 81
2849 2850 56
2849 2949 27
2850 2851 44
2850 2950 44
2851 2852 88
2851 2951 50
2852 2853 27
2852 2952 6
2853 2854 62
2853 2953 99
2854 2855 51
2854 2954 14
2855 2856 26
2855 2955 4
2856 2857 38
2856 2956 80
2857 2858 39
2857 2957 16
2858 2859 89
2858 2958 17
2859 2860 42
2859 2959 45
2860 2861 32
2860 2960 6
2861 2862 28
2861 2961 8
2862 2863 58
2862 2962 4
2863 2864 44
2863 2963 11
2864 2865 32
2864 2964 28
2865 2866 87
2865 2965 7
2866 2867 29
2866 2966 58
2867 2868 72
2867 2967 65
2868 2869 56
2868 2968 92
2869 2870 24
2869 2969 9
2870 2871 49
2870 2970 65
2871 2872 86
2871 2971 39
2872 2873 23
2872 2972 43
2873 2874 77
2873 2973 63
2874 2875 2
2874 2974 62
2875 2876 31
2875 2975 38
2876 2877 38
2876 2976 43
2877 2878 90
2877 2977 54
2878 2879 81
2878 2978 17
2879 2880 9
2879 2979 7
2880 2881 6
2880 2980 76
2881 2882 44
2881 2981 92
2882 2883 68
2882 2982 72
2883 2884 82
2883 2983 11
2884 2885 92
2884 2984 24
2885 2886 1
2885 2985 24
2886 2887 82
2886 2986 29
2887 2888 29
2887 2987 5
2888 2889 15
2888 2988 45
2889 2890 66
2889 2989 18
2890 2891 32
2890 2990 34
2891 2892 23
2891 2991 100
2892 2893 25
2892 2992 76
2893 2894 67
2893 2993 34
2894 2895 69
2894 2994 2
2895 2896 91
2895 2995 68
2896 2897 70
2896 2996 65
2897 2898 7
2897 2997 60
2898 2899 93
2898 2998 34
2899 2999 98
2900 2901 2
2900 3000 43
2901 2902 11
2901 3001 76
2902 2903 63
2902 3002 71
2903 2904 42
2903 3003 71
2904 2905 22
2904 3004 47
2905 2906 46
2905 3005 50
2906 2907 84
2906 3006 63
2907 2908 43
2907 3007 71
2908 2909 42
2908 3008 69
2909 2910 5
2909 3009 5
2910 2911 45
2910 3010 75
2911 2912 96
2911 3011 90
2912 2913 30
2912 3012 76
2913 2914 8
2913 3013 18
2914 2915 36
2914 3014 25
2915 2916 92
2915 3015 87
2916 2917 99
2916 3016 73
2917 2918 68
2917 3017 70
2918 2919 99
2918 3018 23
2919 2920 4
2919 3019 84
2920 2921 98
2920 3020 56
2921 2922 19
2921 3021 38
2922 2923 83
2922 3022 94
2923 2924 62
2923 3023 11
2924 2925 68
2924 3024 30
2925 2926 11
2925 3025 19
2926 2927 79
2926 3026 79
2927 2928 26
2927 3027 41
2928 2929 33
2928 3028 80
2929 2930 12
2929 3029 59
2930 2931 48
2930 3030 48
2931 2932 85
2931 3031 10
2932 2933 63
2932 3032 82
2933 2934 8
2933 3033 81
2934 2935 32
2934 3034 95
2935 2936 11
2935 3035 87
2936 2937 70
2936 3036 56
2937 2938 68
2937 3037 13
2938 2939 96
2938 3038 93
2939 2940 19
2939 3039 30
2940 2941 78
2940 3040 12
2941 2942 77
2941 3041 85
2942 2943 36
2942 3042 16
2943 2944 43
2943 3043 53
2944 2945 22
2944 3044 70
2945 2946 1
2945 3045 89
2946 2947 27
2946 3046 29
2947 2948 27
2947 3047 23
2948 2949 61
2948 3048 58
2949 2950 90
2949 3049 27
2950 2951 73
2950 3050 11
2951 2952 10
2951 3051 65
2952 2953 68
2952 3052 25
2953 2954 15
2953 3053 11
2954 2955 3
2954 3054 13
2955 2956 78
2955 3055 94
2956 2957 41
2956 3056 83
2957 2958 88
2957 3057 4
2958 2959 75
2958 3058 51
2959 2960 19
2959 3059 46
2960 2961 91
2960 3060 42
2961 2962 60
2961 3061 8
2962 2963 14
2962 3062 37
2963 2964 44
2963 3063 34
2964 2965 13
2964 3064 97
2965 2966 74
2965 3065 52
2966 2967 43
2966 3066 70
2967 2968 87
2967 3067 66
2968 2969 18
2968 3068 65
2969 2970 7
2969 3069 33
2970 2971 51
2970 3070 90
2971 2972 23
2971 3071 9
2972 2973 23
2972 3072 95
2973 2974 39
2973 3073 23
2974 2975 28
2974 3074 23
2975 2976 9
2975 3075 72
2976 2977 34
2976 3076 44
2977 2978 21
2977 3077 57
2978 2979 32
2978 3078 47
2979 2980 42
2979 3079 99
2980 2981 87
2980 3080 95
2981 2982 93
2981 3081 10
2982 2983 30
2982 3082 12
2983 2984 72
2983 3083 78
2984 2985 62
2984 3084 98
2985 2986 73
2985 3085 5
2986 2987 89
2986 3086 71
2987 2988 50
2987 3087 84
2988 2989 58
2988 3088 17
2989 2990 79
2989 3089 34
2990 2991 93
2990 3090 37
2991 2992 87
2991 3091 7
2992 2993 6
2992 3092 32
2993 2994 2
2993 3093 3
2994 2995 7
2994 3094 88
2995 2996 35
2995 3095 37
2996 2997 91
2996 3096 16
2997 2998 82
2997 3097 87
2998 2999 57
2998 3098 26
2999 3099 79
3000 3001 100
3000 3100 6
3001 3002 94
3001 3101 19
3002 3003 61
3002 3102 20
3003 3004 36
3003 3103 51
3004 3005 79
3004 3104 9
3005 3006 67
3005 3105 27
3006 3007 78
3006 3106 52
3007 3008 88
3007 3107 67
3008 3009 98
3008 3108 55
3009 3010 98
3009 3109 62
3010 3011 50
3010 3110 36
3011 3012 31
3011 3111 4
3012 3013 33
3012 3112 66
3013 3014 68
3013 3113 58
3014 3015 82
3014 3114 73
3015 3016 8
3015 3115 10
3016 3017 17
3016 3116 58
3017 3018 47
3017 3117 28
3018 3019 57
3018 3118 25
3019 3020 74
3019 3119 34
3020 3021 85
3020 3120 100
3021 3022 66
3021 3121 47
3022 3023 17
3022 3122 10
3023 3024 21
3023 3123 26
3024 3025 94
3024 3124 69
3025 3026 54
3025 3125 90
3026 3027 14
3026 3126 82
3027 3028 73
3027 3127 66
3028 3029 31
3028 3128 10
3029 3030 16
3029 3129 40
3030 3031 100
3030 3130 81
3031 3032 9
3031 3131 62
3032 3033 97
3032 3132 72
3033 3034 67
3033 3133 77
3034 3035 31
3034 3134 92
3035 3036 9
3035 3135 66
3036 3037 43
3036 3136 47
3037 3038 42
3037 3137 16
3038 3039 77
3038 3138 14
3039 3040 84
3039 3139 5
3040 3041 83
3040 3140 88
3041 3042 88
3041 3141 20
3042 3043 76
3042 3142 55
3043 3044 70
3043 3143 19
3044 3045 55
3044 3144 21
3045 3046 50
3045 3145 32
3046 3047 27
3046 3146 14
3047 3048 10
3047 3147 64
3048 3049 80
3048 3148 37
3049 3050 12
3049 3149 77
3050 3051 1
3050 3150 33
3051 3052 100
3051 3151 9
3052 3053 53
3052 3152 59
3053 3054 91
3053 3153 45
3054 3055 54
3054 3154 93
3055 3056 92
3055 3155 46
3056 3057 65
3056 3156 25
3057 3058 72
3057 3157 35
3058 3059 51
3058 3158 8
3059 3060 89
3059 3159 48
3060 3061 4
3060 3160 62
3061 3062 31
3061 3161 19
3062 3063 85
3062 3162 88
3063 3064 6
3063 3163 86
3064 3065 69
3064 3164 46
3065 3066 37
3065 3165 61
3066 3067 74
3066 3166 55
3067 3068 20
3067 3167 29
3068 3069 27
3068 3168 82
3069 3070 54
3069 3169 42
3070 3071 26
3070 3170 19
3071 3072 25
3071 3171 82
3072 3073 67
3072 3172 7
3073 3074 50
3073 3173 36
3074 3075 83
3074 3174 32
3075 3076 34
3075 3175 16
3076 3077 15
3076 3176 93
3077 3078 12
3077 3177 77
3078 3079 70
3078 3178 39
3079 3080 26
3079 3179 49
3080 3081 6
3080 3180 66
3081 3082 65
3081 3181 24
3082 3083 63
3082 3182 47
3083 3084 12
3083 3183 96
3084 3085 9
3084 3184 22
3085 3086 77
3085 3185 84
3086 3087 7
3086 3186 47
3087 3088 56
3087 3187 1
3088 3089 6
3088 3188 33
3089 3090 26
3089 3189 50
3090 3091 69
3090 3190 72
3091 3092 90
3091 3191 61
3092 3093 8
3092 3192 38
3093 3094 11
3093 3193 32
3094 3095 44
3094 3194 10
3095 3096 17
3095 3195 20
3096 3097 13
3096 3196 76
3097 3098 50
3097 3197 34
3098 3099 31
3098 3198 4
3099 3199 89
3100 3101 96
3100 3200 54
3101 3102 2
3101 3201 29
3102 3103 15
3102 3202 33
3103 3104 86
3103 3203 13
3104 3105 58
3104 3204 6
3105 3106 93
3105 3205 29
3106 3107 10
3106 3206 36
3107 3108 76
3107 3207 69
3108 3109 14
3108 3208 3
3109 3110 98
3109 3209 89
3110 3111 94
3110 3210 49
3111 3112 62
3111 3211 12
3112 3113 17
3112 3212 27
3113 3114 43
3113 3213 7
3114 3115 8
3114 3214 66
3115 3116 95
3115 3215 86
3116 3117 62
3116 3216 44
3117 3118 58
3117 3217 19
3118 3119 69
3118 3218 38
3119 3120 76
3119 3219 39
3120 3121 11
3120 3220 83
3121 3122 10
3121 3221 25
3122 3123 75
3122 3222 12
3123 3124 20
3123 3223 98
3124 3125 94
3124 3224 16
3125 3126 15
3125 3225 3
3126 3127 31
3126 3226 52
3127 3128 30
3127 3227 10
3128 3129 75
3128 3228 15
3129 3130 56
3129 3229 64
3130 3131 57
3130 3230 44
3131 3132 72
3131 3231 76
3132 3133 50
3132 3232 21
3133 3134 10
3133 3233 61
3134 3135 69
3134 3234 88
3135 3136 52
3135 3235 18
3136 3137 23
3136 3236 97
3137 3138 77
3137 3237 71
3138 3139 61
3138 3238 54
3139 3140 75
3139 3239 49
3140 3141 23
3140 3240 22
3141 3142 83
3141 3241 71
3142 3143 38
3142 3242 9
3143 3144 63
3143 3243 92
3144 3145 89
3144 3244 15
3145 3146 12
3145 3245 52
3146 3147 90
3146 3246 30
3147 3148 18
3147 3247 90
3148 3149 20
3148 3248 29
3149 3150 78
3149 3249 89
3150 3151 36
3150 3250 34
3151 3152 95
3151 3251 71
3152 3153 65
3152 3252 43
3153 3154 36
3153 3253 48
3154 3155 81
3154 3254 100
3155 3156 42
3155 3255 63
3156 3157 43
3156 3256 14
3157 3158 97
3157 3257 87
3158 3159 67
3158 3258 73
3159 3160 53
3159 3259 1
3160 3161 37
3160 3260 69
3161 3162 8
3161 3261 17
3162 3163 50
3162 3262 54
3163 3164 50
3163 3263 77
3164 3165 88
3164 3264 86
3165 3166 66
3165 3265 17
3166 3167 40
3166 3266 24
3167 3168 20
3167 3267 94
3168 3169 95
3168 3268 30
3169 3170 1
3169 3269 90
3170 3171 70
3170 3270 56
3171 3172 72
3171 3271 8
3172 3173 36
3172 3272 48
3173 3174 9
3173 3273 53
3174 3175 71
3174 3274 7
3175 3176 40
3175 3275 50
3176 3177 73
3176 3276 18
3177 3178 30
3177 3277 58
3178 3179 45
3178 3278 31
3179 3180 60
3179 3279 41
3180 3181 65
3180 3280 42
3181 3182 51
3181 3281 71
3182 3183 9
3182 3282 83
3183 3184 81
3183 3283 70
3184 3185 47
3184 3284 54
3185 3186 7
3185 3285 6
3186 3187 37
3186 3286 38
3187 3188 26
3187 3287 43
3188 3189 20
3188 3288 12
3189 3190 75
3189 3289 43
3190 3191 57
3190 3290 3
3191 3192 23
3191 3291 2
3192 3193 3
3192 3292 54
3193 3194 44
3193 3293 35
3194 3195 24
3194 3294 58
3195 3196 92
3195 3295 68
3196 3197 81
3196 3296 30
3197 3198 32
3197 3297 21
3198 3199 13
3198 3298 70
3199 3299 16
3200 3201 44
3200 3300 78
3201 3202 27
3201 3301 70
3202 3203 81
3202 3302 61
3203 3204 88
3203 3303 48
3204 3205 65
3204 3304 64
3205 3206 26
3205 3305 43
3206 3207 31
3206 3306 1
3207 3208 10
3207 3307 42
3208 3209 74
3208 3308 37
3209 3210 32
3209 3309 1
3210 3211 24
3210 3310 30
3211 3212 57
3211 3311 17
3212 3213 13
3212 3312 31
3213 3214 46
3213 3313 33
3214 3215 33
3214 3314 23
3215 3216 77
3215 3315 49
3216 3217 51
3216 3316 37
3217 3218 80
3217 3317 66
3218 3219 73
3218 3318 82
3219 3220 32
3219 3319 81
3220 3221 45
3220 3320 76
3221 3222 49
3221 3321 98
3222 3223 47
3222 3322 20
3223 3224 99
3223 3323 11
3224 3225 18
3224 3324 100
3225 3226 26
3225 3325 29
3226 3227 73
3226 3326 72
3227 3228 35
3227 3327 59
3228 3229 38
3228 3328 18
3229 3230 74
3229 3329 26
3230 3231 5
3230 3330 100
3231 3232 24
3231 3331 30
3232 3233 56
3232 3332 86
3233 3234 34
3233 3333 63
3234 3235 4
3234 3334 69
3235 3236 81
3235 3335 18
3236 3237 72
3236 3336 48
3237 3238 42
3237 3337 99
3238 3239 37
3238 3338 57
3239 3240 46
3239 3339 64
3240 3241 17
3240 3340 52
3241 3242 6
3241 3341 33
3242 3243 6
3242 3342 1
3243 3244 92
3243 3343 8
3244 3245 12
3244 3344 15
3245 3246 45
3245 3345 55
3246 3247 39
3246 3346 42
3247 3248 48
3247 3347 28
3248 3249 18
3248 3348 54
3249 3250 89
3249 3349 89
3250 3251 72
3250 3350 66
3251 3252 79
3251 3351 11
3252 3253 21
3252 3352 40
3253 3254 69
3253 3353 57
3254 3255 15
3254 3354 77
3255 3256 11
3255 3355 22
3256 3257 68
3256 3356 41
3257 3258 61
3257 3357 55
3258 3259 91
3258 3358 17
3259 3260 20
3259 3359 58
3260 3261 58
3260 3360 11
3261 3262 97
3261 3361 64
3262 3263 6
3262 3362 21
3263 3264 52
3263 3363 90
3264 3265 46
3264 3364 24
3265 3266 81
3265 3365 45
3266 3267 31
3266 3366 7
3267 3268 51
3267 3367 43
3268 3269 77
3268 3368 15
3269 3270 61
3269 3369 14
3270 3271 68
3270 3370 63
3271 3272 75
3271 3371 60
3272 3273 70
3272 3372 31
3273 3274 91
3273 3373 33
3274 3275 88
3274 3374 41
3275 3276 60
3275 3375 81
3276 3277 60
3276 3376 4
3277 3278 88
3277 3377 90
3278 3279 9
3278 3378 20
3279 3280 56
3279 3379 70
3280 3281 75
3280 3380 26
3281 3282 62
3281 3381 41
3282 3283 27
3282 3382 42
3283 3284 52
3283 3383 55
3284 3285 39
3284 3384 63
3285 3286 68
3285 3385 25
3286 3287 39
3286 3386 48
3287 3288 25
3287 3387 95
3288 3289 59
3288 3388 10
3289 3290 35
3289 3389 93
3290 3291 29
3290 3390 89
3291 3292 71
3291 3391 51
3292 3293 27
3292 3392 3
3293 3294 90
3293 3393 23
3294 3295 38
3294 3394 67
3295 3296 17
3295 3395 85
3296 3297 10
3296 3396 43
3297 3298 91
3297 3397 3
3298 3299 54
3298 3398 95
3299 3399 46
3300 3301 59
3300 3400 36
3301 3302 19
3301 3401 68
3302 3303 19
3302 3402 82
3303 3304 23
3303 3403 49
3304 3305 87
3304 3404 92
3305 3306 57
3305 3405 26
3306 3307 89
3306 3406 66
3307 3308 27
3307 3407 70
3308 3309 34
3308 3408 51
3309 3310 80
3309 3409 45
3310 3311 57
3310 3410 88
3311 3312 82
3311 3411 1
3312 3313 95
3312 3412 23
3313 3314 23
3313 3413 9
3314 3315 30
3314 3414 27
3315 3316 45
3315 3415 10
3316 3317 94
3316 3416 8
3317 3318 34
3317 3417 82
3318 3319 74
3318 3418 84
3319 3320 36
3319 3419 23
3320 3321 87
3320 3420 33
3321 3322 62
3321 3421 40
3322 3323 36
3322 3422 51
3323 3324 41
3323 3423 59
3324 3325 18
3324 3424 83
3325 3326 95
3325 3425 59
3326 3327 63
3326 3426 27
3327 3328 42
3327 3427 55
3328 3329 59
3328 3428 5
3329 3330 81
3329 3429 16
3330 3331 86
3330 3430 5
3331 3332 4
3331 3431 7
3332 3333 1
3332 3432 58
3333 3334 25
3333 3433 26
3334 3335 28
3334 3434 61
3335 3336 80
3335 3435 72
3336 3337 68
3336 3436 21
3337 3338 43
3337 3437 57
3338 3339 3
3338 3438 49
3339 3340 71
3339 3439 88
3340 3341 33
3340 3440 56
3341 3342 16
3341 3441 94
3342 3343 61
3342 3442 39
3343 3344 71
3343 3443 40
3344 3345 74
3344 3444 48
3345 3346 82
3345 3445 28
3346 3347 36
3346 3446 54
3347 3348 1
3347 3447 21
3348 3349 72
3348 3448 70
3349 3350 97
3349 3449 15
3350 3351 39
3350 3450 17
3351 3352 54
3351 3451 55
3352 3353 54
3352 3452 17
3353 3354 18
3353 3453 29
3354 3355 16
3354 3454 54
3355 3356 52
3355 3455 1
3356 3357 61
3356 3456 13
3357 3358 42
3357 3457 87
3358 3359 68
3358 3458 51
3359 3360 60
3359 3459 46
3360 3361 7
3360 3460 17
3361 3362 11
3361 3461 36
3362 3363 14
3362 3462 89
3363 3364 15
3363 3463 44
3364 3365 6
3364 3464 41
3365 3366 68
3365 3465 39
3366 3367 93
3366 3466 31
3367 3368 27
3367 3467 32
3368 3369 12
3368 3468 68
3369 3370 77
3369 3469 47
3370 3371 37
3370 3470 19
3371 3372 100
3371 3471 16
3372 3373 2
3372 3472 99
3373 3374 3
3373 3473 69
3374 3375 78
3374 3474 93
3375 3376 1
3375 3475 8
3376 3377 47
3376 3476 56
3377 3378 30
3377 3477 26
3378 3379 98
3378 3478 70
3379 3380 74
3379 3479 89
3380 3381 64
3380 3480 47
3381 3382 91
3381 3481 4
3382 3383 53
3382 3482 65
3383 3384 70
3383 3483 68
3384 3385 59
3384 3484 43
3385 3386 45
3385 3485 72
3386 3387 36
3386 3486 24
3387 3388 24
3387 3487 43
3388 3389 65
3388 3488 89
3389 3390 98
3389 3489 11
3390 3391 33
3390 3490 96
3391 3392 3
3391 3491 46
3392 3393 98
3392 3492 20
3393 3394 48
3393 3493 56
3394 3395 47
3394 3494 24
3395 3396 91
3395 3495 75
3396 3397 29
3396 3496 91
3397 3398 18
3397 3497 3
3398 3399 63
3398 3498 42
3399 3499 87
3400 3401 42
3400 3500 31
3401 3402 2
3401 3501 70
3402 3403 72
3402 3502 71
3403 3404 6
3403 3503 95
3404 3405 81
3404 3504 74
3405 3406 96
3405 3505 38
3406 3407 12
3406 3506 16
3407 3408 12
3407 3507 69
3408 3409 68
3408 3508 99
3409 3410 69
3409 3509 33
3410 3411 59
3410 3510 17
3411 3412 17
3411 3511 69
3412 3413 46
3412 3512 79
3413 3414 14
3413 3513 49
3414 3415 63
3414 3514 92
3415 3416 30
3415 3515 67
3416 3417 10
3416 3516 19
3417 3418 23
3417 3517 28
3418 3419 11
3418 3518 61
3419 3420 79
3419 3519 49
3420 3421 6
3420 3520 41
3421 3422 8
3421 3521 24
3422 3423 25
3422 3522 43
3423 3424 77
3423 3523 55
3424 3425 39
3424 3524 92
3425 3426 72
3425 3525 65
3426 3427 26
3426 3526 68
3427 3428 60
3427 3527 53
3428 3429 31
3428 3528 8
3429 3430 83
3429 3529 8
3430 3431 26
3430 3530 18
3431 3432 25
3431 3531 45
3432 3433 80
3432 3532 48
3433 3434 77
3433 3533 67
3434 3435 53
3434 3534 78
3435 3436 20
3435 3535 31
3436 3437 39
3436 3536 57
3437 3438 3
3437 3537 1
3438 3439 66
3438 3538 78
3439 3440 59
3439 3539 98
3440 3441 18
3440 3540 82
3441 3442 53
3441 3541 84
3442 3443 87
3442 3542 16
3443 3444 93
3443 3543 38
3444 3445 64
3444 3544 8
3445 3446 70
3445 3545 6
3446 3447 86
3446 3546 31
3447 3448 23
3447 3547 65
3448 3449 29
3448 3548 93
3449 3450 94
3449 3549 19
3450 3451 53
3450 3550 71
3451 3452 2
3451 3551 88
3452 3453 99
3452 3552 11
3453 3454 100
3453 3553 83
3454 3455 74
3454 3554 29
3455 3456 70
3455 3555 25
3456 3457 54
3456 3556 48
3457 3458 87
3457 3557 98
3458 3459 80
3458 3558 73
3459 3460 88
3459 3559 29
3460 3461 55
3460 3560 52
3461 3462 97
3461 3561 29
3462 3463 12
3462 3562 2
3463 3464 92
3463 3563 12
3464 3465 20
3464 3564 44
3465 3466 86
3465 3565 27
3466 3467 84
3466 3566 10
3467 3468 59
3467 3567 41
3468 3469 90
3468 3568 7
3469 3470 29
3469 3569 35
3470 3471 35
3470 3570 92
3471 3472 90
3471 3571 65
3472 3473 5
3472 3572 16
3473 3474 19
3473 3573 34
3474 3475 70
3474 3574 68
3475 3476 61
3475 3575 9
3476 3477 80
3476 3576 40
3477 3478 81
3477 3577 75
3478 3479 52
3478 3578 23
3479 3480 40
3479 3579 54
3480 3481 45
3480 3580 19
3481 3482 66
3481 3581 37
3482 3483 94
3482 3582 21
3483 3484 45
3483 3583 65
3484 3485 33
3484 3584 24
3485 3486 46
3485 3585 61
3486 3487 23
3486 3586 68
3487 3488 99
3487 3587 9
3488 3489 73
3488 3588 51
3489 3490 72
3489 3589 62
3490 3491 65
3490 3590 80
3491 3492 84
3491 3591 6
3492 3493 97
3492 3592 40
3493 3494 21
3493 3593 86
3494 3495 5
3494 3594 26
3495 3496 16
3495 3595 34
3496 3497 97
3496 3596 78
3497 3498 18
3497 3597 8
3498 3499 82
3498 3598 87
3499 3599 2
3500 3501 41
3500 3600 10
3501 3502 71
3501 3601 8
3502 3503 49
3502 3602 55
3503 3504 12
3503 3603 6
3504 3505 74
3504 3604 1
3505 3506 48
3505 3605 39
3506 3507 60
3506 3606 12
3507 3508 29
3507 3607 97
3508 3509 73
3508 3608 56
3509 3510 95
3509 3609 78
3510 3511 80
3510 3610 65
3511 3512 19
3511 3611 30
3512 3513 88
3512 3612 47
3513 3514 50
3513 3613 1
3514 3515 47
3514 3614 82
3515 3516 80
3515 3615 8
3516 3517 68
3516 3616 67
3517 3518 23
3517 3617 3
3518 3519 74
3518 3618 43
3519 3520 67
3519 3619 1
3520 3521 95
3520 3620 86
3521 3522 56
3521 3621 67
3522 3523 38
3522 3622 60
3523 3524 95
3523 3623 92
3524 3525 9
3524 3624 84
3525 3526 78
3525 3625 51
3526 3527 10
3526 3626 94
3527 3528 39
3527 3627 51
3528 3529 61
3528 3628 47
3529 3530 71
3529 3629 79
3530 3531 55
3530 3630 96
3531 3532 68
3531 3631 53
3532 3533 6
3532 3632 88
3533 3534 77
3533 3633 82
3534 3535 10
3534 3634 34
3535 3536 56
3535 3635 57
3536 3537 48
3536 3636 59
3537 3538 27
3537 3637 25
3538 3539 14
3538 3638 85
3539 3540 42
3539 3639 45
3540 3541 90
3540 3640 98
3541 3542 12
3541 3641 82
3542 3543 4
3542 3642 77
3543 3544 28
3543 3643 51
3544 3545 44
3544 3644 13
3545 3546 33
3545 3645 74
3546 3547 85
3546 3646 33
3547 3548 59
3547 3647 3
3548 3549 64
3548 3648 51
3549 3550 21
3549 3649 54
3550 3551 88
3550 3650 42
3551 3552 100
3551 3651 90
3552 3553 34
3552 3652 80
3553 3554 88
3553 3653 5
3554 3555 21
3554 3654 91
3555 3556 2
3555 3655 40
3556 3557 69
3556 3656 33
3557 3558 30
3557 3657 67
3558 3559 43
3558 3658 89
3559 3560 44
3559 3659 2
3560 3561 53
3560 3660 18
3561 3562 95
3561 3661 31
3562 3563 87
3562 3662 21
3563 3564 13
3563 3663 17
3564 3565 29
3564 3664 30
3565 3566 67
3565 3665 14
3566 3567 83
3566 3666 49
3567 3568 40
3567 3667 28
3568 3569 44
3568 3668 1
3569 3570 84
3569 3669 6
3570 3571 63
3570 3670 86
3571 3572 48
3571 3671 25
3572 3573 46
3572 3672 49
3573 3574 60
3573 3673 15
3574 3575 52
3574 3674 4
3575 3576 62
3575 3675 61
3576 3577 97
3576 3676 93
3577 3578 18
3577 3677 28
3578 3579 42
3578 3678 51
3579 3580 79
3579 3679 10
3580 3581 34
3580 3680 28
3581 3582 10
3581 3681 11
3582 3583 37
3582 3682 75
3583 3584 41
3583 3683 92
3584 3585 86
3584 3684 47
3585 3586 7
3585 3685 72
3586 3587 84
3586 3686 9
3587 3588 98
3587 3687 12
3588 3589 79
3588 3688 6
3589 3590 46
3589 3689 69
3590 3591 22
3590 3690 100
3591 3592 42
3591 3691 10
3592 3593 71
3592 3692 26
3593 3594 81
3593 3693 89
3594 3595 98
3594 3694 97
3595 3596 24
3595 3695 44
3596 3597 22
3596 3696 82
3597 3598 51
3597 3697 84
3598 3599 44
3598 3698 54
3599 3699 53
3600 3601 72
3600 3700 57
3601 3602 49
3601 3701 28
3602 3603 44
3602 3702 20
3603 3604 42
3603 3703 14
3604 3605 14
3604 3704 27
3605 3606 9
3605 3705 43
3606 3607 58
3606 3706 28
3607 3608 78
3607 3707 16
3608 3609 34
3608 3708 48
3609 3610 18
3609 3709 6
3610 3611 29
3610 3710 43
3611 3612 77
3611 3711 24
3612 3613 22
3612 3712 53
3613 3614 71
3613 3713 97
3614 3615 82
3614 3714 61
3615 3616 69
3615 3715 46
3616 3617 33
3616 3716 13
3617 3618 67
3617 3717 36
3618 3619 10
3618 3718 87
3619 3620 83
3619 3719 51
3620 3621 73
3620 3720 99
3621 3622 36
3621 3721 56
3622 3623 14
3622 3722 94
3623 3624 30
3623 3723 41
3624 3625 94
3624 3724 95
3625 3626 36
3625 3725 38
3626 3627 29
3626 3726 8
3627 3628 40
3627 3727 91
3628 3629 47
3628 3728 92
3629 3630 47
3629 3729 61
3630 3631 20
3630 3730 44
3631 3632 59
3631 3731 91
3632 3633 56
3632 3732 17
3633 3634 49
3633 3733 7
3634 3635 33
3634 3734 5
3635 3636 44
3635 3735 69
3636 3637 78
3636 3736 13
3637 3638 22
3637 3737 88
3638 3639 92
3638 3738 59
3639 3640 84
3639 3739 43
3640 3641 48
3640 3740 72
3641 3642 32
3641 3741 96
3642 3643 72
3642 3742 43
3643 3644 33
3643 3743 77
3644 3645 17
3644 3744 6
3645 3646 54
3645 3745 47
3646 3647 3
3646 3746 21
3647 3648 33
3647 3747 12
3648 3649 51
3648 3748 85
3649 3650 88
3649 3749 100
3650 3651 85
3650 3750 73
3651 3652 11
3651 3751 21
3652 3653 69
3652 3752 65
3653 3654 76
3653 3753 44
3654 3655 33
3654 3754 25
3655 3656 31
3655 3755 56
3656 3657 22
3656 3756 44
3657 3658 98
3657 3757 30
3658 3659 63
3658 3758 11
3659 3660 58
3659 3759 98
3660 3661 27
3660 3760 80
3661 3662 85
3661 3761 46
3662 3663 90
3662 3762 100
3663 3664 3
3663 3763 25
3664 3665 24
3664 3764 13
3665 3666 15
3665 3765 24
3666 3667 39
3666 3766 9
3667 3668 74
3667 3767 1
3668 3669 35
3668 3768 29
3669 3670 64
3669 3769 88
3670 3671 16
3670 3770 58
3671 3672 84
3671 3771 7
3672 3673 14
3672 3772 30
3673 3674 43
3673 3773 41
3674 3675 66
3674 3774 71
3675 3676 97
3675 3775 7
3676 3677 85
3676 3776 49
3677 3678 10
3677 3777 51
3678 3679 78
3678 3778 49
3679 3680 68
3679 3779 19
3680 3681 57
3680 3780 66
3681 3682 30
3681 3781 83
3682 3683 19
3682 3782 59
3683 3684 82
3683 3783 95
3684 3685 38
3684 3784 88
3685 3686 81
3685 3785 59
3686 3687 49
3686 3786 83
3687 3688 87
3687 3787 48
3688 3689 62
3688 3788 83
3689 3690 6
3689 3789 72
3690 3691 72
3690 3790 29
3691 3692 27
3691 3791 3
3692 3693 55
3692 3792 49
3693 3694 60
3693 3793 38
3694 3695 90
3694 3794 76
3695 3696 21
3695 3795 60
3696 3697 84
3696 3796 12
3697 3698 34
3697 3797 84
3698 3699 72
3698 3798 65
3699 3799 63
3700 3701 73
3700 3800 8
3701 3702 51
3701 3801 7
3702 3703 94
3702 3802 70
3703 3704 25
3703 3803 84
3704 3705 39
3704 3804 36
3705 3706 30
3705 3805 31
3706 3707 84
3706 3806 77
3707 3708 67
3707 3807 72
3708 3709 73
3708 3808 25
3709 3710 33
3709 3809 80
3710 3711 22
3710 3810 43
3711 3712 25
3711 3811 63
3712 3713 30
3712 3812 31
3713 3714 93
3713 3813 38
3714 3715 36
3714 3814 91
3715 3716 97
3715 3815 13
3716 3717 73
3716 3816 75
3717 3718 84
3717 3817 87
3718 3719 5
3718 3818 12
3719 3720 30
3719 3819 26
3720 3721 60
3720 3820 94
3721 3722 8
3721 3821 51
3722 3723 37
3722 3822 2
3723 3724 50
3723 3823 67
3724 3725 11
3724 3824 15
3725 3726 4
3725 3825 68
3726 3727 73
3726 3826 65
3727 3728 59
3727 3827 35
3728 3729 64
3728 3828 76
3729 3730 72
3729 3829 82
3730 3731 70
3730 3830 55
3731 3732 100
3731 3831 47
3732 3733 54
3732 3832 56
3733 3734 39
3733 3833 79
3734 3735 3
3734 3834 37
3735 3736 67
3735 3835 91
3736 3737 52
3736 3836 22
3737 3738 76
3737 3837 60
3738 3739 34
3738 3838 27
3739 3740 98
3739 3839 82
3740 3741 45
3740 3840 93
3741 3742 7
3741 3841 51
3742 3743 56
3742 3842 71
3743 3744 28
3743 3843 12
3744 3745 98
3744 3844 97
3745 3746 30
3745 3845 66
3746 3747 64
3746 3846 77
3747 3748 46
3747 3847 87
3748 3749 29
3748 3848 16
3749 3750 39
3749 3849 78
3750 3751 41
3750 3850 93
3751 3752 76
3751 3851 89
3752 3753 13
3752 3852 30
3753 3754 18
3753 3853 60
3754 3755 20
3754 3854 35
3755 3756 3
3755 3855 43
3756 3757 81
3756 3856 79
3757 3758 57
3757 3857 97
3758 3759 86
3758 3858 81
3759 3760 14
3759 3859 45
3760 3761 68
3760 3860 40
3761 3762 73
3761 3861 59
3762 3763 24
3762 3862 16
3763 3764 75
3763 3863 99
3764 3765 44
3764 3864 69
3765 3766 68
3765 3865 53
3766 3767 11
3766 3866 32
3767 3768 49
3767 3867 84
3768 3769 33
3768 3868 72
3769 3770 43
3769 3869 79
3770 3771 67
3770 3870 66
3771 3772 61
3771 3871 71
3772 3773 24
3772 3872 25
3773 3774 58
3773 3873 18
3774 3775 1
3774 3874 64
3775 3776 70
3775 3875 45
3776 3777 91
3776 3876 96
3777 3778 73
3777 3877 56
3778 3779 6
3778 3878 45
3779 3780 7
3779 3879 12
3780 3781 80
3780 3880 85
3781 3782 70
3781 3881 26
3782 3783 84
3782 3882 44
3783 3784 41
3783 3883 6
3784 3785 31
3784 3884 46
3785 3786 94
3785 3885 79
3786 3787 27
3786 3886 97
3787 3788 72
3787 3887 69
3788 3789 31
3788 3888 19
3789 3790 15
3789 3889 87
3790 3791 57
3790 3890 60
3791 3792 24
3791 3891 49
3792 3793 17
3792 3892 20
3793 3794 61
3793 3893 25
3794 3795 47
3794 3894 39
3795 3796 62
3795 3895 53
3796 3797 82
3796 3896 59
3797 3798 39
3797 3897 40
3798 3799 25
3798 3898 72
3799 3899 26
3800 3801 61
3800 3900 31
3801 3802 7
3801 3901 11
3802 3803 42
3802 3902 47
3803 3804 96
3803 3903 80
3804 3805 71
3804 3904 89
3805 3806 65
3805 3905 39
3806 3807 7
3806 3906 88
3807 3808 88
3807 3907 28
3808 3809 69
3808 3908 80
3809 3810 90
3809 3909 77
3810 3811 91
3810 3910 91
3811 3812 63
3811 3911 64
3812 3813 91
3812 3912 21
3813 3814 50
3813 3913 24
3814 3815 91
3814 3914 42
3815 3816 70
3815 3915 98
3816 3817 55
3816 3916 6
3817 3818 39
3817 3917 31
3818 3819 76
3818 3918 3
3819 3820 54
3819 3919 88
3820 3821 39
3820 3920 14
3821 3822 95
3821 3921 31
3822 3823 19
3822 3922 28
3823 3824 77
3823 3923 34
3824 3825 48
3824 3924 31
3825 3826 37
3825 3925 49
3826 3827 61
3826 3926 6
3827 3828 81
3827 3927 68
3828 3829 23
3828 3928 9
3829 3830 80
3829 3929 83
3830 3831 91
3830 3930 10
3831 3832 6
3831 3931 67
3832 3833 90
3832 3932 22
3833 3834 25
3833 3933 62
3834 3835 95
3834 3934 85
3835 3836 20
3835 3935 38
3836 3837 30
3836 3936 46
3837 3838 5
3837 3937 38
3838 3839 17
3838 3938 73
3839 3840 82
3839 3939 6
3840 3841 24
3840 3940 38
3841 3842 61
3841 3941 46
3842 3843 51
3842 3942 11
3843 3844 16
3843 3943 100
3844 3845 51
3844 3944 6
3845 3846 48
3845 3945 47
3846 3847 37
3846 3946 90
3847 3848 61
3847 3947 99
3848 3849 2
3848 3948 45
3849 3850 15
3849 3949 50
3850 3851 5
3850 3950 55
3851 3852 1
3851 3951 24
3852 3853 4
3852 3952 45
3853 3854 59
3853 3953 9
3854 3855 87
3854 3954 28
3855 3856 28
3855 3955 60
3856 3857 63
3856 3956 97
3857 3858 34
3857 3957 92
3858 3859 33
3858 3958 55
3859 3860 84
3859 3959 18
3860 3861 95
3860 3960 44
3861 3862 5
3861 3961 37
3862 3863 24
3862 3962 54
3863 3864 55
3863 3963 64
3864 3865 13
3864 3964 21
3865 3866 24
3865 3965 30
3866 3867 77
3866 3966 45
3867 3868 34
3867 3967 88
3868 3869 49
3868 3968 47
3869 3870 42
3869 3969 78
3870 3871 97
3870 3970 5
3871 3872 82
3871 3971 84
3872 3873 98
3872 3972 96
3873 3874 83
3873 3973 26
3874 3875 96
3874 3974 33
3875 3876 82
3875 3975 67
3876 3877 81
3876 3976 24
3877 3878 9
3877 3977 68
3878 3879 53
3878 3978 73
3879 3880 39
3879 3979 44
3880 3881 41
3880 3980 20
3881 3882 88
3881 3981 7
3882 3883 35
3882 3982 9
3883 3884 30
3883 3983 24
3884 3885 16
3884 3984 61
3885 3886 60
3885 3985 72
3886 3887 33
3886 3986 12
3887 3888 53
3887 3987 54
3888 3889 44
3888 3988 100
3889 3890 14
3889 3989 60
3890 3891 75
3890 3990 62
3891 3892 82
3891 3991 24
3892 3893 71
3892 3992 69
3893 3894 15
3893 3993 36
3894 3895 46
3894 3994 100
3895 3896 57
3895 3995 32
3896 3897 31
3896 3996 21
3897 3898 71
3897 3997 35
3898 3899 4
3898 3998 29
3899 3999 54
3900 3901 73
3900 4000 90
3901 3902 22
3901 4001 94
3902 3903 64
3902 4002 81
3903 3904 32
3903 4003 36
3904 3905 9
3904 4004 55
3905 3906 75
3905 4005 50
3906 3907 75
3906 4006 42
3907 3908 54
3907 4007 43
3908 3909 23
3908 4008 46
3909 3910 50
3909 4009 11
3910 3911 42
3910 4010 93
3911 3912 67
3911 4011 66
3912 3913 84
3912 4012 7
3913 3914 36
3913 4013 45
3914 3915 69
3914 4014 87
3915 3916 93
3915 4015 1
3916 3917 47
3916 4016 95
3917 3918 13
3917 4017 16
3918 3919 13
3918 4018 24
3919 3920 6
3919 4019 16
3920 3921 90
3920 4020 69
3921 3922 39
3921 4021 71
3922 3923 34
3922 4022 26
3923 3924 81
3923 4023 85
3924 3925 33
3924 4024 34
3925 3926 25
3925 4025 44
3926 3927 66
3926 4026 10
3927 3928 37
3927 4027 38
3928 3929 48
3928 4028 45
3929 3930 42
3929 4029 46
3930 3931 54
3930 4030 28
3931 3932 91
3931 4031 40
3932 3933 6
3932 4032 35
3933 3934 60
3933 4033 83
3934 3935 56
3934 4034 38
3935 3936 42
3935 4035 64
3936 3937 22
3936 4036 83
3937 3938 63
3937 4037 29
3938 3939 73
3938 4038 69
3939 3940 98
3939 4039 74
3940 3941 14
3940 4040 7
3941 3942 37
3941 4041 28
3942 3943 58
3942 4042 27
3943 3944 51
3943 4043 16
3944 3945 11
3944 4044 84
3945 3946 49
3945 4045 98
3946 3947 57
3946 4046 91
3947 3948 88
3947 4047 74
3948 3949 90
3948 4048 97
3949 3950 55
3949 4049 61
3950 3951 27
3950 4050 16
3951 3952 31
3951 4051 13
3952 3953 63
3952 4052 33
3953 3954 83
3953 4053 48
3954 3955 61
3954 4054 42
3955 3956 17
3955 4055 7
3956 3957 66
3956 4056 20
3957 3958 35
3957 4057 54
3958 3959 20
3958 4058 54
3959 3960 100
3959 4059 41
3960 3961 67
3960 4060 98
3961 3962 27
3961 4061 49
3962 3963 79
3962 4062 85
3963 3964 15
3963 4063 88
3964 3965 59
3964 4064 19
3965 3966 68
3965 4065 24
3966 3967 37
3966 4066 29
3967 3968 54
3967 4067 55
3968 3969 18
3968 4068 91
3969 3970 71
3969 4069 100
3970 3971 29
3970 4070 26
3971 3972 76
3971 4071 26
3972 3973 56
3972 4072 90
3973 3974 57
3973 4073 66
3974 3975 60
3974 4074 2
3975 3976 86
3975 4075 56
3976 3977 99
3976 4076 57
3977 3978 63
3977 4077 47
3978 3979 51
3978 4078 93
3979 3980 18
3979 4079 10
3980 3981 9
3980 4080 47
3981 3982 68
3981 4081 30
3982 3983 75
3982 4082 69
3983 3984 22
3983 4083 29
3984 3985 91
3984 4084 64
3985 3986 60
3985 4085 29
3986 3987 78
3986 4086 59
3987 3988 97
3987 4087 79
3988 3989 6
3988 4088 65
3989 3990 73
3989 4089 56
3990 3991 77
3990 4090 39
3991 3992 47
3991 4091 62
3992 3993 90
3992 4092 45
3993 3994 77
3993 4093 60
3994 3995 13
3994 4094 11
3995 3996 6
3995 4095 39
3996 3997 75
3996 4096 66
3997 3998 40
3997 4097 77
3998 3999 16
3998 4098 81
3999 4099 29
4000 4001 83
4000 4100 6
4001 4002 77
4001 4101 40
4002 4003 91
4002 4102 59
4003 4004 7
4003 4103 21
4004 4005 1
4004 4104 43
4005 4006 93
4005 4105 5
4006 4007 24
4006 4106 71
4007 4008 70
4007 4107 27
4008 4009 50
4008 4108 2
4009 4010 32
4009 4109 77
4010 4011 48
4010 4110 94
4011 4012 36
4011 4111 83
4012 4013 23
4012 4112 99
4013 4014 31
4013 4113 63
4014 4015 79
4014 4114 13
4015 4016 71
4015 4115 20
4016 4017 62
4016 4116 35
4017 4018 42
4017 4117 97
4018 4019 94
4018 4118 77
4019 4020 29
4019 4119 59
4020 4021 97
4020 4120 2
4021 4022 37
4021 4121 3
4022 4023 46
4022 4122 43
4023 4024 22
4023 4123 23
4024 4025 1
4024 4124 9
4025 4026 28
4025 4125 19
4026 4027 71
4026 4126 53
4027 4028 95
4027 4127 76
4028 4029 83
4028 4128 35
4029 4030 96
4029 4129 81
4030 4031 74
4030 4130 29
4031 4032 65
4031 4131 34
4032 4033 90
4032 4132 38
4033 4034 15
4033 4133 70
4034 4035 51
4034 4134 11
4035 4036 38
4035 4135 76
4036 4037 47
4036 4136 28
4037 4038 31
4037 4137 26
4038 4039 58
4038 4138 4
4039 4040 23
4039 4139 67
4040 4041 54
4040 4140 76
4041 4042 70
4041 4141 52
4042 4043 49
4042 4142 31
4043 4044 100
4043 4143 30
4044 4045 71
4044 4144 61
4045 4046 67
4045 4145 86
4046 4047 4
4046 4146 68
4047 4048 83
4047 4147 17
4048 4049 62
4048 4148 91
4049 4050 39
4049 4149 19
4050 4051 32
4050 4150 13
4051 4052 52
4051 4151 36
4052 4053 65
4052 4152 82
4053 4054 69
4053 4153 75
4054 4055 12
4054 4154 43
4055 4056 93
4055 4155 71
4056 4057 34
4056 4156 91
4057 4058 66
4057 4157 66
4058 4059 23
4058 4158 59
4059 4060 47
4059 4159 68
4060 4061 54
4060 4160 39
4061 4062 89
4061 4161 46
4062 4063 35
4062 4162 95
4063 4064 59
4063 4163 82
4064 4065 35
4064 4164 41
4065 4066 36
4065 4165 96
4066 4067 46
4066 4166 84
4067 4068 78
4067 4167 42
4068 4069 70
4068 4168 30
4069 4070 60
4069 4169 88
4070 4071 32
4070 4170 43
4071 4072 97
4071 4171 74
4072 4073 4
4072 4172 62
4073 4074 32
4073 4173 39
4074 4075 91
4074 4174 90
4075 4076 5
4075 4175 56
4076 4077 21
4076 4176 90
4077 4078 66
4077 4177 42
4078 4079 29
4078 4178 41
4079 4080 91
4079 4179 76
4080 4081 80
4080 4180 66
4081 4082 64
4081 4181 26
4082 4083 53
4082 4182 55
4083 4084 92
4083 4183 83
4084 4085 68
4084 4184 29
4085 4086 63
4085 4185 46
4086 4087 46
4086 4186 96
4087 4088 46
4087 4187 13
4088 4089 33
4088 4188 53
4089 4090 51
4089 4189 18
4090 4091 62
4090 4190 70
4091 4092 81
4091 4191 31
4092 4093 7
4092 4192 98
4093 4094 61
4093 4193 48
4094 4095 72
4094 4194 10
4095 4096 38
4095 4195 21
4096 4097 37
4096 4196 80
4097 4098 40
4097 4197 99
4098 4099 10
4098 4198 66
4099 4199 23
4100 4101 55
4100 4200 47
4101 4102 35
4101 4201 60
4102 4103 74
4102 4202 35
4103 4104 91
4103 4203 85
4104 4105 67
4104 4204 85
4105 4106 20
4105 4205 89
4106 4107 15
4106 4206 52
4107 4108 42
4107 4207 71
4108 4109 52
4108 4208 9
4109 4110 27
4109 4209 72
4110 4111 82
4110 4210 55
4111 4112 67
4111 4211 25
4112 4113 6
4112 4212 28
4113 4114 8
4113 4213 23
4114 4115 17
4114 4214 95
4115 4116 98
4115 4215 42
4116 4117 73
4116 4216 36
4117 4118 76
4117 4217 93
4118 4119 3
4118 4218 73
4119 4120 83
4119 4219 88
4120 4121 89
4120 4220 11
4121 4122 27
4121 4221 68
4122 4123 30
4122 4222 58
4123 4124 39
4123 4223 24
4124 4125 45
4124 4224 34
4125 4126 93
4125 4225 5
4126 4127 27
4126 4226 41
4127 4128 28
4127 4227 63
4128 4129 38
4128 4228 58
4129 4130 59
4129 4229 59
4130 4131 6
4130 4230 77
4131 4132 87
4131 4231 37
4132 4133 94
4132 4232 63
4133 4134 28
4133 4233 23
4134 4135 53
4134 4234 17
4135 4136 81
4135 4235 53
4136 4137 19
4136 4236 31
4137 4138 86
4137 4237 85
4138 4139 88
4138 4238 42
4139 4140 7
4139 4239 50
4140 4141 79
4140 4240 91
4141 4142 24
4141 4241 5
4142 4143 95
4142 4242 16
4143 4144 84
4143 4243 80
4144 4145 51
4144 4244 54
4145 4146 63
4145 4245 94
4146 4147 32
4146 4246 57
4147 4148 52
4147 4247 93
4148 4149 66
4148 4248 91
4149 4150 63
4149 4249 50
4150 4151 92
4150 4250 31
4151 4152 36
4151 4251 75
4152 4153 20
4152 4252 18
4153 4154 48
4153 4253 19
4154 4155 51
4154 4254 70
4155 4156 78
4155 4255 48
4156 4157 33
4156 4256 71
4157 4158 87
4157 4257 43
4158 4159 14
4158 4258 55
4159 4160 19
4159 4259 4
4160 4161 42
4160 4260 70
4161 4162 61
4161 4261 89
4162 4163 23
4162 4262 45
4163 4164 17
4163 4263 84
4164 4165 44
4164 4264 52
4165 4166 60
4165 4265 13
4166 4167 32
4166 4266 40
4167 4168 84
4167 4267 43
4168 4169 13
4168 4268 44
4169 4170 43
4169 4269 72
4170 4171 5
4170 4270 20
4171 4172 43
4171 4271 63
4172 4173 49
4172 4272 31
4173 4174 56
4173 4273 21
4174 4175 77
4174 4274 14
4175 4176 21
4175 4275 16
4176 4177 82
4176 4276 78
4177 4178 57
4177 4277 12
4178 4179 9
4178 4278 23
4179 4180 26
4179 4279 96
4180 4181 13
4180 4280 47
4181 4182 37
4181 4281 98
4182 4183 78
4182 4282 38
4183 4184 38
4183 4283 3
4184 4185 62
4184 4284 12
4185 4186 5
4185 4285 10
4186 4187 17
4186 4286 5
4187 4188 14
4187 4287 21
4188 4189 68
4188 4288 82
4189 4190 69
4189 4289 49
4190 4191 38
4190 4290 65
4191 4192 83
4191 4291 46
4192 4193 80
4192 4292 3
4193 4194 71
4193 4293 78
4194 4195 15
4194 4294 37
4195 4196 8
4195 4295 37
4196 4197 81
4196 4296 8
4197 4198 16
4197 4297 79
4198 4199 48
4198 4298 74
4199 4299 97
4200 4201 9
4200 4300 71
4201 4202 47
4201 4301 99
4202 4203 10
4202 4302 43
4203 4204 46
4203 4303 68
4204 4205 1
4204 4304 13
4205 4206 17
4205 4305 28
4206 4207 32
4206 4306 87
4207 4208 40
4207 4307 45
4208 4209 5
4208 4308 76
4209 4210 48
4209 4309 98
4210 4211 69
4210 4310 6
4211 4212 81
4211 4311 43
4212 4213 1
4212 4312 55
4213 4214 70
4213 4313 46
4214 4215 57
4214 4314 56
4215 4216 89
4215 4315 42
4216 4217 73
4216 4316 95
4217 4218 40
4217 4317 46
4218 4219 55
4218 4318 3
4219 4220 61
4219 4319 16
4220 4221 63
4220 4320 94
4221 4222 100
4221 4321 87
4222 4223 10
4222 4322 23
4223 4224 6
4223 4323 30
4224 4225 94
4224 4324 45
4225 4226 54
4225 4325 44
4226 4227 39
4226 4326 57
4227 4228 41
4227 4327 69
4228 4229 18
4228 4328 92
4229 4230 2
4229 4329 4
4230 4231 43
4230 4330 61
4231 4232 77
4231 4331 44
4232 4233 97
4232 4332 34
4233 4234 84
4233 4333 28
4234 4235 23
4234 4334 77
4235 4236 40
4235 4335 30
4236 4237 91
4236 4336 20
4237 4238 26
4237 4337 3
4238 4239 94
4238 4338 98
4239 4240 81
4239 4339 18
4240 4241 3
4240 4340 80
4241 4242 89
4241 4341 31
4242 4243 69
4242 4342 68
4243 4244 59
4243 4343 97
4244 4245 35
4244 4344 63
4245 4246 55
4245 4345 76
4246 4247 35
4246 4346 75
4247 4248 100
4247 4347 35
4248 4249 43
4248 4348 6
4249 4250 14
4249 4349 54
4250 4251 88
4250 4350 58
4251 4252 38
4251 4351 27
4252 4253 18
4252 4352 22
4253 4254 27
4253 4353 100
4254 4255 86
4254 4354 100
4255 4256 100
4255 4355 22
4256 4257 47
4256 4356 25
4257 4258 52
4257 4357 5
4258 4259 2
4258 4358 95
4259 4260 45
4259 4359 16
4260 4261 49
4260 4360 10
4261 4262 62
4261 4361 43
4262 4263 39
4262 4362 54
4263 4264 24
4263 4363 20
4264 4265 98
4264 4364 61
4265 4266 7
4265 4365 68
4266 4267 59
4266 4366 52
4267 4268 10
4267 4367 15
4268 4269 75
4268 4368 37
4269 4270 20
4269 4369 42
4270 4271 56
4270 4370 37
4271 4272 35
4271 4371 29
4272 4273 74
4272 4372 3
4273 4274 87
4273 4373 56
4274 4275 60
4274 4374 82
4275 4276 37
4275 4375 96
4276 4277 74
4276 4376 99
4277 4278 14
4277 4377 93
4278 4279 32
4278 4378 23
4279 4280 79
4279 4379 42
4280 4281 31
4280 4380 7
4281 4282 74
4281 4381 37
4282 4283 36
4282 4382 25
4283 4284 26
4283 4383 4
4284 4285 31
4284 4384 17
4285 4286 57
4285 4385 61
4286 4287 45
4286 4386 42
4287 4288 70
4287 4387 23
4288 4289 28
4288 4388 27
4289 4290 87
4289 4389 90
4290 4291 9
4290 4390 69
4291 4292 50
4291 4391 89
4292 4293 12
4292 4392 90
4293 4294 24
4293 4393 86
4294 4295 22
4294 4394 8
4295 4296 55
4295 4395 18
4296 4297 8
4296 4396 42
4297 4298 88
4297 4397 3
4298 4299 39
4298 4398 36
4299 4399 29
4300 4301 68
4300 4400 44
4301 4302 25
4301 4401 29
4302 4303 93
4302 4402 4
4303 4304 45
4303 4403 73
4304 4305 13
4304 4404 30
4305 4306 69
4305 4405 24
4306 4307 13
4306 4406 58
4307 4308 29
4307 4407 43
4308 4309 90
4308 4408 91
4309 4310 32
4309 4409 31
4310 4311 26
4310 4410 49
4311 4312 83
4311 4411 94
4312 4313 11
4312 4412 43
4313 4314 36
4313 4413 56
4314 4315 69
4314 4414 19
4315 4316 89
4315 4415 90
4316 4317 31
4316 4416 4
4317 4318 22
4317 4417 52
4318 4319 90
4318 4418 95
4319 4320 100
4319 4419 25
4320 4321 22
4320 4420 43
4321 4322 56
4321 4421 9
4322 4323 62
4322 4422 95
4323 4324 100
4323 4423 34
4324 4325 23
4324 4424 69
4325 4326 77
4325 4425 32
4326 4327 72
4326 4426 32
4327 4328 83
4327 4427 74
4328 4329 13
4328 4428 11
4329 4330 69
4329 4429 39
4330 4331 30
4330 4430 37
4331 4332 1
4331 4431 27
4332 4333 44
4332 4432 46
4333 4334 88
4333 4433 80
4334 4335 15
4334 4434 52
4335 4336 50
4335 4435 88
4336 4337 15
4336 4436 88
4337 4338 29
4337 4437 27
4338 4339 21
4338 4438 7
4339 4340 96
4339 4439 38
4340 4341 92
4340 4440 60
4341 4342 81
4341 4441 67
4342 4343 30
4342 4442 60
4343 4344 40
4343 4443 25
4344 4345 85
4344 4444 89
4345 4346 95
4345 4445 56
4346 4347 8
4346 4446 85
4347 4348 42
4347 4447 27
4348 4349 43
4348 4448 99
4349 4350 78
4349 4449 30
4350 4351 66
4350 4450 96
4351 4352 59
4351 4451 47
4352 4353 7
4352 4452 27
4353 4354 68
4353 4453 21
4354 4355 46
4354 4454 100
4355 4356 92
4355 4455 39
4356 4357 79
4356 4456 63
4357 4358 11
4357 4457 15
4358 4359 34
4358 4458 25
4359 4360 62
4359 4459 38
4360 4361 50
4360 4460 8
4361 4362 72
4361 4461 44
4362 4363 9
4362 4462 99
4363 4364 58
4363 4463 18
4364 4365 1
4364 4464 50
4365 4366 73
4365 4465 96
4366 4367 1
4366 4466 11
4367 4368 43
4367 4467 30
4368 4369 86
4368 4468 38
4369 4370 36
4369 4469 28
4370 4371 49
4370 4470 84
4371 4372 12
4371 4471 52
4372 4373 81
4372 4472 22
4373 4374 100
4373 4473 96
4374 4375 34
4374 4474 55
4375 4376 9
4375 4475 52
4376 4377 29
4376 4476 96
4377 4378 36
4377 4477 87
4378 4379 58
4378 4478 87
4379 4380 43
4379 4479 27
4380 4381 53
4380 4480 55
4381 4382 9
4381 4481 74
4382 4383 82
4382 4482 65
4383 4384 3
4383 4483 49
4384 4385 5
4384 4484 77
4385 4386 58
4385 4485 15
4386 4387 1
4386 4486 76
4387 4388 33
4387 4487 7
4388 4389 4
4388 4488 90
4389 4390 3
4389 4489 7
4390 4391 76
4390 4490 77
4391 4392 54
4391 4491 13
4392 4393 5
4392 4492 73
4393 4394 61
4393 4493 60
4394 4395 56
4394 4494 52
4395 4396 63
4395 4495 4
4396 4397 20
4396 4496 62
4397 4398 41
4397 4497 64
4398 4399 55
4398 4498 97
4399 4499 97
4400 4401 29
4400 4500 72
4401 4402 66
4401 4501 86
4402 4403 87
4402 4502 72
4403 4404 15
4403 4503 37
4404 4405 83
4404 4504 95
4405 4406 18
4405 4505 97
4406 4407 32
4406 4506 89
4407 4408 88
4407 4507 75
4408 4409 80
4408 4508 11
4409 4410 92
4409 4509 29
4410 4411 11
4410 4510 25
4411 4412 55
4411 4511 13
4412 4413 8
4412 4512 53
4413 4414 75
4413 4513 18
4414 4415 48
4414 4514 73
4415 4416 12
4415 4515 91
4416 4417 44
4416 4516 41
4417 4418 79
4417 4517 59
4418 4419 83
4418 4518 92
4419 4420 79
4419 4519 30
4420 4421 48
4420 4520 35
4421 4422 94
4421 4521 86
4422 4423 6
4422 4522 93
4423 4424 21
4423 4523 66
4424 4425 49
4424 4524 2
4425 4426 64
4425 4525 100
4426 4427 74
4426 4526 74
4427 4428 96
4427 4527 33
4428 4429 71
4428 4528 28
4429 4430 83
4429 4529 52
4430 4431 93
4430 4530 4
4431 4432 78
4431 4531 48
4432 4433 59
4432 4532 30
4433 4434 47
4433 4533 66
4434 4435 36
4434 4534 15
4435 4436 78
4435 4535 67
4436 4437 62
4436 4536 15
4437 4438 27
4437 4537 2
4438 4439 93
4438 4538 45
4439 4440 37
4439 4539 42
4440 4441 52
4440 4540 6
4441 4442 1
4441 4541 3
4442 4443 26
4442 4542 91
4443 4444 31
4443 4543 20
4444 4445 93
4444 4544 66
4445 4446 78
4445 4545 62
4446 4447 21
4446 4546 40
4447 4448 75
4447 4547 8
4448 4449 66
4448 4548 47
4449 4450 10
4449 4549 95
4450 4451 29
4450 4550 91
4451 4452 49
4451 4551 40
4452 4453 93
4452 4552 75
4453 4454 8
4453 4553 60
4454 4455 75
4454 4554 34
4455 4456 35
4455 4555 35
4456 4457 12
4456 4556 48
4457 4458 100
4457 4557 66
4458 4459 65
4458 4558 75
4459 4460 95
4459 4559 68
4460 4461 30
4460 4560 42
4461 4462 46
4461 4561 93
4462 4463 8
4462 4562 57
4463 4464 58
4463 4563 43
4464 4465 82
4464 4564 39
4465 4466 49
4465 4565 69
4466 4467 71
4466 4566 89
4467 4468 32
4467 4567 57
4468 4469 73
4468 4568 24
4469 4470 77
4469 4569 49
4470 4471 53
4470 4570 63
4471 4472 81
4471 4571 37
4472 4473 11
4472 4572 63
4473 4474 3
4473 4573 61
4474 4475 79
4474 4574 40
4475 4476 25
4475 4575 91
4476 4477 34
4476 4576 25
4477 4478 45
4477 4577 65
4478 4479 63
4478 4578 39
4479 4480 81
4479 4579 1
4480 4481 29
4480 4580 98
4481 4482 99
4481 4581 93
4482 4483 10
4482 4582 98
4483 4484 27
4483 4583 66
4484 4485 38
4484 4584 78
4485 4486 70
4485 4585 100
4486 4487 5
4486 4586 3
4487 4488 9
4487 4587 69
4488 4489 24
4488 4588 75
4489 4490 44
4489 4589 95
4490 4491 55
4490 4590 25
4491 4492 33
4491 4591 92
4492 4493 81
4492 4592 18
4493 4494 90
4493 4593 57
4494 4495 53
4494 4594 26
4495 4496 54
4495 4595 59
4496 4497 93
4496 4596 1
4497 4498 52
4497 4597 22
4498 4499 17
4498 4598 4
4499 4599 93
4500 4501 43
4500 4600 96
4501 4502 75
4501 4601 60
4502 4503 22
4502 4602 19
4503 4504 14
4503 4603 33
4504 4505 53
4504 4604 71
4505 4506 25
4505 4605 47
4506 4507 77
4506 4606 54
4507 4508 81
4507 4607 27
4508 4509 83
4508 4608 7
4509 4510 5
4509 4609 97
4510 4511 54
4510 4610 99
4511 4512 97
4511 4611 42
4512 4513 63
4512 4612 60
4513 4514 99
4513 4613 45
4514 4515 89
4514 4614 8
4515 4516 100
4515 4615 3
4516 4517 77
4516 4616 83
4517 4518 53
4517 4617 42
4518 4519 3
4518 4618 10
4519 4520 79
4519 4619 41
4520 4521 59
4520 4620 32
4521 4522 49
4521 4621 14
4522 4523 18
4522 4622 39
4523 4524 42
4523 4623 39
4524 4525 4
4524 4624 76
4525 4526 19
4525 4625 27
4526 4527 39
4526 4626 41
4527 4528 70
4527 4627 40
4528 4529 51
4528 4628 76
4529 4530 28
4529 4629 20
4530 4531 70
4530 4630 48
4531 4532 38
4531 4631 97
4532 4533 87
4532 4632 3
4533 4534 72
4533 4633 56
4534 4535 66
4534 4634 31
4535 4536 88
4535 4635 47
4536 4537 70
4536 4636 15
4537 4538 69
4537 4637 31
4538 4539 100
4538 4638 39
4539 4540 30
4539 4639 36
4540 4541 19
4540 4640 53
4541 4542 11
4541 4641 78
4542 4543 18
4542 4642 74
4543 4544 27
4543 4643 14
4544 4545 46
4544 4644 35
4545 4546 41
4545 4645 99
4546 4547 93
4546 4646 69
4547 4548 49
4547 4647 67
4548 4549 20
4548 4648 93
4549 4550 71
4549 4649 2
4550 4551 60
4550 4650 62
4551 4552 7
4551 4651 5
4552 4553 42
4552 4652 60
4553 4554 83
4553 4653 81
4554 4555 36
4554 4654 5
4555 4556 22
4555 4655 11
4556 4557 45
4556 4656 16
4557 4558 38
4557 4657 93
4558 4559 84
4558 4658 27
4559 4560 34
4559 4659 62
4560 4561 72
4560 4660 39
4561 4562 6
4561 4661 2
4562 4563 85
4562 4662 82
4563 4564 15
4563 4663 41
4564 4565 34
4564 4664 75
4565 4566 54
4565 4665 41
4566 4567 9
4566 4666 45
4567 4568 41
4567 4667 72
4568 4569 11
4568 4668 87
4569 4570 59
4569 4669 57
4570 4571 69
4570 4670 74
4571 4572 54
4571 4671 40
4572 4573 28
4572 4672 66
4573 4574 47
4573 4673 49
4574 4575 12
4574 4674 31
4575 4576 57
4575 4675 5
4576 4577 62
4576 4676 46
4577 4578 66
4577 4677 27
4578 4579 71
4578 4678 27
4579 4580 47
4579 4679 38
4580 4581 17
4580 4680 2
4581 4582 38
4581 4681 92
4582 4583 64
4582 4682 99
4583 4584 35
4583 4683 100
4584 4585 34
4584 4684 68
4585 4586 80
4585 4685 14
4586 4587 29
4586 4686 98
4587 4588 62
4587 4687 19
4588 4589 22
4588 4688 35
4589 4590 90
4589 4689 88
4590 4591 64
4590 4690 2
4591 4592 77
4591 4691 59
4592 4593 82
4592 4692 86
4593 4594 13
4593 4693 68
4594 4595 14
4594 4694 74
4595 4596 64
4595 4695 27
4596 4597 31
4596 4696 70
4597 4598 70
4597 4697 24
4598 4599 94
4598 4698 14
4599 4699 47
4600 4601 33
4600 4700 61
4601 4602 12
4601 4701 54
4602 4603 76
4602 4702 93
4603 4604 92
4603 4703 90
4604 4605 27
4604 4704 54
4605 4606 92
4605 4705 80
4606 4607 1
4606 4706 89
4607 4608 6
4607 4707 22
4608 4609 99
4608 4708 86
4609 4610 6
4609 4709 43
4610 4611 100
4610 4710 43
4611 4612 84
4611 4711 55
4612 4613 16
4612 4712 6
4613 4614 68
4613 4713 87
4614 4615 75
4614 4714 83
4615 4616 98
4615 4715 86
4616 4617 42
4616 4716 74
4617 4618 17
4617 4717 66
4618 4619 91
4618 4718 4
4619 4620 56
4619 4719 10
4620 4621 61
4620 4720 48
4621 4622 75
4621 4721 16
4622 4623 56
4622 4722 3
4623 4624 84
4623 4723 80
4624 4625 90
4624 4724 92
4625 4626 81
4625 4725 13
4626 4627 100
4626 4726 78
4627 4628 79
4627 4727 9
4628 4629 28
4628 4728 100
4629 4630 18
4629 4729 23
4630 4631 27
4630 4730 74
4631 4632 96
4631 4731 68
4632 4633 64
4632 4732 84
4633 4634 76
4633 4733 91
4634 4635 16
4634 4734 96
4635 4636 99
4635 4735 18
4636 4637 97
4636 4736 32
4637 4638 1
4637 4737 23
4638 4639 61
4638 4738 73
4639 4640 75
4639 4739 79
4640 4641 61
4640 4740 10
4641 4642 85
4641 4741 67
4642 4643 27
4642 4742 43
4643 4644 7
4643 4743 44
4644 4645 61
4644 4744 7
4645 4646 93
4645 4745 69
4646 4647 11
4646 4746 72
4647 4648 56
4647 4747 20
4648 4649 63
4648 4748 87
4649 4650 57
4649 4749 6
4650 4651 29
4650 4750 30
4651 4652 5
4651 4751 6
4652 4653 79
4652 4752 99
4653 4654 91
4653 4753 44
4654 4655 93
4654 4754 72
4655 4656 32
4655 4755 99
4656 4657 93
4656 4756 59
4657 4658 93
4657 4757 39
4658 4659 49
4658 4758 37
4659 4660 76
4659 4759 53
4660 4661 5
4660 4760 86
4661 4662 18
4661 4761 71
4662 4663 12
4662 4762 77
4663 4664 61
4663 4763 68
4664 4665 11
4664 4764 11
4665 4666 53
4665 4765 66
4666 4667 57
4666 4766 13
4667 4668 33
4667 4767 37
4668 4669 83
4668 4768 63
4669 4670 11
4669 4769 91
4670 4671 51
4670 4770 75
4671 4672 34
4671 4771 63
4672 4673 73
4672 4772 43
4673 4674 49
4673 4773 56
4674 4675 90
4674 4774 29
4675 4676 72
4675 4775 40
4676 4677 61
4676 4776 41
4677 4678 47
4677 4777 77
4678 4679 49
4678 4778 32
4679 4680 31
4679 4779 19
4680 4681 100
4680 4780 92
4681 4682 22
4681 4781 67
4682 4683 73
4682 4782 59
4683 4684 71
4683 4783 61
4684 4685 96
4684 4784 66
4685 4686 94
4685 4785 17
4686 4687 4
4686 4786 43
4687 4688 62
4687 4787 1
4688 4689 84
4688 4788 91
4689 4690 80
4689 4789 23
4690 4691 35
4690 4790 58
4691 4692 6
4691 4791 49
4692 4693 97
4692 4792 12
4693 4694 98
4693 4793 3
4694 4695 70
4694 4794 18
4695 4696 75
4695 4795 24
4696 4697 93
4696 4796 98
4697 4698 69
4697 4797 38
4698 4699 79
4698 4798 69
4699 4799 24
4700 4701 24
4700 4800 91
4701 4702 19
4701 4801 77
4702 4703 94
4702 4802 6
4703 4704 96
4703 4803 7
4704 4705 31
4704 4804 13
4705 4706 29
4705 4805 72
4706 4707 66
4706 4806 86
4707 4708 73
4707 4807 48
4708 4709 92
4708 4808 80
4709 4710 72
4709 4809 29
4710 4711 58
4710 4810 15
4711 4712 95
4711 4811 9
4712 4713 89
4712 4812 79
4713 4714 42
4713 4813 79
4714 4715 54
4714 4814 42
4715 4716 46
4715 4815 100
4716 4717 83
4716 4816 56
4717 4718 46
4717 4817 2
4718 4719 36
4718 4818 43
4719 4720 17
4719 4819 91
4720 4721 87
4720 4820 25
4721 4722 75
4721 4821 76
4722 4723 97
4722 4822 50
4723 4724 70
4723 4823 70
4724 4725 5
4724 4824 68
4725 4726 43
4725 4825 46
4726 4727 58
4726 4826 32
4727 4728 90
4727 4827 28
4728 4729 60
4728 4828 22
4729 4730 31
4729 4829 10
4730 4731 40
4730 4830 18
4731 4732 39
4731 4831 26
4732 4733 95
4732 4832 11
4733 4734 87
4733 4833 51
4734 4735 69
4734 4834 55
4735 4736 51
4735 4835 62
4736 4737 95
4736 4836 72
4737 4738 16
4737 4837 92
4738 4739 30
4738 4838 48
4739 4740 8
4739 4839 57
4740 4741 43
4740 4840 11
4741 4742 51
4741 4841 95
4742 4743 54
4742 4842 82
4743 4744 48
4743 4843 9
4744 4745 14
4744 4844 42
4745 4746 13
4745 4845 63
4746 4747 51
4746 4846 92
4747 4748 28
4747 4847 87
4748 4749 70
4748 4848 40
4749 4750 22
4749 4849 90
4750 4751 61
4750 4850 84
4751 4752 82
4751 4851 25
4752 4753 8
4752 4852 25
4753 4754 60
4753 4853 80
4754 4755 96
4754 4854 26
4755 4756 92
4755 4855 44
4756 4757 40
4756 4856 66
4757 4758 19
4757 4857 38
4758 4759 34
4758 4858 32
4759 4760 61
4759 4859 47
4760 4761 76
4760 4860 50
4761 4762 52
4761 4861 3
4762 4763 11
4762 4862 34
4763 4764 68
4763 4863 6
4764 4765 13
4764 4864 14
4765 4766 8
4765 4865 41
4766 4767 63
4766 4866 20
4767 4768 58
4767 4867 92
4768 4769 34
4768 4868 53
4769 4770 15
4769 4869 100
4770 4771 84
4770 4870 47
4771 4772 26
4771 4871 92
4772 4773 26
4772 4872 36
4773 4774 79
4773 4873 61
4774 4775 2
4774 4874 43
4775 4776 12
4775 4875 27
4776 4777 80
4776 4876 83
4777 4778 12
4777 4877 52
4778 4779 29
4778 4878 95
4779 4780 84
4779 4879 28
4780 4781 8
4780 4880 22
4781 4782 15
4781 4881 71
4782 4783 19
4782 4882 94
4783 4784 38
4783 4883 34
4784 4785 13
4784 4884 69
4785 4786 49
4785 4885 76
4786 4787 88
4786 4886 59
4787 4788 73
4787 4887 97
4788 4789 99
4788 4888 47
4789 4790 95
4789 4889 54
4790 4791 23
4790 4890 90
4791 4792 22
4791 4891 92
4792 4793 63
4792 4892 61
4793 4794 53
4793 4893 96
4794 4795 28
4794 4894 48
4795 4796 40
4795 4895 40
4796 4797 46
4796 4896 40
4797 4798 45
4797 4897 43
4798 4799 70
4798 4898 74
4799 4899 38
4800 4801 47
4800 4900 9
4801 4802 67
4801 4901 79
4802 4803 76
4802 4902 36
4803 4804 50
4803 4903 6
4804 4805 50
4804 4904 9
4805 4806 69
4805 4905 32
4806 4807 100
4806 4906 45
4807 4808 41
4807 4907 78
4808 4809 27
4808 4908 8
4809 4810 12
4809 4909 48
4810 4811 57
4810 4910 69
4811 4812 27
4811 4911 83
4812 4813 27
4812 4912 1
4813 4814 15
4813 4913 5
4814 4815 67
4814 4914 91
4815 4816 77
4815 4915 68
4816 4817 56
4816 4916 38
4817 4818 83
4817 4917 19
4818 4819 100
4818 4918 59
4819 4820 1
4819 4919 93
4820 4821 32
4820 4920 89
4821 4822 15
4821 4921 100
4822 4823 70
4822 4922 99
4823 4824 52
4823 4923 25
4824 4825 55
4824 4924 13
4825 4826 32
4825 4925 16
4826 4827 69
4826 4926 3
4827 4828 75
4827 4927 30
4828 4829 36
4828 4928 100
4829 4830 37
4829 4929 83
4830 4831 78
4830 4930 2
4831 4832 66
4831 4931 30
4832 4833 61
4832 4932 52
4833 4834 99
4833 4933 95
4834 4835 4
4834 4934 69
4835 4836 3
4835 4935 41
4836 4837 70
4836 4936 11
4837 4838 89
4837 4937 93
4838 4839 70
4838 4938 57
4839 4840 27
4839 4939 11
4840 4841 93
4840 4940 57
4841 4842 24
4841 4941 60
4842 4843 91
4842 4942 39
4843 4844 12
4843 4943 17
4844 4845 16
4844 4944 34
4845 4846 64
4845 4945 52
4846 4847 76
4846 4946 96
4847 4848 69
4847 4947 89
4848 4849 97
4848 4948 75
4849 4850 61
4849 4949 86
4850 4851 84
4850 4950 55
4851 4852 21
4851 4951 71
4852 4853 36
4852 4952 75
4853 4854 10
4853 4953 98
4854 4855 51
4854 4954 27
4855 4856 47
4855 4955 56
4856 4857 73
4856 4956 48
4857 4858 13
4857 4957 86
4858 4859 98
4858 4958 55
4859 4860 90
4859 4959 3
4860 4861 11
4860 4960 81
4861 4862 5
4861 4961 42
4862 4863 100
4862 4962 53
4863 4864 87
4863 4963 56
4864 4865 33
4864 4964 46
4865 4866 46
4865 4965 88
4866 4867 69
4866 4966 32
4867 4868 41
4867 4967 39
4868 4869 36
4868 4968 81
4869 4870 92
4869 4969 55
4870 4871 85
4870 4970 75
4871 4872 63
4871 4971 63
4872 4873 58
4872 4972 69
4873 4874 23
4873 4973 18
4874 4875 80
4874 4974 38
4875 4876 94
4875 4975 29
4876 4877 88
4876 4976 83
4877 4878 44
4877 4977 87
4878 4879 12
4878 4978 95
4879 4880 62
4879 4979 8
4880 4881 20
4880 4980 95
4881 4882 46
4881 4981 33
4882 4883 97
4882 4982 92
4883 4884 5
4883 4983 52
4884 4885 43
4884 4984 85
4885 4886 81
4885 4985 76
4886 4887 27
4886 4986 86
4887 4888 56
4887 4987 81
4888 4889 52
4888 4988 53
4889 4890 14
4889 4989 94
4890 4891 20
4890 4990 85
4891 4892 47
4891 4991 31
4892 4893 71
4892 4992 73
4893 4894 16
4893 4993 89
4894 4895 59
4894 4994 29
4895 4896 44
4895 4995 65
4896 4897 91
4896 4996 44
4897 4898 92
4897 4997 38
4898 4899 13
4898 4998 72
4899 4999 21
4900 4901 23
4900 5000 56
4901 4902 35
4901 5001 14
4902 4903 81
4902 5002 67
4903 4904 54
4903 5003 56
4904 4905 57
4904 5004 80
4905 4906 57
4905 5005 70
4906 4907 67
4906 5006 53
4907 4908 58
4907 5007 58
4908 4909 64
4908 5008 45
4909 4910 52
4909 5009 91
4910 4911 62
4910 5010 41
4911 4912 56
4911 5011 73
4912 4913 82
4912 5012 61
4913 4914 34
4913 5013 66
4914 4915 77
4914 5014 57
4915 4916 87
4915 5015 7
4916 4917 32
4916 5016 48
4917 4918 34
4917 5017 47
4918 4919 79
4918 5018 100
4919 4920 86
4919 5019 37
4920 4921 8
4920 5020 62
4921 4922 99
4921 5021 2
4922 4923 34
4922 5022 37
4923 4924 5
4923 5023 9
4924 4925 73
4924 5024 30
4925 4926 78
4925 5025 39
4926 4927 81
4926 5026 78
4927 4928 2
4927 5027 91
4928 4929 36
4928 5028 11
4929 4930 81
4929 5029 70
4930 4931 52
4930 5030 54
4931 4932 94
4931 5031 41
4932 4933 54
4932 5032 82
4933 4934 52
4933 5033 11
4934 4935 24
4934 5034 50
4935 4936 27
4935 5035 79
4936 4937 18
4936 5036 85
4937 4938 76
4937 5037 87
4938 4939 58
4938 5038 35
4939 4940 53
4939 5039 14
4940 4941 81
4940 5040 9
4941 4942 4
4941 5041 25
4942 4943 70
4942 5042 6
4943 4944 31
4943 5043 36
4944 4945 54
4944 5044 96
4945 4946 98
4945 5045 9
4946 4947 10
4946 5046 58
4947 4948 88
4947 5047 18
4948 4949 18
4948 5048 12
4949 4950 3
4949 5049 39
4950 4951 18
4950 5050 5
4951 4952 20
4951 5051 76
4952 4953 11
4952 5052 30
4953 4954 32
4953 5053 9
4954 4955 79
4954 5054 63
4955 4956 50
4955 5055 89
4956 4957 18
4956 5056 54
4957 4958 49
4957 5057 72
4958 4959 50
4958 5058 45
4959 4960 9
4959 5059 67
4960 4961 78
4960 5060 81
4961 4962 7
4961 5061 27
4962 4963 63
4962 5062 6
4963 4964 18
4963 5063 54
4964 4965 67
4964 5064 58
4965 4966 5
4965 5065 43
4966 4967 72
4966 5066 49
4967 4968 25
4967 5067 86
4968 4969 86
4968 5068 28
4969 4970 35
4969 5069 79
4970 4971 21
4970 5070 1
4971 4972 13
4971 5071 4
4972 4973 74
4972 5072 35
4973 4974 31
4973 5073 54
4974 4975 63
4974 5074 79
4975 4976 43
4975 5075 57
4976 4977 2
4976 5076 86
4977 4978 64
4977 5077 39
4978 4979 23
4978 5078 55
4979 4980 63
4979 5079 30
4980 4981 95
4980 5080 89
4981 4982 36
4981 5081 3
4982 4983 38
4982 5082 26
4983 4984 71
4983 5083 80
4984 4985 4
4984 5084 7
4985 4986 25
4985 5085 19
4986 4987 84
4986 5086 77
4987 4988 81
4987 5087 57
4988 4989 33
4988 5088 13
4989 4990 69
4989 5089 57
4990 4991 67
4990 5090 16
4991 4992 38
4991 5091 68
4992 4993 18
4992 5092 13
4993 4994 27
4993 5093 47
4994 4995 74
4994 5094 87
4995 4996 19
4995 5095 13
4996 4997 8
4996 5096 28
4997 4998 61
4997 5097 87
4998 4999 36
4998 5098 36
4999 5099 22
5000 5001 62
5000 5100 68
5001 5002 13
5001 5101 34
5002 5003 63
5002 5102 21
5003 5004 98
5003 5103 67
5004 5005 11
5004 5104 52
5005 5006 3
5005 5105 3
5006 5007 26
5006 5106 49
5007 5008 68
5007 5107 88
5008 5009 70
5008 5108 32
5009 5010 57
5009 5109 71
5010 5011 25
5010 5110 5
5011 5012 59
5011 5111 23
5012 5013 7
5012 5112 90
5013 5014 60
5013 5113 96
5014 5015 50
5014 5114 99
5015 5016 3
5015 5115 24
5016 5017 57
5016 5116 51
5017 5018 43
5017 5117 1
5018 5019 40
5018 5118 14
5019 5020 66
5019 5119 69
5020 5021 66
5020 5120 39
5021 5022 46
5021 5121 56
5022 5023 29
5022 5122 65
5023 5024 35
5023 5123 45
5024 5025 11
5024 5124 77
5025 5026 76
5025 5125 16
5026 5027 45
5026 5126 39
5027 5028 8
5027 5127 14
5028 5029 5
5028 5128 98
5029 5030 97
5029 5129 45
5030 5031 93
5030 5130 69
5031 5032 43
5031 5131 71
5032 5033 56
5032 5132 29
5033 5034 24
5033 5133 60
5034 5035 6
5034 5134 45
5035 5036 36
5035 5135 34
5036 5037 39
5036 5136 2
5037 5038 9
5037 5137 70
5038 5039 49
5038 5138 43
5039 5040 41
5039 5139 11
5040 5041 29
5040 5140 56
5041 5042 34
5041 5141 45
5042 5043 89
5042 5142 75
5043 5044 52
5043 5143 40
5044 5045 53
5044 5144 68
5045 5046 90
5045 5145 88
5046 5047 84
5046 5146 12
5047 5048 60
5047 5147 99
5048 5049 39
5048 5148 13
5049 5050 25
5049 5149 45
5050 5051 16
5050 5150 33
5051 5052 8
5051 5151 28
5052 5053 29
5052 5152 84
5053 5054 85
5053 5153 15
5054 5055 52
5054 5154 15
5055 5056 54
5055 5155 5
5056 5057 10
5056 5156 27
5057 5058 81
5057 5157 28
5058 5059 23
5058 5158 23
5059 5060 1
5059 5159 62
5060 5061 25
5060 5160 48
5061 5062 63
5061 5161 77
5062 5063 31
5062 5162 35
5063 5064 15
5063 5163 83
5064 5065 7
5064 5164 24
5065 5066 65
5065 5165 54
5066 5067 91
5066 5166 42
5067 5068 70
5067 5167 99
5068 5069 44
5068 5168 82
5069 5070 29
5069 5169 24
5070 5071 76
5070 5170 74
5071 5072 58
5071 5171 64
5072 5073 81
5072 5172 71
5073 5074 42
5073 5173 99
5074 5075 73
5074 5174 46
5075 5076 10
5075 5175 32
5076 5077 9
5076 5176 85
5077 5078 26
5077 5177 91
5078 5079 42
5078 5178 58
5079 5080 38
5079 5179 43
5080 5081 78
5080 5180 78
5081 5082 82
5081 5181 69
5082 5083 84
5082 5182 52
5083 5084 67
5083 5183 15
5084 5085 8
5084 5184 35
5085 5086 51
5085 5185 29
5086 5087 54
5086 5186 78
5087 5088 25
5087 5187 78
5088 5089 35
5088 5188 100
5089 5090 95
5089 5189 31
5090 5091 77
5090 5190 5
5091 5092 94
5091 5191 84
5092 5093 87
5092 5192 48
5093 5094 16
5093 5193 92
5094 5095 16
5094 5194 1
5095 5096 70
5095 5195 32
5096 5097 3
5096 5196 54
5097 5098 24
5097 5197 11
5098 5099 80
5098 5198 39
5099 5199 17
5100 5101 37
5100 5200 38
5101 5102 4
5101 5201 31
5102 5103 90
5102 5202 49
5103 5104 69
5103 5203 72
5104 5105 15
5104 5204 78
5105 5106 49
5105 5205 56
5106 5107 56
5106 5206 3
5107 5108 2
5107 5207 87
5108 5109 56
5108 5208 5
5109 5110 48
5109 5209 35
5110 5111 98
5110 5210 30
5111 5112 84
5111 5211 47
5112 5113 37
5112 5212 47
5113 5114 85
5113 5213 92
5114 5115 36
5114 5214 98
5115 5116 40
5115 5215 65
5116 5117 1
5116 5216 85
5117 5118 33
5117 5217 46
5118 5119 19
5118 5218 79
5119 5120 62
5119 5219 65
5120 5121 73
5120 5220 12
5121 5122 11
5121 5221 44
5122 5123 2
5122 5222 29
5123 5124 79
5123 5223 55
5124 5125 96
5124 5224 70
5125 5126 2
5125 5225 91
5126 5127 11
5126 5226 64
5127 5128 76
5127 5227 46
5128 5129 59
5128 5228 35
5129 5130 27
5129 5229 89
5130 5131 100
5130 5230 41
5131 5132 45
5131 5231 75
5132 5133 13
5132 5232 58
5133 5134 22
5133 5233 71
5134 5135 4
5134 5234 54
5135 5136 45
5135 5235 81
5136 5137 35
5136 5236 41
5137 5138 45
5137 5237 84
5138 5139 61
5138 5238 21
5139 5140 74
5139 5239 64
5140 5141 75
5140 5240 79
5141 5142 38
5141 5241 83
5142 5143 85
5142 5242 50
5143 5144 4
5143 5243 81
5144 5145 13
5144 5244 64
5145 5146 83
5145 5245 8
5146 5147 3
5146 5246 20
5147 5148 4
5147 5247 7
5148 5149 36
5148 5248 63
5149 5150 10
5149 5249 39
5150 5151 69
5150 5250 99
5151 5152 82
5151 5251 5
5152 5153 30
5152 5252 47
5153 5154 44
5153 5253 59
5154 5155 29
5154 5254 20
5155 5156 17
5155 5255 45
5156 5157 37
5156 5256 47
5157 5158 44
5157 5257 28
5158 5159 85
5158 5258 75
5159 5160 31
5159 5259 81
5160 5161 55
5160 5260 26
5161 5162 90
5161 5261 33
5162 5163 21
5162 5262 48
5163 5164 100
5163 5263 1
5164 5165 87
5164 5264 26
5165 5166 66
5165 5265 78
5166 5167 81
5166 5266 94
5167 5168 98
5167 5267 11
5168 5169 20
5168 5268 28
5169 5170 64
5169 5269 98
5170 5171 78
5170 5270 90
5171 5172 95
5171 5271 62
5172 5173 27
5172 5272 50
5173 5174 7
5173 5273 41
5174 5175 68
5174 5274 60
5175 5176 79
5175 5275 95
5176 5177 30
5176 5276 63
5177 5178 80
5177 5277 55
5178 5179 74
5178 5278 61
5179 5180 25
5179 5279 70
5180 5181 92
5180 5280 14
5181 5182 21
5181 5281 11
5182 5183 10
5182 5282 94
5183 5184 15
5183 5283 24
5184 5185 73
5184 5284 7
5185 5186 61
5185 5285 44
5186 5187 40
5186 5286 11
5187 5188 53
5187 5287 34
5188 5189 36
5188 5288 20
5189 5190 51
5189 5289 67
5190 5191 48
5190 5290 89
5191 5192 24
5191 5291 29
5192 5193 89
5192 5292 13
5193 5194 68
5193 5293 2
5194 5195 45
5194 5294 34
5195 5196 48
5195 5295 16
5196 5197 87
5196 5296 4
5197 5198 68
5197 5297 19
5198 5199 71
5198 5298 21
5199 5299 83
5200 5201 89
5200 5300 20
5201 5202 36
5201 5301 98
5202 5203 86
5202 5302 34
5203 5204 94
5203 5303 57
5204 5205 11
5204 5304 61
5205 5206 14
5205 5305 18
5206 5207 82
5206 5306 94
5207 5208 14
5207 5307 80
5208 5209 76
5208 5308 80
5209 5210 47
5209 5309 15
5210 5211 72
5210 5310 68
5211 5212 52
5211 5311 7
5212 5213 52
5212 5312 18
5213 5214 10
5213 5313 75
5214 5215 29
5214 5314 71
5215 5216 37
5215 5315 21
5216 5217 52
5216 5316 57
5217 5218 16
5217 5317 52
5218 5219 11
5218 5318 14
5219 5220 93
5219 5319 65
5220 5221 40
5220 5320 25
5221 5222 66
5221 5321 34
5222 5223 28
5222 5322 17
5223 5224 98
5223 5323 72
5224 5225 21
5224 5324 68
5225 5226 49
5225 5325 65
5226 5227 30
5226 5326 17
5227 5228 12
5227 5327 68
5228 5229 51
5228 5328 80
5229 5230 34
5229 5329 77
5230 5231 65
5230 5330 95
5231 5232 31
5231 5331 29
5232 5233 95
5232 5332 21
5233 5234 98
5233 5333 54
5234 5235 48
5234 5334 34
5235 5236 70
5235 5335 31
5236 5237 93
5236 5336 80
5237 5238 43
5237 5337 24
5238 5239 76
5238 5338 31
5239 5240 11
5239 5339 41
5240 5241 74
5240 5340 25
5241 5242 36
5241 5341 49
5242 5243 74
5242 5342 38
5243 5244 19
5243 5343 89
5244 5245 39
5244 5344 46
5245 5246 92
5245 5345 55
5246 5247 20
5246 5346 39
5247 5248 47
5247 5347 71
5248 5249 52
5248 5348 55
5249 5250 18
5249 5349 13
5250 5251 65
5250 5350 95
5251 5252 25
5251 5351 85
5252 5253 54
5252 5352 11
5253 5254 50
5253 5353 23
5254 5255 24
5254 5354 43
5255 5256 39
5255 5355 18
5256 5257 1
5256 5356 34
5257 5258 63
5257 5357 80
5258 5259 4
5258 5358 5
5259 5260 48
5259 5359 16
5260 5261 78
5260 5360 78
5261 5262 6
5261 5361 45
5262 5263 34
5262 5362 36
5263 5264 68
5263 5363 35
5264 5265 25
5264 5364 7
5265 5266 97
5265 5365 29
5266 5267 97
5266 5366 82
5267 5268 80
5267 5367 2
5268 5269 35
5268 5368 13
5269 5270 57
5269 5369 76
5270 5271 8
5270 5370 36
5271 5272 55
5271 5371 59
5272 5273 29
5272 5372 27
5273 5274 34
5273 5373 54
5274 5275 91
5274 5374 75
5275 5276 66
5275 5375 76
5276 5277 82
5276 5376 20
5277 5278 78
5277 5377 22
5278 5279 62
5278 5378 32
5279 5280 51
5279 5379 54
5280 5281 1
5280 5380 74
5281 5282 38
5281 5381 89
5282 5283 56
5282 5382 93
5283 5284 13
5283 5383 18
5284 5285 64
5284 5384 79
5285 5286 39
5285 5385 79
5286 5287 73
5286 5386 76
5287 5288 62
5287 5387 32
5288 5289 21
5288 5388 100
5289 5290 85
5289 5389 34
5290 5291 44
5290 5390 28
5291 5292 68
5291 5391 42
5292 5293 32
5292 5392 94
5293 5294 27
5293 5393 75
5294 5295 77
5294 5394 43
5295 5296 53
5295 5395 66
5296 5297 55
5296 5396 16
5297 5298 37
5297 5397 62
5298 5299 55
5298 5398 29
5299 5399 66
5300 5301 69
5300 5400 69
5301 5302 20
5301 5401 100
5302 5303 23
5302 5402 43
5303 5304 9
5303 5403 78
5304 5305 21
5304 5404 75
5305 5306 78
5305 5405 69
5306 5307 21
5306 5406 90
5307 5308 48
5307 5407 67
5308 5309 68
5308 5408 81
5309 5310 31
5309 5409 2
5310 5311 100
5310 5410 83
5311 5312 31
5311 5411 15
5312 5313 69
5312 5412 61
5313 5314 67
5313 5413 74
5314 5315 16
5314 5414 54
5315 5316 90
5315 5415 24
5316 5317 12
5316 5416 58
5317 5318 81
5317 5417 96
5318 5319 17
5318 5418 89
5319 5320 80
5319 5419 13
5320 5321 82
5320 5420 94
5321 5322 81
5321 5421 81
5322 5323 66
5322 5422 6
5323 5324 39
5323 5423 51
5324 5325 88
5324 5424 72
5325 5326 52
5325 5425 17
5326 5327 85
5326 5426 90
5327 5328 95
5327 5427 4
5328 5329 74
5328 5428 33
5329 5330 73
5329 5429 94
5330 5331 26
5330 5430 40
5331 5332 7
5331 5431 54
5332 5333 6
5332 5432 11
5333 5334 92
5333 5433 28
5334 5335 65
5334 5434 19
5335 5336 42
5335 5435 24
5336 5337 64
5336 5436 57
5337 5338 88
5337 5437 69
5338 5339 43
5338 5438 36
5339 5340 29
5339 5439 99
5340 5341 16
5340 5440 92
5341 5342 71
5341 5441 6
5342 5343 16
5342 5442 77
5343 5344 87
5343 5443 26
5344 5345 61
5344 5444 25
5345 5346 30
5345 5445 92
5346 5347 33
5346 5446 22
5347 5348 38
5347 5447 43
5348 5349 50
5348 5448 12
5349 5350 68
5349 5449 23
5350 5351 30
5350 5450 63
5351 5352 41
5351 5451 23
5352 5353 81
5352 5452 62
5353 5354 99
5353 5453 50
5354 5355 73
5354 5454 82
5355 5356 22
5355 5455 1
5356 5357 38
5356 5456 71
5357 5358 32
5357 5457 4
5358 5359 24
5358 5458 90
5359 5360 38
5359 5459 39
5360 5361 19
5360 5460 72
5361 5362 77
5361 5461 60
5362 5363 65
5362 5462 47
5363 5364 58
5363 5463 34
5364 5365 22
5364 5464 41
5365 5366 42
5365 5465 14
5366 5367 1
5366 5466 50
5367 5368 50
5367 5467 2
5368 5369 47
5368 5468 52
5369 5370 43
5369 5469 86
5370 5371 83
5370 5470 51
5371 5372 65
5371 5471 47
5372 5373 85
5372 5472 43
5373 5374 54
5373 5473 96
5374 5375 51
5374 5474 37
5375 5376 22
5375 5475 1
5376 5377 42
5376 5476 18
5377 5378 74
5377 5477 78
5378 5379 17
5378 5478 7
5379 5380 46
5379 5479 100
5380 5381 61
5380 5480 74
5381 5382 56
5381 5481 23
5382 5383 90
5382 5482 74
5383 5384 49
5383 5483 64
5384 5385 25
5384 5484 31
5385 5386 31
5385 5485 44
5386 5387 87
5386 5486 69
5387 5388 44
5387 5487 34
5388 5389 5
5388 5488 46
5389 5390 97
5389 5489 89
5390 5391 62
5390 5490 87
5391 5392 69
5391 5491 84
5392 5393 16
5392 5492 59
5393 5394 54
5393 5493 63
5394 5395 2
5394 5494 92
5395 5396 92
5395 5495 81
5396 5397 16
5396 5496 11
5397 5398 18
5397 5497 16
5398 5399 28
5398 5498 27
5399 5499 37
5400 5401 38
5400 5500 71
5401 5402 54
5401 5501 19
5402 5403 1
5402 5502 34
5403 5404 92
5403 5503 21
5404 5405 49
5404 5504 27
5405 5406 3
5405 5505 18
5406 5407 11
5406 5506 17
5407 5408 88
5407 5507 60
5408 5409 38
5408 5508 51
5409 5410 58
5409 5509 68
5410 5411 18
5410 5510 4
5411 5412 47
5411 5511 30
5412 5413 68
5412 5512 29
5413 5414 33
5413 5513 27
5414 5415 17
5414 5514 8
5415 5416 60
5415 5515 80
5416 5417 68
5416 5516 58
5417 5418 63
5417 5517 52
5418 5419 79
5418 5518 95
5419 5420 53
5419 5519 93
5420 5421 62
5420 5520 41
5421 5422 94
5421 5521 72
5422 5423 22
5422 5522 43
5423 5424 47
5423 5523 43
5424 5425 89
5424 5524 21
5425 5426 77
5425 5525 69
5426 5427 35
5426 5526 54
5427 5428 75
5427 5527 41
5428 5429 11
5428 5528 2
5429 5430 90
5429 5529 19
5430 5431 8
5430 5530 62
5431 5432 46
5431 5531 21
5432 5433 58
5432 5532 32
5433 5434 81
5433 5533 21
5434 5435 1
5434 5534 16
5435 5436 40
5435 5535 81
5436 5437 47
5436 5536 17
5437 5438 26
5437 5537 91
5438 5439 7
5438 5538 73
5439 5440 40
5439 5539 11
5440 5441 10
5440 5540 89
5441 5442 91
5441 5541 72
5442 5443 19
5442 5542 1
5443 5444 85
5443 5543 94
5444 5445 12
5444 5544 73
5445 5446 15
5445 5545 23
5446 5447 83
5446 5546 41
5447 5448 93
5447 5547 55
5448 5449 95
5448 5548 99
5449 5450 80
5449 5549 3
5450 5451 83
5450 5550 86
5451 5452 60
5451 5551 99
5452 5453 9
5452 5552 50
5453 5454 29
5453 5553 44
5454 5455 37
5454 5554 31
5455 5456 84
5455 5555 98
5456 5457 65
5456 5556 19
5457 5458 96
5457 5557 9
5458 5459 17
5458 5558 69
5459 5460 52
5459 5559 95
5460 5461 92
5460 5560 88
5461 5462 5
5461 5561 38
5462 5463 13
5462 5562 90
5463 5464 55
5463 5563 52
5464 5465 64
5464 5564 66
5465 5466 80
5465 5565 69
5466 5467 85
5466 5566 8
5467 5468 46
5467 5567 68
5468 5469 96
5468 5568 60
5469 5470 54
5469 5569 22
5470 5471 48
5470 5570 24
5471 5472 11
5471 5571 12
5472 5473 38
5472 5572 68
5473 5474 28
5473 5573 57
5474 5475 17
5474 5574 45
5475 5476 50
5475 5575 45
5476 5477 51
5476 5576 90
5477 5478 86
5477 5577 72
5478 5479 58
5478 5578 92
5479 5480 23
5479 5579 94
5480 5481 46
5480 5580 24
5481 5482 89
5481 5581 11
5482 5483 88
5482 5582 100
5483 5484 49
5483 5583 80
5484 5485 20
5484 5584 71
5485 5486 97
5485 5585 54
5486 5487 5
5486 5586 97
5487 5488 92
5487 5587 19
5488 5489 20
5488 5588 30
5489 5490 7
5489 5589 19
5490 5491 39
5490 5590 62
5491 5492 71
5491 5591 24
5492 5493 4
5492 5592 35
5493 5494 63
5493 5593 6
5494 5495 63
5494 5594 45
5495 5496 91
5495 5595 66
5496 5497 46
5496 5596 24
5497 5498 11
5497 5597 2
5498 5499 63
5498 5598 23
5499 5599 53
5500 5501 19
5500 5600 44
5501 5502 43
5501 5601 78
5502 5503 3
5502 5602 18
5503 5504 78
5503 5603 40
5504 5505 2
5504 5604 48
5505 5506 19
5505 5605 49
5506 5507 68
5506 5606 28
5507 5508 20
5507 5607 48
5508 5509 3
5508 5608 92
5509 5510 52
5509 5609 77
5510 5511 60
5510 5610 87
5511 5512 90
5511 5611 39
5512 5513 4
5512 5612 91
5513 5514 67
5513 5613 54
5514 5515 22
5514 5614 43
5515 5516 36
5515 5615 96
5516 5517 60
5516 5616 97
5517 5518 28
5517 5617 89
5518 5519 90
5518 5618 97
5519 5520 46
5519 5619 22
5520 5521 45
5520 5620 30
5521 5522 58
5521 5621 94
5522 5523 51
5522 5622 7
5523 5524 78
5523 5623 73
5524 5525 96
5524 5624 35
5525 5526 99
5525 5625 58
5526 5527 48
5526 5626 62
5527 5528 22
5527 5627 40
5528 5529 49
5528 5628 71
5529 5530 98
5529 5629 70
5530 5531 1
5530 5630 18
5531 5532 60
5531 5631 11
5532 5533 73
5532 5632 7
5533 5534 27
5533 5633 62
5534 5535 42
5534 5634 30
5535 5536 2
5535 5635 43
5536 5537 79
5536 5636 42
5537 5538 55
5537 5637 18
5538 5539 8
5538 5638 25
5539 5540 5
5539 5639 65
5540 5541 2
5540 5640 13
5541 5542 82
5541 5641 44
5542 5543 24
5542 5642 53
5543 5544 55
5543 5643 30
5544 5545 10
5544 5644 60
5545 5546 78
5545 5645 3
5546 5547 5
5546 5646 38
5547 5548 91
5547 5647 17
5548 5549 37
5548 5648 42
5549 5550 31
5549 5649 81
5550 5551 39
5550 5650 59
5551 5552 73
5551 5651 86
5552 5553 61
5552 5652 100
5553 5554 86
5553 5653 97
5554 5555 88
5554 5654 68
5555 5556 53
5555 5655 40
5556 5557 20
5556 5656 22
5557 5558 72
5557 5657 81
5558 5559 16
5558 5658 22
5559 5560 18
5559 5659 76
5560 5561 38
5560 5660 80
5561 5562 70
5561 5661 57
5562 5563 66
5562 5662 42
5563 5564 12
5563 5663 27
5564 5565 27
5564 5664 34
5565 5566 63
5565 5665 38
5566 5567 2
5566 5666 18
5567 5568 60
5567 5667 100
5568 5569 52
5568 5668 59
5569 5570 63
5569 5669 64
5570 5571 90
5570 5670 62
5571 5572 69
5571 5671 31
5572 5573 48
5572 5672 21
5573 5574 73
5573 5673 91
5574 5575 59
5574 5674 11
5575 5576 15
5575 5675 18
5576 5577 56
5576 5676 55
5577 5578 97
5577 5677 20
5578 5579 67
5578 5678 43
5579 5580 100
5579 5679 16
5580 5581 60
5580 5680 62
5581 5582 93
5581 5681 77
5582 5583 62
5582 5682 50
5583 5584 11
5583 5683 8
5584 5585 30
5584 5684 92
5585 5586 55
5585 5685 5
5586 5587 11
5586 5686 94
5587 5588 50
5587 5687 38
5588 5589 40
5588 5688 8
5589 5590 45
5589 5689 88
5590 5591 61
5590 5690 88
5591 5592 89
5591 5691 33
5592 5593 80
5592 5692 3
5593 5594 1
5593 5693 29
5594 5595 12
5594 5694 32
5595 5596 87
5595 5695 54
5596 5597 5
5596 5696 59
5597 5598 61
5597 5697 10
5598 5599 4
5598 5698 32
5599 5699 58
5600 5601 31
5600 5700 72
5601 5602 27
5601 5701 48
5602 5603 65
5602 5702 90
5603 5604 24
5603 5703 27
5604 5605 56
5604 5704 65
5605 5606 69
5605 5705 32
5606 5607 90
5606 5706 27
5607 5608 83
5607 5707 37
5608 5609 1
5608 5708 77
5609 5610 54
5609 5709 2
5610 5611 70
5610 5710 66
5611 5612 1
5611 5711 24
5612 5613 89
5612 5712 92
5613 5614 85
5613 5713 21
5614 5615 13
5614 5714 79
5615 5616 91
5615 5715 68
5616 5617 96
5616 5716 54
5617 5618 84
5617 5717 24
5618 5619 92
5618 5718 91
5619 5620 1
5619 5719 97
5620 5621 30
5620 5720 55
5621 5622 68
5621 5721 34
5622 5623 91
5622 5722 92
5623 5624 58
5623 5723 2
5624 5625 17
5624 5724 53
5625 5626 25
5625 5725 22
5626 5627 68
5626 5726 20
5627 5628 34
5627 5727 88
5628 5629 62
5628 5728 74
5629 5630 27
5629 5729 95
5630 5631 6
5630 5730 79
5631 5632 79
5631 5731 86
5632 5633 24
5632 5732 60
5633 5634 10
5633 5733 90
5634 5635 62
5634 5734 19
5635 5636 92
5635 5735 28
5636 5637 15
5636 5736 30
5637 5638 75
5637 5737 88
5638 5639 81
5638 5738 93
5639 5640 68
5639 5739 25
5640 5641 14
5640 5740 66
5641 5642 8
5641 5741 82
5642 5643 35
5642 5742 63
5643 5644 96
5643 5743 87
5644 5645 100
5644 5744 3
5645 5646 51
5645 5745 49
5646 5647 33
5646 5746 1
5647 5648 28
5647 5747 99
5648 5649 83
5648 5748 82
5649 5650 67
5649 5749 14
5650 5651 36
5650 5750 53
5651 5652 1
5651 5751 56
5652 5653 87
5652 5752 38
5653 5654 44
5653 5753 57
5654 5655 11
5654 5754 81
5655 5656 42
5655 5755 26
5656 5657 51
5656 5756 86
5657 5658 31
5657 5757 39
5658 5659 36
5658 5758 6
5659 5660 70
5659 5759 17
5660 5661 12
5660 5760 51
5661 5662 39
5661 5761 73
5662 5663 18
5662 5762 64
5663 5664 15
5663 5763 92
5664 5665 12
5664 5764 68
5665 5666 17
5665 5765 56
5666 5667 64
5666 5766 6
5667 5668 53
5667 5767 76
5668 5669 56
5668 5768 31
5669 5670 72
5669 5769 1
5670 5671 73
5670 5770 16
5671 5672 19
5671 5771 80
5672 5673 85
5672 5772 67
5673 5674 9
5673 5773 32
5674 5675 1
5674 5774 1
5675 5676 72
5675 5775 28
5676 5677 6
5676 5776 46
5677 5678 40
5677 5777 98
5678 5679 70
5678 5778 48
5679 5680 62
5679 5779 65
5680 5681 59
5680 5780 57
5681 5682 64
5681 5781 73
5682 5683 87
5682 5782 21
5683 5684 79
5683 5783 17
5684 5685 51
5684 5784 73
5685 5686 87
5685 5785 84
5686 5687 74
5686 5786 31
5687 5688 91
5687 5787 5
5688 5689 15
5688 5788 26
5689 5690 87
5689 5789 97
5690 5691 60
5690 5790 53
5691 5692 66
5691 5791 75
5692 5693 97
5692 5792 44
5693 5694 38
5693 5793 88
5694 5695 79
5694 5794 18
5695 5696 56
5695 5795 61
5696 5697 89
5696 5796 71
5697 5698 34
5697 5797 99
5698 5699 34
5698 5798 46
5699 5799 91
5700 5701 94
5700 5800 59
5701 5702 40
5701 5801 57
5702 5703 94
5702 5802 60
5703 5704 45
5703 5803 66
5704 5705 62
5704 5804 26
5705 5706 27
5705 5805 69
5706 5707 42
5706 5806 67
5707 5708 37
5707 5807 21
5708 5709 20
5708 5808 6
5709 5710 48
5709 5809 40
5710 5711 51
5710 5810 90
5711 5712 66
5711 5811 30
5712 5713 90
5712 5812 50
5713 5714 84
5713 5813 21
5714 5715 64
5714 5814 3
5715 5716 10
5715 5815 37
5716 5717 4
5716 5816 46
5717 5718 55
5717 5817 13
5718 5719 51
5718 5818 50
5719 5720 19
5719 5819 85
5720 5721 74
5720 5820 29
5721 5722 74
5721 5821 79
5722 5723 67
5722 5822 99
5723 5724 5
5723 5823 96
5724 5725 40
5724 5824 88
5725 5726 68
5725 5825 84
5726 5727 8
5726 5826 28
5727 5728 39
5727 5827 34
5728 5729 61
5728 5828 21
5729 5730 62
5729 5829 15
5730 5731 95
5730 5830 20
5731 5732 9
5731 5831 78
5732 5733 23
5732 5832 80
5733 5734 84
5733 5833 5
5734 5735 92
5734 5834 56
5735 5736 96
5735 5835 82
5736 5737 23
5736 5836 21
5737 5738 11
5737 5837 69
5738 5739 9
5738 5838 61
5739 5740 2
5739 5839 35
5740 5741 43
5740 5840 47
5741 5742 50
5741 5841 60
5742 5743 77
5742 5842 51
5743 5744 53
5743 5843 63
5744 5745 77
5744 5844 19
5745 5746 63
5745 5845 46
5746 5747 72
5746 5846 43
5747 5748 9
5747 5847 45
5748 5749 55
5748 5848 70
5749 5750 61
5749 5849 87
5750 5751 75
5750 5850 78
5751 5752 40
5751 5851 44
5752 5753 57
5752 5852 94
5753 5754 26
5753 5853 54
5754 5755 78
5754 5854 27
5755 5756 20
5755 5855 31
5756 5757 52
5756 5856 44
5757 5758 27
5757 5857 17
5758 5759 36
5758 5858 8
5759 5760 68
5759 5859 5
5760 5761 32
5760 5860 71
5761 5762 64
5761 5861 22
5762 5763 95
5762 5862 70
5763 5764 4
5763 5863 82
5764 5765 7
5764 5864 75
5765 5766 47
5765 5865 95
5766 5767 78
5766 5866 32
5767 5768 68
5767 5867 76
5768 5769 62
5768 5868 87
5769 5770 22
5769 5869 51
5770 5771 24
5770 5870 27
5771 5772 98
5771 5871 59
5772 5773 24
5772 5872 91
5773 5774 20
5773 5873 63
5774 5775 76
5774 5874 72
5775 5776 61
5775 5875 89
5776 5777 54
5776 5876 10
5777 5778 69
5777 5877 65
5778 5779 20
5778 5878 31
5779 5780 38
5779 5879 6
5780 5781 23
5780 5880 44
5781 5782 11
5781 5881 95
5782 5783 96
5782 5882 77
5783 5784 15
5783 5883 36
5784 5785 8
5784 5884 16
5785 5786 33
5785 5885 84
5786 5787 90
5786 5886 56
5787 5788 84
5787 5887 63
5788 5789 99
5788 5888 55
5789 5790 11
5789 5889 9
5790 5791 97
5790 5890 61
5791 5792 20
5791 5891 10
5792 5793 73
5792 5892 87
5793 5794 6
5793 5893 1
5794 5795 12
5794 5894 40
5795 5796 26
5795 5895 47
5796 5797 25
5796 5896 69
5797 5798 27
5797 5897 61
5798 5799 57
5798 5898 19
5799 5899 50
5800 5801 71
5800 5900 20
5801 5802 34
5801 5901 1
5802 5803 45
5802 5902 88
5803 5804 65
5803 5903 82
5804 5805 23
5804 5904 100
5805 5806 1
5805 5905 73
5806 5807 60
5806 5906 91
5807 5808 17
5807 5907 4
5808 5809 20
5808 5908 67
5809 5810 95
5809 5909 27
5810 5811 47
5810 5910 81
5811 5812 28
5811 5911 56
5812 5813 27
5812 5912 63
5813 5814 69
5813 5913 64
5814 5815 46
5814 5914 18
5815 5816 41
5815 5915 72
5816 5817 13
5816 5916 41
5817 5818 69
5817 5917 68
5818 5819 33
5818 5918 34
5819 5820 48
5819 5919 49
5820 5821 80
5820 5920 88
5821 5822 60
5821 5921 78
5822 5823 96
5822 5922 19
5823 5824 2
5823 5923 65
5824 5825 7
5824 5924 53
5825 5826 13
5825 5925 4
5826 5827 51
5826 5926 33
5827 5828 74
5827 5927 85
5828 5829 62
5828 5928 90
5829 5830 56
5829 5929 94
5830 5831 26
5830 5930 33
5831 5832 39
5831 5931 61
5832 5833 42
5832 5932 4
5833 5834 48
5833 5933 16
5834 5835 41
5834 5934 81
5835 5836 39
5835 5935 45
5836 5837 77
5836 5936 62
5837 5838 85
5837 5937 2
5838 5839 9
5838 5938 23
5839 5840 94
5839 5939 16
5840 5841 80
5840 5940 86
5841 5842 74
5841 5941 61
5842 5843 33
5842 5942 39
5843 5844 8
5843 5943 96
5844 5845 22
5844 5944 89
5845 5846 52
5845 5945 69
5846 5847 29
5846 5946 68
5847 5848 26
5847 5947 14
5848 5849 95
5848 5948 81
5849 5850 91
5849 5949 14
5850 5851 9
5850 5950 71
5851 5852 20
5851 5951 25
5852 5853 18
5852 5952 60
5853 5854 8
5853 5953 45
5854 5855 59
5854 5954 81
5855 5856 75
5855 5955 92
5856 5857 78
5856 5956 63
5857 5858 93
5857 5957 62
5858 5859 16
5858 5958 83
5859 5860 49
5859 5959 78
5860 5861 65
5860 5960 13
5861 5862 98
5861 5961 36
5862 5863 38
5862 5962 54
5863 5864 16
5863 5963 22
5864 5865 7
5864 5964 75
5865 5866 91
5865 5965 34
5866 5867 89
5866 5966 98
5867 5868 90
5867 5967 29
5868 5869 88
5868 5968 8
5869 5870 52
5869 5969 30
5870 5871 49
5870 5970 8
5871 5872 3
5871 5971 41
5872 5873 13
5872 5972 88
5873 5874 11
5873 5973 30
5874 5875 29
5874 5974 74
5875 5876 16
5875 5975 45
5876 5877 99
5876 5976 38
5877 5878 84
5877 5977 21
5878 5879 39
5878 5978 23
5879 5880 26
5879 5979 38
5880 5881 31
5880 5980 79
5881 5882 76
5881 5981 56
5882 5883 41
5882 5982 13
5883 5884 77
5883 5983 78
5884 5885 2
5884 5984 74
5885 5886 69
5885 5985 47
5886 5887 28
5886 5986 80
5887 5888 73
5887 5987 52
5888 5889 69
5888 5988 72
5889 5890 11
5889 5989 31
5890 5891 84
5890 5990 26
5891 5892 67
5891 5991 52
5892 5893 6
5892 5992 79
5893 5894 98
5893 5993 43
5894 5895 86
5894 5994 63
5895 5896 28
5895 5995 37
5896 5897 97
5896 5996 85
5897 5898 97
5897 5997 96
5898 5899 48
5898 5998 56
5899 5999 76
5900 5901 55
5900 6000 100
5901 5902 59
5901 6001 76
5902 5903 18
5902 6002 8
5903 5904 69
5903 6003 68
5904 5905 84
5904 6004 91
5905 5906 32
5905 6005 50
5906 5907 71
5906 6006 73
5907 5908 85
5907 6007 77
5908 5909 61
5908 6008 80
5909 5910 13
5909 6009 47
5910 5911 93
5910 6010 4
5911 5912 46
5911 6011 82
5912 5913 76
5912 6012 7
5913 5914 88
5913 6013 43
5914 5915 86
5914 6014 3
5915 5916 91
5915 6015 37
5916 5917 52
5916 6016 78
5917 5918 55
5917 6017 12
5918 5919 85
5918 6018 41
5919 5920 51
5919 6019 6
5920 5921 58
5920 6020 22
5921 5922 35
5921 6021 16
5922 5923 83
5922 6022 3
5923 5924 33
5923 6023 34
5924 5925 44
5924 6024 4
5925 5926 76
5925 6025 16
5926 5927 60
5926 6026 84
5927 5928 60
5927 6027 12
5928 5929 30
5928 6028 17
5929 5930 37
5929 6029 97
5930 5931 6
5930 6030 50
5931 5932 94
5931 6031 11
5932 5933 38
5932 6032 13
5933 5934 34
5933 6033 42
5934 5935 86
5934 6034 22
5935 5936 71
5935 6035 62
5936 5937 1
5936 6036 91
5937 5938 15
5937 6037 28
5938 5939 55
5938 6038 44
5939 5940 8
5939 6039 6
5940 5941 69
5940 6040 34
5941 5942 55
5941 6041 72
5942 5943 65
5942 6042 36
5943 5944 26
5943 6043 35
5944 5945 31
5944 6044 33
5945 5946 7
5945 6045 4
5946 5947 79
5946 6046 37
5947 5948 10
5947 6047 50
5948 5949 52
5948 6048 80
5949 5950 3
5949 6049 94
5950 5951 30
5950 6050 73
5951 5952 67
5951 6051 44
5952 5953 98
5952 6052 96
5953 5954 78
5953 6053 86
5954 5955 3
5954 6054 58
5955 5956 65
5955 6055 25
5956 5957 69
5956 6056 43
5957 5958 3
5957 6057 80
5958 5959 70
5958 6058 42
5959 5960 38
5959 6059 33
5960 5961 48
5960 6060 81
5961 5962 4
5961 6061 91
5962 5963 79
5962 6062 87
5963 5964 57
5963 6063 22
5964 5965 83
5964 6064 11
5965 5966 42
5965 6065 79
5966 5967 97
5966 6066 20
5967 5968 33
5967 6067 3
5968 5969 35
5968 6068 83
5969 5970 28
5969 6069 68
5970 5971 99
5970 6070 98
5971 5972 24
5971 6071 3
5972 5973 56
5972 6072 58
5973 5974 72
5973 6073 55
5974 5975 80
5974 6074 39
5975 5976 42
5975 6075 99
5976 5977 52
5976 6076 24
5977 5978 70
5977 6077 51
5978 5979 24
5978 6078 30
5979 5980 97
5979 6079 87
5980 5981 90
5980 6080 35
5981 5982 61
5981 6081 54
5982 5983 36
5982 6082 12
5983 5984 20
5983 6083 73
5984 5985 7
5984 6084 24
5985 5986 86
5985 6085 43
5986 5987 75
5986 6086 99
5987 5988 78
5987 6087 92
5988 5989 40
5988 6088 59
5989 5990 33
5989 6089 66
5990 5991 7
5990 6090 18
5991 5992 21
5991 6091 54
5992 5993 31
5992 6092 26
5993 5994 65
5993 6093 56
5994 5995 59
5994 6094 48
5995 5996 73
5995 6095 69
5996 5997 25
5996 6096 70
5997 5998 86
5997 6097 18
5998 5999 52
5998 6098 100
5999 6099 20
6000 6001 17
6000 6100 35
6001 6002 81
6001 6101 28
6002 6003 61
6002 6102 99
6003 6004 67
6003 6103 85
6004 6005 48
6004 6104 44
6005 6006 82
6005 6105 39
6006 6007 49
6006 6106 7
6007 6008 81
6007 6107 36
6008 6009 100
6008 6108 90
6009 6010 12
6009 6109 18
6010 6011 61
6010 6110 13
6011 6012 22
6011 6111 73
6012 6013 88
6012 6112 73
6013 6014 7
6013 6113 6
6014 6015 35
6014 6114 68
6015 6016 34
6015 6115 54
6016 6017 51
6016 6116 18
6017 6018 52
6017 6117 14
6018 6019 66
6018 6118 7
6019 6020 64
6019 6119 67
6020 6021 95
6020 6120 25
6021 6022 8
6021 6121 25
6022 6023 43
6022 6122 12
6023 6024 98
6023 6123 13
6024 6025 90
6024 6124 44
6025 6026 49
6025 6125 45
6026 6027 82
6026 6126 92
6027 6028 19
6027 6127 5
6028 6029 20
6028 6128 2
6029 6030 67
6029 6129 72
6030 6031 67
6030 6130 3
6031 6032 20
6031 6131 80
6032 6033 3
6032 6132 9
6033 6034 56
6033 6133 79
6034 6035 49
6034 6134 22
6035 6036 59
6035 6135 99
6036 6037 61
6036 6136 57
6037 6038 36
6037 6137 93
6038 6039 8
6038 6138 13
6039 6040 78
6039 6139 41
6040 6041 81
6040 6140 54
6041 6042 13
6041 6141 78
6042 6043 100
6042 6142 57
6043 6044 9
6043 6143 78
6044 6045 33
6044 6144 42
6045 6046 72
6045 6145 85
6046 6047 55
6046 6146 97
6047 6048 75
6047 6147 72
6048 6049 37
6048 6148 38
6049 6050 29
6049 6149 92
6050 6051 3
6050 6150 86
6051 6052 68
6051 6151 97
6052 6053 38
6052 6152 88
6053 6054 26
6053 6153 29
6054 6055 65
6054 6154 88
6055 6056 89
6055 6155 17
6056 6057 7
6056 6156 59
6057 6058 97
6057 6157 76
6058 6059 55
6058 6158 72
6059 6060 66
6059 6159 70
6060 6061 7
6060 6160 55
6061 6062 97
6061 6161 45
6062 6063 86
6062 6162 21
6063 6064 18
6063 6163 48
6064 6065 21
6064 6164 80
6065 6066 8
6065 6165 45
6066 6067 15
6066 6166 57
6067 6068 38
6067 6167 45
6068 6069 18
6068 6168 80
6069 6070 75
6069 6169 61
6070 6071 2
6070 6170 99
6071 6072 91
6071 6171 40
6072 6073 46
6072 6172 84
6073 6074 95
6073 6173 92
6074 6075 6
6074 6174 53
6075 6076 71
6075 6175 11
6076 6077 98
6076 6176 41
6077 6078 98
6077 6177 35
6078 6079 45
6078 6178 41
6079 6080 3
6079 6179 38
6080 6081 35
6080 6180 44
6081 6082 72
6081 6181 69
6082 6083 54
6082 6182 85
6083 6084 47
6083 6183 31
6084 6085 85
6084 6184 88
6085 6086 18
6085 6185 14
6086 6087 58
6086 6186 64
6087 6088 19
6087 6187 18
6088 6089 36
6088 6188 12
6089 6090 37
6089 6189 13
6090 6091 85
6090 6190 32
6091 6092 43
6091 6191 100
6092 6093 70
6092 6192 3
6093 6094 67
6093 6193 73
6094 6095 91
6094 6194 35
6095 6096 96
6095 6195 77
6096 6097 27
6096 6196 1
6097 6098 61
6097 6197 97
6098 6099 95
6098 6198 92
6099 6199 45
6100 6101 20
6100 6200 43
6101 6102 81
6101 6201 15
6102 6103 84
6102 6202 85
6103 6104 53
6103 6203 30
6104 6105 15
6104 6204 99
6105 6106 79
6105 6205 83
6106 6107 73
6106 6206 69
6107 6108 64
6107 6207 56
6108 6109 49
6108 6208 72
6109 6110 61
6109 6209 33
6110 6111 96
6110 6210 50
6111 6112 96
6111 6211 58
6112 6113 69
6112 6212 89
6113 6114 24
6113 6213 67
6114 6115 88
6114 6214 95
6115 6116 43
6115 6215 41
6116 6117 78
6116 6216 4
6117 6118 81
6117 6217 54
6118 6119 7
6118 6218 28
6119 6120 75
6119 6219 4
6120 6121 15
6120 6220 61
6121 6122 74
6121 6221 71
6122 6123 69
6122 6222 42
6123 6124 63
6123 6223 100
6124 6125 34
6124 6224 86
6125 6126 52
6125 6225 95
6126 6127 3
6126 6226 2
6127 6128 25
6127 6227 13
6128 6129 7
6128 6228 45
6129 6130 36
6129 6229 3
6130 6131 47
6130 6230 50
6131 6132 26
6131 6231 51
6132 6133 35
6132 6232 53
6133 6134 8
6133 6233 44
6134 6135 66
6134 6234 31
6135 6136 15
6135 6235 37
6136 6137 23
6136 6236 76
6137 6138 12
6137 6237 47
6138 6139 68
6138 6238 31
6139 6140 19
6139 6239 76
6140 6141 47
6140 6240 73
6141 6142 95
6141 6241 61
6142 6143 96
6142 6242 48
6143 6144 56
6143 6243 97
6144 6145 1
6144 6244 55
6145 6146 97
6145 6245 28
6146 6147 10
6146 6246 7
6147 6148 89
6147 6247 90
6148 6149 2
6148 6248 24
6149 6150 93
6149 6249 76
6150 6151 38
6150 6250 65
6151 6152 67
6151 6251 25
6152 6153 81
6152 6252 55
6153 6154 26
6153 6253 78
6154 6155 60
6154 6254 21
6155 6156 46
6155 6255 80
6156 6157 17
6156 6256 89
6157 6158 39
6157 6257 64
6158 6159 71
6158 6258 67
6159 6160 30
6159 6259 33
6160 6161 9
6160 6260 79
6161 6162 64
6161 6261 15
6162 6163 76
6162 6262 2
6163 6164 80
6163 6263 63
6164 6165 35
6164 6264 14
6165 6166 88
6165 6265 26
6166 6167 70
6166 6266 83
6167 6168 40
6167 6267 7
6168 6169 31
6168 6268 89
6169 6170 71
6169 6269 37
6170 6171 90
6170 6270 51
6171 6172 18
6171 6271 20
6172 6173 31
6172 6272 43
6173 6174 11
6173 6273 27
6174 6175 2
6174 6274 64
6175 6176 99
6175 6275 15
6176 6177 18
6176 6276 66
6177 6178 36
6177 6277 62
6178 6179 11
6178 6278 8
6179 6180 11
6179 6279 58
6180 6181 38
6180 6280 44
6181 6182 53
6181 6281 19
6182 6183 52
6182 6282 44
6183 6184 85
6183 6283 16
6184 6185 28
6184 6284 36
6185 6186 47
6185 6285 99
6186 6187 61
6186 6286 50
6187 6188 80
6187 6287 35
6188 6189 64
6188 6288 25
6189 6190 75
6189 6289 58
6190 6191 87
6190 6290 95
6191 6192 22
6191 6291 13
6192 6193 56
6192 6292 94
6193 6194 26
6193 6293 23
6194 6195 80
6194 6294 21
6195 6196 89
6195 6295 43
6196 6197 16
6196 6296 16
6197 6198 42
6197 6297 86
6198 6199 53
6198 6298 13
6199 6299 100
6200 6201 92
6200 6300 12
6201 6202 43
6201 6301 43
6202 6203 44
6202 6302 94
6203 6204 77
6203 6303 100
6204 6205 78
6204 6304 82
6205 6206 93
6205 6305 24
6206 6207 6
6206 6306 74
6207 6208 75
6207 6307 49
6208 6209 51
6208 6308 75
6209 6210 84
6209 6309 57
6210 6211 1
6210 6310 22
6211 6212 68
6211 6311 32
6212 6213 2
6212 6312 79
6213 6214 15
6213 6313 96
6214 6215 91
6214 6314 88
6215 6216 89
6215 6315 60
6216 6217 27
6216 6316 31
6217 6218 86
6217 6317 78
6218 6219 64
6218 6318 25
6219 6220 77
6219 6319 42
6220 6221 13
6220 6320 28
6221 6222 53
6221 6321 69
6222 6223 33
6222 6322 69
6223 6224 45
6223 6323 95
6224 6225 3
6224 6324 75
6225 6226 20
6225 6325 97
6226 6227 65
6226 6326 35
6227 6228 45
6227 6327 74
6228 6229 38
6228 6328 81
6229 6230 6
6229 6329 13
6230 6231 42
6230 6330 75
6231 6232 45
6231 6331 76
6232 6233 8
6232 6332 57
6233 6234 53
6233 6333 45
6234 6235 48
6234 6334 42
6235 6236 81
6235 6335 82
6236 6237 76
6236 6336 95
6237 6238 18
6237 6337 94
6238 6239 53
6238 6338 93
6239 6240 44
6239 6339 39
6240 6241 51
6240 6340 69
6241 6242 91
6241 6341 15
6242 6243 97
6242 6342 68
6243 6244 9
6243 6343 77
6244 6245 60
6244 6344 69
6245 6246 79
6245 6345 60
6246 6247 28
6246 6346 59
6247 6248 57
6247 6347 78
6248 6249 24
6248 6348 75
6249 6250 27
6249 6349 27
6250 6251 46
6250 6350 68
6251 6252 66
6251 6351 48
6252 6253 91
6252 6352 37
6253 6254 61
6253 6353 88
6254 6255 30
6254 6354 49
6255 6256 92
6255 6355 99
6256 6257 24
6256 6356 39
6257 6258 47
6257 6357 70
6258 6259 11
6258 6358 16
6259 6260 92
6259 6359 23
6260 6261 32
6260 6360 19
6261 6262 84
6261 6361 6
6262 6263 20
6262 6362 11
6263 6264 39
6263 6363 20
6264 6265 59
6264 6364 96
6265 6266 34
6265 6365 72
6266 6267 25
6266 6366 99
6267 6268 67
6267 6367 48
6268 6269 17
6268 6368 48
6269 6270 24
6269 6369 87
6270 6271 54
6270 6370 83
6271 6272 43
6271 6371 85
6272 6273 94
6272 6372 83
6273 6274 62
6273 6373 27
6274 6275 31
6274 6374 72
6275 6276 41
6275 6375 17
6276 6277 58
6276 6376 67
6277 6278 23
6277 6377 62
6278 6279 38
6278 6378 16
6279 6280 22
6279 6379 76
6280 6281 25
6280 6380 52
6281 6282 21
6281 6381 53
6282 6283 62
6282 6382 13
6283 6284 45
6283 6383 26
6284 6285 83
6284 6384 99
6285 6286 5
6285 6385 54
6286 6287 75
6286 6386 36
6287 6288 86
6287 6387 10
6288 6289 49
6288 6388 56
6289 6290 62
6289 6389 1
6290 6291 51
6290 6390 88
6291 6292 1
6291 6391 75
6292 6293 93
6292 6392 93
6293 6294 70
6293 6393 84
6294 6295 2
6294 6394 98
6295 6296 88
6295 6395 84
6296 6297 66
6296 6396 27
6297 6298 4
6297 6397 61
6298 6299 59
6298 6398 32
6299 6399 68
6300 6301 57
6300 6400 57
6301 6302 77
6301 6401 14
6302 6303 25
6302 6402 52
6303 6304 68
6303 6403 75
6304 6305 31
6304 6404 76
6305 6306 78
6305 6405 80
6306 6307 88
6306 6406 77
6307 6308 27
6307 6407 3
6308 6309 53
6308 6408 71
6309 6310 54
6309 6409 99
6310 6311 85
6310 6410 89
6311 6312 84
6311 6411 37
6312 6313 53
6312 6412 45
6313 6314 85
6313 6413 63
6314 6315 57
6314 6414 55
6315 6316 40
6315 6415 27
6316 6317 11
6316 6416 59
6317 6318 53
6317 6417 93
6318 6319 80
6318 6418 66
6319 6320 46
6319 6419 46
6320 6321 6
6320 6420 81
6321 6322 25
6321 6421 65
6322 6323 13
6322 6422 8
6323 6324 98
6323 6423 24
6324 6325 35
6324 6424 6
6325 6326 48
6325 6425 12
6326 6327 49
6326 6426 62
6327 6328 51
6327 6427 30
6328 6329 55
6328 6428 19
6329 6330 22
6329 6429 34
6330 6331 52
6330 6430 18
6331 6332 27
6331 6431 82
6332 6333 18
6332 6432 60
6333 6334 72
6333 6433 85
6334 6335 36
6334 6434 63
6335 6336 75
6335 6435 19
6336 6337 44
6336 6436 58
6337 6338 66
6337 6437 43
6338 6339 15
6338 6438 89
6339 6340 65
6339 6439 59
6340 6341 49
6340 6440 43
6341 6342 37
6341 6441 96
6342 6343 70
6342 6442 78
6343 6344 67
6343 6443 95
6344 6345 82
6344 6444 40
6345 6346 98
6345 6445 9
6346 6347 86
6346 6446 72
6347 6348 75
6347 6447 91
6348 6349 43
6348 6448 69
6349 6350 99
6349 6449 53
6350 6351 5
6350 6450 93
6351 6352 39
6351 6451 92
6352 6353 80
6352 6452 31
6353 6354 15
6353 6453 76
6354 6355 63
6354 6454 78
6355 6356 39
6355 6455 81
6356 6357 35
6356 6456 93
6357 6358 64
6357 6457 34
6358 6359 95
6358 6458 59
6359 6360 56
6359 6459 71
6360 6361 98
6360 6460 84
6361 6362 34
6361 6461 80
6362 6363 40
6362 6462 6
6363 6364 4
6363 6463 7
6364 6365 18
6364 6464 50
6365 6366 31
6365 6465 91
6366 6367 38
6366 6466 32
6367 6368 65
6367 6467 68
6368 6369 92
6368 6468 82
6369 6370 66
6369 6469 47
6370 6371 92
6370 6470 41
6371 6372 5
6371 6471 73
6372 6373 73
6372 6472 38
6373 6374 21
6373 6473 76
6374 6375 25
6374 6474 79
6375 6376 61
6375 6475 11
6376 6377 94
6376 6476 22
6377 6378 61
6377 6477 99
6378 6379 49
6378 6478 67
6379 6380 96
6379 6479 24
6380 6381 32
6380 6480 43
6381 6382 90
6381 6481 42
6382 6383 39
6382 6482 2
6383 6384 74
6383 6483 13
6384 6385 11
6384 6484 69
6385 6386 78
6385 6485 39
6386 6387 30
6386 6486 77
6387 6388 71
6387 6487 40
6388 6389 14
6388 6488 68
6389 6390 96
6389 6489 25
6390 6391 70
6390 6490 81
6391 6392 42
6391 6491 70
6392 6393 36
6392 6492 68
6393 6394 15
6393 6493 18
6394 6395 54
6394 6494 52
6395 6396 73
6395 6495 86
6396 6397 71
6396 6496 48
6397 6398 26
6397 6497 26
6398 6399 41
6398 6498 81
6399 6499 49
6400 6401 55
6400 6500 65
6401 6402 46
6401 6501 23
6402 6403 58
6402 6502 42
6403 6404 39
6403 6503 8
6404 6405 26
6404 6504 67
6405 6406 32
6405 6505 38
6406 6407 45
6406 6506 41
6407 6408 62
6407 6507 65
6408 6409 61
6408 6508 75
6409 6410 48
6409 6509 92
6410 6411 54
6410 6510 94
6411 6412 55
6411 6511 99
6412 6413 32
6412 6512 83
6413 6414 32
6413 6513 18
6414 6415 30
6414 6514 71
6415 6416 48
6415 6515 23
6416 6417 27
6416 6516 61
6417 6418 66
6417 6517 61
6418 6419 38
6418 6518 60
6419 6420 14
6419 6519 9
6420 6421 46
6420 6520 13
6421 6422 34
6421 6521 53
6422 6423 99
6422 6522 67
6423 6424 13
6423 6523 60
6424 6425 35
6424 6524 54
6425 6426 67
6425 6525 52
6426 6427 89
6426 6526 85
6427 6428 34
6427 6527 12
6428 6429 23
6428 6528 22
6429 6430 36
6429 6529 38
6430 6431 48
6430 6530 21
6431 6432 28
6431 6531 100
6432 6433 76
6432 6532 12
6433 6434 88
6433 6533 72
6434 6435 93
6434 6534 94
6435 6436 86
6435 6535 90
6436 6437 8
6436 6536 70
6437 6438 77
6437 6537 3
6438 6439 49
6438 6538 91
6439 6440 98
6439 6539 39
6440 6441 37
6440 6540 15
6441 6442 48
6441 6541 75
6442 6443 76
6442 6542 52
6443 6444 85
6443 6543 98
6444 6445 98
6444 6544 35
6445 6446 44
6445 6545 83
6446 6447 43
6446 6546 8
6447 6448 67
6447 6547 48
6448 6449 75
6448 6548 47
6449 6450 27
6449 6549 53
6450 6451 94
6450 6550 14
6451 6452 55
6451 6551 14
6452 6453 65
6452 6552 23
6453 6454 62
6453 6553 51
6454 6455 74
6454 6554 86
6455 6456 13
6455 6555 84
6456 6457 34
6456 6556 4
6457 6458 53
6457 6557 22
6458 6459 59
6458 6558 95
6459 6460 10
6459 6559 9
6460 6461 54
6460 6560 70
6461 6462 80
6461 6561 43
6462 6463 95
6462 6562 47
6463 6464 15
6463 6563 10
6464 6465 20
6464 6564 52
6465 6466 38
6465 6565 34
6466 6467 53
6466 6566 24
6467 6468 58
6467 6567 2
6468 6469 25
6468 6568 100
6469 6470 82
6469 6569 53
6470 6471 66
6470 6570 59
6471 6472 7
6471 6571 37
6472 6473 15
6472 6572 34
6473 6474 84
6473 6573 92
6474 6475 71
6474 6574 40
6475 6476 27
6475 6575 39
6476 6477 70
6476 6576 18
6477 6478 51
6477 6577 12
6478 6479 28
6478 6578 95
6479 6480 23
6479 6579 95
6480 6481 54
6480 6580 76
6481 6482 58
6481 6581 5
6482 6483 38
6482 6582 95
6483 6484 70
6483 6583 66
6484 6485 95
6484 6584 9
6485 6486 22
6485 6585 85
6486 6487 45
6486 6586 74
6487 6488 54
6487 6587 2
6488 6489 19
6488 6588 93
6489 6490 78
6489 6589 41
6490 6491 54
6490 6590 5
6491 6492 3
6491 6591 9
6492 6493 87
6492 6592 97
6493 6494 19
6493 6593 69
6494 6495 34
6494 6594 27
6495 6496 60
6495 6595 50
6496 6497 82
6496 6596 35
6497 6498 79
6497 6597 13
6498 6499 24
6498 6598 7
6499 6599 15
6500 6501 77
6500 6600 63
6501 6502 2
6501 6601 1
6502 6503 92
6502 6602 39
6503 6504 4
6503 6603 93
6504 6505 73
6504 6604 31
6505 6506 5
6505 6605 62
6506 6507 49
6506 6606 21
6507 6508 26
6507 6607 26
6508 6509 42
6508 6608 100
6509 6510 5
6509 6609 6
6510 6511 1
6510 6610 57
6511 6512 79
6511 6611 97
6512 6513 40
6512 6612 27
6513 6514 45
6513 6613 29
6514 6515 66
6514 6614 89
6515 6516 81
6515 6615 26
6516 6517 72
6516 6616 39
6517 6518 39
6517 6617 26
6518 6519 48
6518 6618 40
6519 6520 52
6519 6619 29
6520 6521 3
6520 6620 10
6521 6522 98
6521 6621 10
6522 6523 88
6522 6622 29
6523 6524 50
6523 6623 9
6524 6525 28
6524 6624 98
6525 6526 15
6525 6625 5
6526 6527 15
6526 6626 89
6527 6528 60
6527 6627 98
6528 6529 69
6528 6628 14
6529 6530 14
6529 6629 23
6530 6531 60
6530 6630 96
6531 6532 80
6531 6631 89
6532 6533 74
6532 6632 12
6533 6534 8
6533 6633 32
6534 6535 51
6534 6634 80
6535 6536 83
6535 6635 4
6536 6537 51
6536 6636 77
6537 6538 8
6537 6637 16
6538 6539 94
6538 6638 84
6539 6540 57
6539 6639 95
6540 6541 40
6540 6640 57
6541 6542 99
6541 6641 19
6542 6543 64
6542 6642 70
6543 6544 50
6543 6643 47
6544 6545 60
6544 6644 46
6545 6546 46
6545 6645 98
6546 6547 68
6546 6646 65
6547 6548 8
6547 6647 54
6548 6549 12
6548 6648 33
6549 6550 20
6549 6649 84
6550 6551 24
6550 6650 75
6551 6552 20
6551 6651 53
6552 6553 35
6552 6652 92
6553 6554 98
6553 6653 5
6554 6555 96
6554 6654 28
6555 6556 80
6555 6655 60
6556 6557 82
6556 6656 96
6557 6558 81
6557 6657 74
6558 6559 81
6558 6658 88
6559 6560 3
6559 6659 9
6560 6561 78
6560 6660 11
6561 6562 52
6561 6661 94
6562 6563 44
6562 6662 88
6563 6564 14
6563 6663 17
6564 6565 6
6564 6664 55
6565 6566 17
6565 6665 26
6566 6567 51
6566 6666 89
6567 6568 87
6567 6667 60
6568 6569 96
6568 6668 46
6569 6570 74
6569 6669 37
6570 6571 32
6570 6670 95
6571 6572 6
6571 6671 1
6572 6573 89
6572 6672 83
6573 6574 73
6573 6673 48
6574 6575 83
6574 6674 63
6575 6576 41
6575 6675 43
6576 6577 7
6576 6676 35
6577 6578 90
6577 6677 71
6578 6579 42
6578 6678 21
6579 6580 46
6579 6679 76
6580 6581 88
6580 6680 49
6581 6582 9
6581 6681 25
6582 6583 84
6582 6682 78
6583 6584 29
6583 6683 50
6584 6585 26
6584 6684 27
6585 6586 51
6585 6685 12
6586 6587 92
6586 6686 42
6587 6588 84
6587 6687 56
6588 6589 70
6588 6688 43
6589 6590 3
6589 6689 62
6590 6591 8
6590 6690 51
6591 6592 4
6591 6691 45
6592 6593 67
6592 6692 100
6593 6594 6
6593 6693 84
6594 6595 49
6594 6694 84
6595 6596 10
6595 6695 65
6596 6597 9
6596 6696 28
6597 6598 74
6597 6697 22
6598 6599 99
6598 6698 82
6599 6699 29
6600 6601 29
6600 6700 56
6601 6602 60
6601 6701 64
6602 6603 41
6602 6702 43
6603 6604 30
6603 6703 65
6604 6605 99
6604 6704 84
6605 6606 32
6605 6705 59
6606 6607 20
6606 6706 46
6607 6608 96
6607 6707 91
6608 6609 43
6608 6708 49
6609 6610 78
6609 6709 94
6610 6611 43
6610 6710 33
6611 6612 85
6611 6711 49
6612 6613 91
6612 6712 22
6613 6614 51
6613 6713 78
6614 6615 82
6614 6714 61
6615 6616 74
6615 6715 48
6616 6617 44
6616 6716 59
6617 6618 25
6617 6717 98
6618 6619 73
6618 6718 65
6619 6620 86
6619 6719 81
6620 6621 50
6620 6720 28
6621 6622 97
6621 6721 81
6622 6623 37
6622 6722 40
6623 6624 7
6623 6723 98
6624 6625 22
6624 6724 73
6625 6626 26
6625 6725 8
6626 6627 14
6626 6726 62
6627 6628 88
6627 6727 92
6628 6629 23
6628 6728 90
6629 6630 80
6629 6729 70
6630 6631 34
6630 6730 72
6631 6632 80
6631 6731 9
6632 6633 76
6632 6732 10
6633 6634 93
6633 6733 94
6634 6635 20
6634 6734 34
6635 6636 45
6635 6735 25
6636 6637 71
6636 6736 46
6637 6638 63
6637 6737 24
6638 6639 62
6638 6738 27
6639 6640 14
6639 6739 14
6640 6641 49
6640 6740 73
6641 6642 31
6641 6741 17
6642 6643 22
6642 6742 80
6643 6644 73
6643 6743 49
6644 6645 72
6644 6744 43
6645 6646 63
6645 6745 90
6646 6647 85
6646 6746 70
6647 6648 77
6647 6747 60
6648 6649 55
6648 6748 67
6649 6650 33
6649 6749 30
6650 6651 2
6650 6750 75
6651 6652 25
6651 6751 60
6652 6653 56
6652 6752 98
6653 6654 5
6653 6753 6
6654 6655 63
6654 6754 25
6655 6656 70
6655 6755 2
6656 6657 77
6656 6756 11
6657 6658 34
6657 6757 81
6658 6659 98
6658 6758 100
6659 6660 36
6659 6759 71
6660 6661 66
6660 6760 82
6661 6662 41
6661 6761 2
6662 6663 50
6662 6762 78
6663 6664 57
6663 6763 82
6664 6665 16
6664 6764 99
6665 6666 8
6665 6765 83
6666 6667 79
6666 6766 38
6667 6668 8
6667 6767 90
6668 6669 44
6668 6768 15
6669 6670 92
6669 6769 93
6670 6671 28
6670 6770 79
6671 6672 71
6671 6771 39
6672 6673 8
6672 6772 51
6673 6674 43
6673 6773 32
6674 6675 60
6674 6774 13
6675 6676 66
6675 6775 47
6676 6677 33
6676 6776 10
6677 6678 5
6677 6777 98
6678 6679 68
6678 6778 44
6679 6680 57
6679 6779 14
6680 6681 15
6680 6780 93
6681 6682 27
6681 6781 57
6682 6683 14
6682 6782 53
6683 6684 80
6683 6783 96
6684 6685 72
6684 6784 46
6685 6686 19
6685 6785 58
6686 6687 89
6686 6786 66
6687 6688 78
6687 6787 44
6688 6689 80
6688 6788 79
6689 6690 32
6689 6789 38
6690 6691 50
6690 6790 18
6691 6692 77
6691 6791 76
6692 6693 18
6692 6792 1
6693 6694 84
6693 6793 54
6694 6695 92
6694 6794 28
6695 6696 67
6695 6795 41
6696 6697 44
6696 6796 59
6697 6698 73
6697 6797 52
6698 6699 68
6698 6798 75
6699 6799 12
6700 6701 86
6700 6800 11
6701 6702 2
6701 6801 11
6702 6703 34
6702 6802 41
6703 6704 57
6703 6803 89
6704 6705 61
6704 6804 52
6705 6706 69
6705 6805 32
6706 6707 95
6706 6806 49
6707 6708 5
6707 6807 22
6708 6709 67
6708 6808 56
6709 6710 76
6709 6809 94
6710 6711 41
6710 6810 42
6711 6712 43
6711 6811 4
6712 6713 38
6712 6812 48
6713 6714 6
6713 6813 23
6714 6715 95
6714 6814 25
6715 6716 84
6715 6815 44
6716 6717 19
6716 6816 93
6717 6718 48
6717 6817 15
6718 6719 35
6718 6818 90
6719 6720 48
6719 6819 89
6720 6721 87
6720 6820 25
6721 6722 5
6721 6821 89
6722 6723 31
6722 6822 65
6723 6724 66
6723 6823 1
6724 6725 83
6724 6824 87
6725 6726 90
6725 6825 58
6726 6727 69
6726 6826 1
6727 6728 23
6727 6827 65
6728 6729 70
6728 6828 10
6729 6730 73
6729 6829 64
6730 6731 52
6730 6830 49
6731 6732 88
6731 6831 83
6732 6733 43
6732 6832 10
6733 6734 20
6733 6833 68
6734 6735 18
6734 6834 46
6735 6736 31
6735 6835 43
6736 6737 97
6736 6836 18
6737 6738 57
6737 6837 36
6738 6739 69
6738 6838 21
6739 6740 51
6739 6839 95
6740 6741 32
6740 6840 75
6741 6742 28
6741 6841 40
6742 6743 20
6742 6842 23
6743 6744 14
6743 6843 72
6744 6745 15
6744 6844 59
6745 6746 30
6745 6845 5
6746 6747 22
6746 6846 63
6747 6748 80
6747 6847 39
6748 6749 98
6748 6848 11
6749 6750 5
6749 6849 41
6750 6751 27
6750 6850 45
6751 6752 98
6751 6851 45
6752 6753 72
6752 6852 11
6753 6754 83
6753 6853 24
6754 6755 15
6754 6854 39
6755 6756 21
6755 6855 58
6756 6757 27
6756 6856 9
6757 6758 98
6757 6857 58
6758 6759 56
6758 6858 70
6759 6760 91
6759 6859 95
6760 6761 36
6760 6860 69
6761 6762 26
6761 6861 1
6762 6763 40
6762 6862 40
6763 6764 34
6763 6863 71
6764 6765 33
6764 6864 26
6765 6766 56
6765 6865 15
6766 6767 70
6766 6866 29
6767 6768 30
6767 6867 45
6768 6769 15
6768 6868 56
6769 6770 7
6769 6869 13
6770 6771 87
6770 6870 69
6771 6772 33
6771 6871 79
6772 6773 39
6772 6872 28
6773 6774 79
6773 6873 33
6774 6775 75
6774 6874 27
6775 6776 22
6775 6875 16
6776 6777 74
6776 6876 78
6777 6778 32
6777 6877 57
6778 6779 32
6778 6878 84
6779 6780 88
6779 6879 75
6780 6781 44
6780 6880 74
6781 6782 45
6781 6881 49
6782 6783 70
6782 6882 32
6783 6784 5
6783 6883 1
6784 6785 78
6784 6884 53
6785 6786 86
6785 6885 81
6786 6787 83
6786 6886 48
6787 6788 14
6787 6887 55
6788 6789 57
6788 6888 4
6789 6790 40
6789 6889 55
6790 6791 54
6790 6890 42
6791 6792 99
6791 6891 49
6792 6793 31
6792 6892 38
6793 6794 90
6793 6893 44
6794 6795 68
6794 6894 19
6795 6796 81
6795 6895 87
6796 6797 82
6796 6896 4
6797 6798 20
6797 6897 4
6798 6799 9
6798 6898 87
6799 6899 81
6800 6801 27
6800 6900 70
6801 6802 39
6801 6901 76
6802 6803 21
6802 6902 45
6803 6804 79
6803 6903 80
6804 6805 28
6804 6904 8
6805 6806 18
6805 6905 41
6806 6807 64
6806 6906 65
6807 6808 34
6807 6907 82
6808 6809 4
6808 6908 95
6809 6810 39
6809 6909 41
6810 6811 7
6810 6910 65
6811 6812 5
6811 6911 37
6812 6813 75
6812 6912 15
6813 6814 86
6813 6913 100
6814 6815 76
6814 6914 98
6815 6816 46
6815 6915 49
6816 6817 57
6816 6916 82
6817 6818 49
6817 6917 89
6818 6819 96
6818 6918 46
6819 6820 76
6819 6919 95
6820 6821 92
6820 6920 64
6821 6822 93
6821 6921 14
6822 6823 39
6822 6922 96
6823 6824 84
6823 6923 76
6824 6825 83
6824 6924 89
6825 6826 19
6825 6925 52
6826 6827 86
6826 6926 99
6827 6828 37
6827 6927 24
6828 6829 99
6828 6928 19
6829 6830 15
6829 6929 53
6830 6831 68
6830 6930 28
6831 6832 45
6831 6931 37
6832 6833 69
6832 6932 47
6833 6834 88
6833 6933 68
6834 6835 91
6834 6934 34
6835 6836 73
6835 6935 67
6836 6837 1
6836 6936 34
6837 6838 45
6837 6937 78
6838 6839 29
6838 6938 47
6839 6840 100
6839 6939 67
6840 6841 96
6840 6940 17
6841 6842 93
6841 6941 8
6842 6843 48
6842 6942 98
6843 6844 60
6843 6943 78
6844 6845 51
6844 6944 36
6845 6846 55
6845 6945 97
6846 6847 100
6846 6946 64
6847 6848 67
6847 6947 37
6848 6849 58
6848 6948 100
6849 6850 15
6849 6949 2
6850 6851 41
6850 6950 45
6851 6852 19
6851 6951 80
6852 6853 53
6852 6952 70
6853 6854 82
6853 6953 25
6854 6855 13
6854 6954 2
6855 6856 54
6855 6955 93
6856 6857 93
6856 6956 88
6857 6858 25
6857 6957 69
6858 6859 26
6858 6958 70
6859 6860 42
6859 6959 72
6860 6861 67
6860 6960 31
6861 6862 90
6861 6961 46
6862 6863 37
6862 6962 51
6863 6864 26
6863 6963 78
6864 6865 23
6864 6964 33
6865 6866 2
6865 6965 79
6866 6867 71
6866 6966 23
6867 6868 66
6867 6967 35
6868 6869 38
6868 6968 62
6869 6870 37
6869 6969 61
6870 6871 80
6870 6970 17
6871 6872 46
6871 6971 73
6872 6873 21
6872 6972 77
6873 6874 56
6873 6973 34
6874 6875 95
6874 6974 87
6875 6876 51
6875 6975 96
6876 6877 75
6876 6976 94
6877 6878 21
6877 6977 8
6878 6879 95
6878 6978 75
6879 6880 48
6879 6979 66
6880 6881 62
6880 6980 67
6881 6882 61
6881 6981 10
6882 6883 76
6882 6982 64
6883 6884 1
6883 6983 94
6884 6885 98
6884 6984 72
6885 6886 9
6885 6985 36
6886 6887 14
6886 6986 23
6887 6888 43
6887 6987 11
6888 6889 100
6888 6988 65
6889 6890 37
6889 6989 28
6890 6891 99
6890 6990 73
6891 6892 34
6891 6991 32
6892 6893 59
6892 6992 76
6893 6894 79
6893 6993 21
6894 6895 41
6894 6994 89
6895 6896 45
6895 6995 19
6896 6897 22
6896 6996 33
6897 6898 68
6897 6997 88
6898 6899 94
6898 6998 56
6899 6999 82
6900 6901 19
6900 7000 39
6901 6902 20
6901 7001 50
6902 6903 2
6902 7002 6
6903 6904 58
6903 7003 46
6904 6905 87
6904 7004 21
6905 6906 83
6905 7005 60
6906 6907 23
6906 7006 83
6907 6908 31
6907 7007 69
6908 6909 83
6908 7008 59
6909 6910 74
6909 7009 61
6910 6911 67
6910 7010 12
6911 6912 85
6911 7011 11
6912 6913 88
6912 7012 11
6913 6914 52
6913 7013 20
6914 6915 96
6914 7014 5
6915 6916 54
6915 7015 95
6916 6917 37
6916 7016 35
6917 6918 73
6917 7017 92
6918 6919 61
6918 7018 84
6919 6920 56
6919 7019 27
6920 6921 86
6920 7020 62
6921 6922 19
6921 7021 2
6922 6923 66
6922 7022 15
6923 6924 95
6923 7023 46
6924 6925 61
6924 7024 95
6925 6926 59
6925 7025 45
6926 6927 22
6926 7026 63
6927 6928 79
6927 7027 72
6928 6929 45
6928 7028 12
6929 6930 11
6929 7029 60
6930 6931 31
6930 7030 82
6931 6932 4
6931 7031 33
6932 6933 1
6932 7032 69
6933 6934 3
6933 7033 36
6934 6935 78
6934 7034 57
6935 6936 23
6935 7035 94
6936 6937 38
6936 7036 74
6937 6938 78
6937 7037 61
6938 6939 74
6938 7038 62
6939 6940 3
6939 7039 33
6940 6941 70
6940 7040 64
6941 6942 31
6941 7041 57
6942 6943 92
6942 7042 55
6943 6944 3
6943 7043 10
6944 6945 86
6944 7044 67
6945 6946 74
6945 7045 49
6946 6947 97
6946 7046 57
6947 6948 80
6947 7047 4
6948 6949 5
6948 7048 96
6949 6950 83
6949 7049 13
6950 6951 92
6950 7050 72
6951 6952 13
6951 7051 31
6952 6953 41
6952 7052 89
6953 6954 15
6953 7053 7
6954 6955 19
6954 7054 61
6955 6956 89
6955 7055 80
6956 6957 39
6956 7056 60
6957 6958 35
6957 7057 49
6958 6959 39
6958 7058 7
6959 6960 56
6959 7059 38
6960 6961 75
6960 7060 51
6961 6962 30
6961 7061 21
6962 6963 30
6962 7062 93
6963 6964 95
6963 7063 71
6964 6965 6
6964 7064 42
6965 6966 40
6965 7065 20
6966 6967 85
6966 7066 47
6967 6968 43
6967 7067 13
6968 6969 42
6968 7068 51
6969 6970 58
6969 7069 76
6970 6971 12
6970 7070 99
6971 6972 27
6971 7071 85
6972 6973 74
6972 7072 96
6973 6974 50
6973 7073 79
6974 6975 71
6974 7074 96
6975 6976 12
6975 7075 51
6976 6977 21
6976 7076 20
6977 6978 30
6977 7077 6
6978 6979 97
6978 7078 74
6979 6980 18
6979 7079 19
6980 6981 85
6980 7080 74
6981 6982 74
6981 7081 31
6982 6983 18
6982 7082 71
6983 6984 9
6983 7083 49
6984 6985 1
6984 7084 64
6985 6986 68
6985 7085 70
6986 6987 10
6986 7086 73
6987 6988 22
6987 7087 18
6988 6989 41
6988 7088 60
6989 6990 45
6989 7089 25
6990 6991 53
6990 7090 25
6991 6992 74
6991 7091 72
6992 6993 90
6992 7092 6
6993 6994 31
6993 7093 100
6994 6995 71
6994 7094 53
6995 6996 99
6995 7095 84
6996 6997 33
6996 7096 80
6997 6998 62
6997 7097 24
6998 6999 99
6998 7098 10
6999 7099 91
7000 7001 95
7000 7100 66
7001 7002 59
7001 7101 85
7002 7003 67
7002 7102 13
7003 7004 67
7003 7103 42
7004 7005 49
7004 7104 63
7005 7006 45
7005 7105 91
7006 7007 18
7006 7106 73
7007 7008 19
7007 7107 5
7008 7009 80
7008 7108 40
7009 7010 89
7009 7109 40
7010 7011 65
7010 7110 19
7011 7012 14
7011 7111 23
7012 7013 86
7012 7112 50
7013 7014 24
7013 7113 79
7014 7015 91
7014 7114 79
7015 7016 48
7015 7115 61
7016 7017 95
7016 7116 86
7017 7018 90
7017 7117 3
7018 7019 22
7018 7118 60
7019 7020 11
7019 7119 19
7020 7021 78
7020 7120 76
7021 7022 61
7021 7121 1
7022 7023 34
7022 7122 91
7023 7024 17
7023 7123 2
7024 7025 88
7024 7124 62
7025 7026 85
7025 7125 42
7026 7027 43
7026 7126 74
7027 7028 28
7027 7127 14
7028 7029 69
7028 7128 68
7029 7030 1
7029 7129 78
7030 7031 90
7030 7130 91
7031 7032 72
7031 7131 19
7032 7033 96
7032 7132 59
7033 7034 36
7033 7133 89
7034 7035 40
7034 7134 96
7035 7036 60
7035 7135 97
7036 7037 95
7036 7136 72
7037 7038 13
7037 7137 30
7038 7039 46
7038 7138 98
7039 7040 16
7039 7139 30
7040 7041 84
7040 7140 32
7041 7042 54
7041 7141 47
7042 7043 41
7042 7142 40
7043 7044 4
7043 7143 8
7044 7045 64
7044 7144 23
7045 7046 77
7045 7145 2
7046 7047 23
7046 7146 55
7047 7048 7
7047 7147 97
7048 7049 91
7048 7148 15
7049 7050 93
7049 7149 28
7050 7051 75
7050 7150 77
7051 7052 100
7051 7151 8
7052 7053 50
7052 7152 51
7053 7054 26
7053 7153 46
7054 7055 25
7054 7154 3
7055 7056 32
7055 7155 63
7056 7057 43
7056 7156 10
7057 7058 52
7057 7157 66
7058 7059 63
7058 7158 96
7059 7060 73
7059 7159 88
7060 7061 64
7060 7160 51
7061 7062 11
7061 7161 28
7062 7063 73
7062 7162 74
7063 7064 80
7063 7163 86
7064 7065 36
7064 7164 89
7065 7066 61
7065 7165 14
7066 7067 65
7066 7166 30
7067 7068 59
7067 7167 92
7068 7069 36
7068 7168 38
7069 7070 14
7069 7169 70
7070 7071 75
7070 7170 18
7071 7072 48
7071 7171 90
7072 7073 95
7072 7172 69
7073 7074 47
7073 7173 44
7074 7075 82
7074 7174 52
7075 7076 84
7075 7175 84
7076 7077 77
7076 7176 53
7077 7078 23
7077 7177 91
7078 7079 16
7078 7178 49
7079 7080 40
7079 7179 80
7080 7081 91
7080 7180 89
7081 7082 33
7081 7181 19
7082 7083 38
7082 7182 76
7083 7084 34
7083 7183 68
7084 7085 29
7084 7184 27
7085 7086 71
7085 7185 65
7086 7087 49
7086 7186 82
7087 7088 84
7087 7187 67
7088 7089 2
7088 7188 59
7089 7090 87
7089 7189 40
7090 7091 9
7090 7190 57
7091 7092 32
7091 7191 83
7092 7093 91
7092 7192 16
7093 7094 13
7093 7193 31
7094 7095 21
7094 7194 91
7095 7096 6
7095 7195 29
7096 7097 32
7096 7196 39
7097 7098 23
7097 7197 89
7098 7099 52
7098 7198 6
7099 7199 33
7100 7101 54
7100 7200 69
7101 7102 52
7101 7201 83
7102 7103 19
7102 7202 45
7103 7104 48
7103 7203 65
7104 7105 26
7104 7204 13
7105 7106 46
7105 7205 92
7106 7107 99
7106 7206 40
7107 7108 6
7107 7207 26
7108 7109 12
7108 7208 10
7109 7110 4
7109 7209 41
7110 7111 29
7110 7210 95
7111 7112 1
7111 7211 23
7112 7113 43
7112 7212 50
7113 7114 63
7113 7213 88
7114 7115 7
7114 7214 57
7115 7116 90
7115 7215 99
7116 7117 100
7116 7216 23
7117 7118 48
7117 7217 32
7118 7119 73
7118 7218 1
7119 7120 27
7119 7219 87
7120 7121 10
7120 7220 64
7121 7122 57
7121 7221 82
7122 7123 83
7122 7222 56
7123 7124 41
7123 7223 77
7124 7125 64
7124 7224 57
7125 7126 65
7125 7225 23
7126 7127 60
7126 7226 74
7127 7128 83
7127 7227 50
7128 7129 20
7128 7228 14
7129 7130 34
7129 7229 56
7130 7131 46
7130 7230 88
7131 7132 61
7131 7231 60
7132 7133 95
7132 7232 28
7133 7134 15
7133 7233 52
7134 7135 71
7134 7234 57
7135 7136 64
7135 7235 5
7136 7137 37
7136 7236 2
7137 7138 28
7137 7237 78
7138 7139 95
7138 7238 8
7139 7140 2
7139 7239 98
7140 7141 68
7140 7240 61
7141 7142 47
7141 7241 3
7142 7143 36
7142 7242 18
7143 7144 41
7143 7243 88
7144 7145 89
7144 7244 16
7145 7146 46
7145 7245 87
7146 7147 48
7146 7246 50
7147 7148 22
7147 7247 42
7148 7149 12
7148 7248 16
7149 7150 90
7149 7249 93
7150 7151 35
7150 7250 15
7151 7152 27
7151 7251 99
7152 7153 46
7152 7252 12
7153 7154 71
7153 7253 10
7154 7155 36
7154 7254 96
7155 7156 39
7155 7255 60
7156 7157 90
7156 7256 82
7157 7158 46
7157 7257 65
7158 7159 22
7158 7258 100
7159 7160 54
7159 7259 64
7160 7161 94
7160 7260 36
7161 7162 5
7161 7261 94
7162 7163 65
7162 7262 93
7163 7164 79
7163 7263 18
7164 7165 17
7164 7264 67
7165 7166 11
7165 7265 86
7166 7167 100
7166 7266 29
7167 7168 8
7167 7267 31
7168 7169 84
7168 7268 75
7169 7170 82
7169 7269 75
7170 7171 89
7170 7270 84
7171 7172 54
7171 7271 20
7172 7173 23
7172 7272 84
7173 7174 87
7173 7273 94
7174 7175 34
7174 7274 35
7175 7176 35
7175 7275 91
7176 7177 3
7176 7276 33
7177 7178 54
7177 7277 27
7178 7179 40
7178 7278 23
7179 7180 81
7179 7279 18
7180 7181 11
7180 7280 49
7181 7182 52
7181 7281 38
7182 7183 3
7182 7282 26
7183 7184 58
7183 7283 70
7184 7185 9
7184 7284 60
7185 7186 82
7185 7285 13
7186 7187 79
7186 7286 61
7187 7188 67
7187 7287 42
7188 7189 75
7188 7288 66
7189 7190 8
7189 7289 4
7190 7191 59
7190 7290 68
7191 7192 15
7191 7291 33
7192 7193 48
7192 7292 21
7193 7194 89
7193 7293 63
7194 7195 29
7194 7294 80
7195 7196 36
7195 7295 30
7196 7197 94
7196 7296 33
7197 7198 39
7197 7297 27
7198 7199 74
7198 7298 67
7199 7299 66
7200 7201 51
7200 7300 95
7201 7202 14
7201 7301 94
7202 7203 29
7202 7302 85
7203 7204 85
7203 7303 52
7204 7205 97
7204 7304 82
7205 7206 61
7205 7305 75
7206 7207 32
7206 7306 17
7207 7208 49
7207 7307 11
7208 7209 57
7208 7308 20
7209 7210 2
7209 7309 90
7210 7211 70
7210 7310 53
7211 7212 42
7211 7311 59
7212 7213 45
7212 7312 58
7213 7214 52
7213 7313 34
7214 7215 40
7214 7314 97
7215 7216 39
7215 7315 35
7216 7217 67
7216 7316 99
7217 7218 75
7217 7317 93
7218 7219 89
7218 7318 51
7219 7220 87
7219 7319 47
7220 7221 65
7220 7320 16
7221 7222 1
7221 7321 95
7222 7223 58
7222 7322 88
7223 7224 16
7223 7323 75
7224 7225 23
7224 7324 45
7225 7226 40
7225 7325 74
7226 7227 25
7226 7326 83
7227 7228 31
7227 7327 79
7228 7229 72
7228 7328 3
7229 7230 70
7229 7329 64
7230 7231 12
7230 7330 30
7231 7232 34
7231 7331 50
7232 7233 37
7232 7332 81
7233 7234 89
7233 7333 65
7234 7235 6
7234 7334 50
7235 7236 32
7235 7335 56
7236 7237 99
7236 7336 37
7237 7238 58
7237 7337 56
7238 7239 62
7238 7338 37
7239 7240 8
7239 7339 26
7240 7241 32
7240 7340 18
7241 7242 5
7241 7341 19
7242 7243 86
7242 7342 75
7243 7244 10
7243 7343 39
7244 7245 18
7244 7344 84
7245 7246 58
7245 7345 58
7246 7247 37
7246 7346 12
7247 7248 12
7247 7347 87
7248 7249 2
7248 7348 85
7249 7250 50
7249 7349 9
7250 7251 53
7250 7350 93
7251 7252 58
7251 7351 93
7252 7253 55
7252 7352 20
7253 7254 56
7253 7353 71
7254 7255 69
7254 7354 40
7255 7256 98
7255 7355 58
7256 7257 92
7256 7356 22
7257 7258 39
7257 7357 63
7258 7259 47
7258 7358 66
7259 7260 96
7259 7359 48
7260 7261 100
7260 7360 27
7261 7262 26
7261 7361 78
7262 7263 46
7262 7362 4
7263 7264 98
7263 7363 13
7264 7265 13
7264 7364 27
7265 7266 90
7265 7365 70
7266 7267 60
7266 7366 25
7267 7268 28
7267 7367 80
7268 7269 20
7268 7368 35
7269 7270 38
7269 7369 58
7270 7271 49
7270 7370 19
7271 7272 92
7271 7371 72
7272 7273 98
7272 7372 55
7273 7274 52
7273 7373 65
7274 7275 90
7274 7374 27
7275 7276 67
7275 7375 50
7276 7277 34
7276 7376 78
7277 7278 8
7277 7377 9
7278 7279 67
7278 7378 88
7279 7280 10
7279 7379 37
7280 7281 28
7280 7380 79
7281 7282 3
7281 7381 14
7282 7283 1
7282 7382 85
7283 7284 46
7283 7383 9
7284 7285 22
7284 7384 52
7285 7286 65
7285 7385 51
7286 7287 39
7286 7386 81
7287 7288 20
7287 7387 15
7288 7289 3
7288 7388 31
7289 7290 85
7289 7389 53
7290 7291 97
7290 7390 95
7291 7292 33
7291 7391 32
7292 7293 83
7292 7392 19
7293 7294 69
7293 7393 12
7294 7295 28
7294 7394 84
7295 7296 35
7295 7395 99
7296 7297 59
7296 7396 29
7297 7298 39
7297 7397 19
7298 7299 54
7298 7398 9
7299 7399 33
7300 7301 22
7300 7400 83
7301 7302 100
7301 7401 81
7302 7303 64
7302 7402 56
7303 7304 55
7303 7403 22
7304 7305 13
7304 7404 54
7305 7306 95
7305 7405 69
7306 7307 23
7306 7406 38
7307 7308 77
7307 7407 97
7308 7309 91
7308 7408 95
7309 7310 72
7309 7409 89
7310 7311 46
7310 7410 1
7311 7312 82
7311 7411 14
7312 7313 98
7312 7412 87
7313 7314 40
7313 7413 75
7314 7315 28
7314 7414 49
7315 7316 26
7315 7415 32
7316 7317 21
7316 7416 88
7317 7318 48
7317 7417 94
7318 7319 91
7318 7418 62
7319 7320 3
7319 7419 72
7320 7321 70
7320 7420 15
7321 7322 23
7321 7421 75
7322 7323 79
7322 7422 67
7323 7324 22
7323 7423 32
7324 7325 7
7324 7424 51
7325 7326 70
7325 7425 84
7326 7327 35
7326 7426 62
7327 7328 9
7327 7427 93
7328 7329 75
7328 7428 64
7329 7330 58
7329 7429 31
7330 7331 96
7330 7430 48
7331 7332 3
7331 7431 67
7332 7333 6
7332 7432 72
7333 7334 82
7333 7433 75
7334 7335 87
7334 7434 59
7335 7336 49
7335 7435 80
7336 7337 68
7336 7436 44
7337 7338 19
7337 7437 26
7338 7339 26
7338 7438 54
7339 7340 80
7339 7439 1
7340 7341 76
7340 7440 99
7341 7342 57
7341 7441 13
7342 7343 3
7342 7442 47
7343 7344 18
7343 7443 35
7344 7345 78
7344 7444 37
7345 7346 89
7345 7445 3
7346 7347 17
7346 7446 65
7347 7348 89
7347 7447 22
7348 7349 82
7348 7448 60
7349 7350 79
7349 7449 37
7350 7351 5
7350 7450 9
7351 7352 96
7351 7451 89
7352 7353 17
7352 7452 83
7353 7354 59
7353 7453 55
7354 7355 6
7354 7454 29
7355 7356 50
7355 7455 36
7356 7357 17
7356 7456 2
7357 7358 9
7357 7457 5
7358 7359 38
7358 7458 60
7359 7360 55
7359 7459 24
7360 7361 23
7360 7460 6
7361 7362 27
7361 7461 22
7362 7363 43
7362 7462 55
7363 7364 63
7363 7463 94
7364 7365 93
7364 7464 19
7365 7366 51
7365 7465 16
7366 7367 3
7366 7466 86
7367 7368 32
7367 7467 36
7368 7369 30
7368 7468 76
7369 7370 19
7369 7469 58
7370 7371 29
7370 7470 51
7371 7372 13
7371 7471 73
7372 7373 26
7372 7472 16
7373 7374 94
7373 7473 28
7374 7375 85
7374 7474 29
7375 7376 32
7375 7475 56
7376 7377 1
7376 7476 24
7377 7378 90
7377 7477 46
7378 7379 64
7378 7478 89
7379 7380 21
7379 7479 90
7380 7381 79
7380 7480 78
7381 7382 46
7381 7481 80
7382 7383 19
7382 7482 12
7383 7384 97
7383 7483 91
7384 7385 26
7384 7484 52
7385 7386 19
7385 7485 3
7386 7387 50
7386 7486 83
7387 7388 52
7387 7487 33
7388 7389 53
7388 7488 82
7389 7390 88
7389 7489 82
7390 7391 58
7390 7490 18
7391 7392 64
7391 7491 16
7392 7393 28
7392 7492 43
7393 7394 19
7393 7493 57
7394 7395 14
7394 7494 89
7395 7396 64
7395 7495 18
7396 7397 59
7396 7496 4
7397 7398 20
7397 7497 65
7398 7399 51
7398 7498 29
7399 7499 41
7400 7401 52
7400 7500 14
7401 7402 22
7401 7501 86
7402 7403 45
7402 7502 1
7403 7404 71
7403 7503 100
7404 7405 55
7404 7504 84
7405 7406 12
7405 7505 95
7406 7407 30
7406 7506 95
7407 7408 51
7407 7507 91
7408 7409 79
7408 7508 38
7409 7410 34
7409 7509 26
7410 7411 76
7410 7510 55
7411 7412 42
7411 7511 83
7412 7413 19
7412 7512 82
7413 7414 31
7413 7513 16
7414 7415 62
7414 7514 13
7415 7416 32
7415 7515 45
7416 7417 90
7416 7516 14
7417 7418 43
7417 7517 38
7418 7419 73
7418 7518 2
7419 7420 94
7419 7519 23
7420 7421 55
7420 7520 40
7421 7422 65
7421 7521 54
7422 7423 5
7422 7522 31
7423 7424 56
7423 7523 90
7424 7425 10
7424 7524 61
7425 7426 98
7425 7525 47
7426 7427 74
7426 7526 1
7427 7428 7
7427 7527 95
7428 7429 36
7428 7528 67
7429 7430 67
7429 7529 16
7430 7431 32
7430 7530 52
7431 7432 100
7431 7531 3
7432 7433 30
7432 7532 1
7433 7434 54
7433 7533 85
7434 7435 75
7434 7534 42
7435 7436 92
7435 7535 12
7436 7437 93
7436 7536 36
7437 7438 42
7437 7537 71
7438 7439 95
7438 7538 46
7439 7440 53
7439 7539 28
7440 7441 83
7440 7540 57
7441 7442 90
7441 7541 18
7442 7443 80
7442 7542 31
7443 7444 58
7443 7543 71
7444 7445 25
7444 7544 52
7445 7446 57
7445 7545 90
7446 7447 3
7446 7546 68
7447 7448 23
7447 7547 50
7448 7449 47
7448 7548 88
7449 7450 76
7449 7549 49
7450 7451 51
7450 7550 23
7451 7452 4
7451 7551 20
7452 7453 98
7452 7552 1
7453 7454 2
7453 7553 72
7454 7455 28
7454 7554 45
7455 7456 6
7455 7555 61
7456 7457 4
7456 7556 35
7457 7458 38
7457 7557 43
7458 7459 59
7458 7558 61
7459 7460 90
7459 7559 75
7460 7461 54
7460 7560 74
7461 7462 41
7461 7561 28
7462 7463 55
7462 7562 78
7463 7464 8
7463 7563 87
7464 7465 33
7464 7564 22
7465 7466 33
7465 7565 64
7466 7467 56
7466 7566 43
7467 7468 92
7467 7567 22
7468 7469 1
7468 7568 55
7469 7470 2
7469 7569 87
7470 7471 64
7470 7570 70
7471 7472 7
7471 7571 22
7472 7473 49
7472 7572 23
7473 7474 28
7473 7573 70
7474 7475 37
7474 7574 92
7475 7476 35
7475 7575 28
7476 7477 12
7476 7576 28
7477 7478 94
7477 7577 68
7478 7479 7
7478 7578 60
7479 7480 22
7479 7579 73
7480 7481 44
7480 7580 37
7481 7482 28
7481 7581 79
7482 7483 80
7482 7582 85
7483 7484 11
7483 7583 35
7484 7485 46
7484 7584 17
7485 7486 25
7485 7585 10
7486 7487 78
7486 7586 26
7487 7488 37
7487 7587 50
7488 7489 92
7488 7588 13
7489 7490 38
7489 7589 38
7490 7491 70
7490 7590 98
7491 7492 37
7491 7591 93
7492 7493 70
7492 7592 84
7493 7494 24
7493 7593 55
7494 7495 1
7494 7594 92
7495 7496 47
7495 7595 20
7496 7497 17
7496 7596 67
7497 7498 57
7497 7597 98
7498 7499 85
7498 7598 29
7499 7599 29
7500 7501 38
7500 7600 2
7501 7502 96
7501 7601 100
7502 7503 30
7502 7602 91
7503 7504 54
7503 7603 42
7504 7505 62
7504 7604 87
7505 7506 72
7505 7605 72
7506 7507 17
7506 7606 88
7507 7508 33
7507 7607 32
7508 7509 47
7508 7608 28
7509 7510 7
7509 7609 64
7510 7511 41
7510 7610 11
7511 7512 36
7511 7611 38
7512 7513 81
7512 7612 39
7513 7514 96
7513 7613 25
7514 7515 25
7514 7614 88
7515 7516 95
7515 7615 42
7516 7517 67
7516 7616 12
7517 7518 67
7517 7617 34
7518 7519 43
7518 7618 3
7519 7520 5
7519 7619 63
7520 7521 65
7520 7620 97
7521 7522 89
7521 7621 15
7522 7523 1
7522 7622 29
7523 7524 87
7523 7623 36
7524 7525 45
7524 7624 62
7525 7526 20
7525 7625 2
7526 7527 23
7526 7626 30
7527 7528 50
7527 7627 55
7528 7529 52
7528 7628 78
7529 7530 41
7529 7629 32
7530 7531 92
7530 7630 44
7531 7532 96
7531 7631 78
7532 7533 59
7532 7632 20
7533 7534 4
7533 7633 80
7534 7535 37
7534 7634 26
7535 7536 23
7535 7635 61
7536 7537 60
7536 7636 94
7537 7538 96
7537 7637 74
7538 7539 88
7538 7638 26
7539 7540 18
7539 7639 93
7540 7541 48
7540 7640 1
7541 7542 60
7541 7641 37
7542 7543 26
7542 7642 5
7543 7544 2
7543 7643 62
7544 7545 31
7544 7644 95
7545 7546 66
7545 7645 29
7546 7547 83
7546 7646 35
7547 7548 18
7547 7647 57
7548 7549 65
7548 7648 35
7549 7550 13
7549 7649 69
7550 7551 60
7550 7650 100
7551 7552 28
7551 7651 42
7552 7553 37
7552 7652 23
7553 7554 16
7553 7653 38
7554 7555 20
7554 7654 59
7555 7556 73
7555 7655 35
7556 7557 82
7556 7656 100
7557 7558 59
7557 7657 42
7558 7559 61
7558 7658 70
7559 7560 14
7559 7659 22
7560 7561 16
7560 7660 4
7561 7562 67
7561 7661 45
7562 7563 74
7562 7662 99
7563 7564 23
7563 7663 35
7564 7565 10
7564 7664 91
7565 7566 46
7565 7665 18
7566 7567 96
7566 7666 76
7567 7568 49
7567 7667 47
7568 7569 71
7568 7668 59
7569 7570 26
7569 7669 30
7570 7571 34
7570 7670 64
7571 7572 85
7571 7671 82
7572 7573 14
7572 7672 56
7573 7574 85
7573 7673 92
7574 7575 87
7574 7674 63
7575 7576 3
7575 7675 85
7576 7577 23
7576 7676 51
7577 7578 51
7577 7677 15
7578 7579 32
7578 7678 17
7579 7580 18
7579 7679 8
7580 7581 81
7580 7680 46
7581 7582 61
7581 7681 15
7582 7583 93
7582 7682 47
7583 7584 8
7583 7683 21
7584 7585 92
7584 7684 34
7585 7586 29
7585 7685 83
7586 7587 18
7586 7686 56
7587 7588 12
7587 7687 30
7588 7589 45
7588 7688 59
7589 7590 77
7589 7689 36
7590 7591 96
7590 7690 53
7591 7592 66
7591 7691 14
7592 7593 47
7592 7692 52
7593 7594 39
7593 7693 4
7594 7595 91
7594 7694 9
7595 7596 95
7595 7695 88
7596 7597 10
7596 7696 32
7597 7598 95
7597 7697 71
7598 7599 90
7598 7698 49
7599 7699 15
7600 7601 10
7600 7700 4
7601 7602 81
7601 7701 7
7602 7603 41
7602 7702 68
7603 7604 80
7603 7703 56
7604 7605 67
7604 7704 42
7605 7606 35
7605 7705 87
7606 7607 57
7606 7706 51
7607 7608 88
7607 7707 41
7608 7609 37
7608 7708 92
7609 7610 9
7609 7709 3
7610 7611 15
7610 7710 97
7611 7612 46
7611 7711 54
7612 7613 59
7612 7712 78
7613 7614 55
7613 7713 71
7614 7615 6
7614 7714 53
7615 7616 49
7615 7715 57
7616 7617 40
7616 7716 59
7617 7618 18
7617 7717 81
7618 7619 55
7618 7718 72
7619 7620 4
7619 7719 11
7620 7621 65
7620 7720 30
7621 7622 47
7621 7721 61
7622 7623 20
7622 7722 50
7623 7624 63
7623 7723 66
7624 7625 18
7624 7724 31
7625 7626 16
7625 7725 22
7626 7627 45
7626 7726 75
7627 7628 62
7627 7727 79
7628 7629 37
7628 7728 76
7629 7630 21
7629 7729 79
7630 7631 97
7630 7730 84
7631 7632 13
7631 7731 93
7632 7633 57
7632 7732 54
7633 7634 11
7633 7733 2
7634 7635 42
7634 7734 66
7635 7636 24
7635 7735 59
7636 7637 32
7636 7736 3
7637 7638 92
7637 7737 77
7638 7639 48
7638 7738 91
7639 7640 63
7639 7739 36
7640 7641 77
7640 7740 43
7641 7642 52
7641 7741 37
7642 7643 29
7642 7742 10
7643 7644 67
7643 7743 3
7644 7645 70
7644 7744 69
7645 7646 77
7645 7745 52
7646 7647 56
7646 7746 29
7647 7648 51
7647 7747 54
7648 7649 67
7648 7748 72
7649 7650 36
7649 7749 44
7650 7651 33
7650 7750 45
7651 7652 11
7651 7751 83
7652 7653 48
7652 7752 36
7653 7654 53
7653 7753 28
7654 7655 42
7654 7754 11
7655 7656 4
7655 7755 36
7656 7657 43
7656 7756 45
7657 7658 86
7657 7757 75
7658 7659 88
7658 7758 4
7659 7660 54
7659 7759 28
7660 7661 39
7660 7760 84
7661 7662 48
7661 7761 90
7662 7663 82
7662 7762 86
7663 7664 56
7663 7763 85
7664 7665 21
7664 7764 82
7665 7666 47
7665 7765 32
7666 7667 48
7666 7766 79
7667 7668 83
7667 7767 20
7668 7669 98
7668 7768 18
7669 7670 78
7669 7769 61
7670 7671 81
7670 7770 27
7671 7672 26
7671 7771 68
7672 7673 54
7672 7772 24
7673 7674 61
7673 7773 53
7674 7675 50
7674 7774 46
7675 7676 66
7675 7775 32
7676 7677 46
7676 7776 45
7677 7678 88
7677 7777 44
7678 7679 36
7678 7778 52
7679 7680 4
7679 7779 11
7680 7681 70
7680 7780 3
7681 7682 22
7681 7781 25
7682 7683 56
7682 7782 35
7683 7684 66
7683 7783 60
7684 7685 72
7684 7784 72
7685 7686 51
7685 7785 5
7686 7687 66
7686 7786 57
7687 7688 69
7687 7787 77
7688 7689 31
7688 7788 28
7689 7690 45
7689 7789 71
7690 7691 26
7690 7790 60
7691 7692 49
7691 7791 82
7692 7693 12
7692 7792 81
7693 7694 71
7693 7793 15
7694 7695 33
7694 7794 51
7695 7696 10
7695 7795 29
7696 7697 52
7696 7796 40
7697 7698 92
7697 7797 73
7698 7699 61
7698 7798 60
7699 7799 53
7700 7701 52
7700 7800 51
7701 7702 39
7701 7801 13
7702 7703 64
7702 7802 89
7703 7704 82
7703 7803 48
7704 7705 8
7704 7804 70
7705 7706 70
7705 7805 14
7706 7707 21
7706 7806 84
7707 7708 10
7707 7807 21
7708 7709 86
7708 7808 50
7709 7710 83
7709 7809 96
7710 7711 22
7710 7810 26
7711 7712 19
7711 7811 100
7712 7713 70
7712 7812 34
7713 7714 32
7713 7813 54
7714 7715 37
7714 7814 54
7715 7716 71
7715 7815 87
7716 7717 77
7716 7816 48
7717 7718 26
7717 7817 63
7718 7719 85
7718 7818 1
7719 7720 98
7719 7819 77
7720 7721 100
7720 7820 35
7721 7722 5
7721 7821 93
7722 7723 98
7722 7822 53
7723 7724 95
7723 7823 31
7724 7725 44
7724 7824 2
7725 7726 76
7725 7825 88
7726 7727 18
7726 7826 34
7727 7728 92
7727 7827 8
7728 7729 10
7728 7828 71
7729 7730 63
7729 7829 75
7730 7731 100
7730 7830 84
7731 7732 52
7731 7831 46
7732 7733 74
7732 7832 37
7733 7734 1
7733 7833 57
7734 7735 5
7734 7834 2
7735 7736 4
7735 7835 26
7736 7737 33
7736 7836 26
7737 7738 62
7737 7837 77
7738 7739 22
7738 7838 68
7739 7740 93
7739 7839 75
7740 7741 45
7740 7840 61
7741 7742 59
7741 7841 10
7742 7743 27
7742 7842 26
7743 7744 34
7743 7843 23
7744 7745 81
7744 7844 1
7745 7746 58
7745 7845 75
7746 7747 100
7746 7846 54
7747 7748 52
7747 7847 52
7748 7749 19
7748 7848 15
7749 7750 37
7749 7849 95
7750 7751 76
7750 7850 33
7751 7752 30
7751 7851 27
7752 7753 55
7752 7852 8
7753 7754 72
7753 7853 26
7754 7755 51
7754 7854 27
7755 7756 31
7755 7855 97
7756 7757 59
7756 7856 52
7757 7758 85
7757 7857 18
7758 7759 41
7758 7858 5
7759 7760 84
7759 7859 8
7760 7761 87
7760 7860 47
7761 7762 68
7761 7861 42
7762 7763 78
7762 7862 53
7763 7764 97
7763 7863 78
7764 7765 32
7764 7864 63
7765 7766 41
7765 7865 98
7766 7767 41
7766 7866 94
7767 7768 55
7767 7867 34
7768 7769 94
7768 7868 55
7769 7770 99
7769 7869 28
7770 7771 71
7770 7870 11
7771 7772 36
7771 7871 64
7772 7773 32
7772 7872 29
7773 7774 77
7773 7873 32
7774 7775 83
7774 7874 76
7775 7776 96
7775 7875 1
7776 7777 76
7776 7876 13
7777 7778 98
7777 7877 41
7778 7779 21
7778 7878 25
7779 7780 12
7779 7879 84
7780 7781 65
7780 7880 51
7781 7782 2
7781 7881 77
7782 7783 77
7782 7882 40
7783 7784 2
7783 7883 5
7784 7785 35
7784 7884 56
7785 7786 44
7785 7885 32
7786 7787 67
7786 7886 26
7787 7788 90
7787 7887 25
7788 7789 63
7788 7888 6
7789 7790 83
7789 7889 49
7790 7791 18
7790 7890 38
7791 7792 12
7791 7891 92
7792 7793 49
7792 7892 7
7793 7794 79
7793 7893 46
7794 7795 26
7794 7894 37
7795 7796 88
7795 7895 53
7796 7797 35
7796 7896 77
7797 7798 11
7797 7897 96
7798 7799 11
7798 7898 92
7799 7899 97
7800 7801 1
7800 7900 96
7801 7802 88
7801 7901 74
7802 7803 65
7802 7902 78
7803 7804 20
7803 7903 67
7804 7805 72
7804 7904 92
7805 7806 1
7805 7905 55
7806 7807 64
7806 7906 45
7807 7808 44
7807 7907 26
7808 7809 38
7808 7908 40
7809 7810 80
7809 7909 27
7810 7811 72
7810 7910 29
7811 7812 25
7811 7911 71
7812 7813 46
7812 7912 68
7813 7814 91
7813 7913 64
7814 7815 68
7814 7914 61
7815 7816 41
7815 7915 34
7816 7817 14
7816 7916 91
7817 7818 1
7817 7917 82
7818 7819 47
7818 7918 29
7819 7820 36
7819 7919 76
7820 7821 97
7820 7920 83
7821 7822 52
7821 7921 35
7822 7823 45
7822 7922 41
7823 7824 90
7823 7923 52
7824 7825 15
7824 7924 95
7825 7826 50
7825 7925 99
7826 7827 16
7826 7926 69
7827 7828 26
7827 7927 52
7828 7829 72
7828 7928 54
7829 7830 91
7829 7929 18
7830 7831 100
7830 7930 9
7831 7832 39
7831 7931 62
7832 7833 40
7832 7932 91
7833 7834 69
7833 7933 75
7834 7835 67
7834 7934 44
7835 7836 83
7835 7935 37
7836 7837 23
7836 7936 36
7837 7838 97
7837 7937 36
7838 7839 61
7838 7938 62
7839 7840 71
7839 7939 35
7840 7841 86
7840 7940 89
7841 7842 96
7841 7941 86
7842 7843 16
7842 7942 91
7843 7844 19
7843 7943 2
7844 7845 8
7844 7944 72
7845 7846 19
7845 7945 44
7846 7847 72
7846 7946 75
7847 7848 80
7847 7947 26
7848 7849 59
7848 7948 4
7849 7850 54
7849 7949 1
7850 7851 76
7850 7950 90
7851 7852 24
7851 7951 26
7852 7853 96
7852 7952 72
7853 7854 90
7853 7953 20
7854 7855 14
7854 7954 63
7855 7856 23
7855 7955 31
7856 7857 65
7856 7956 18
7857 7858 38
7857 7957 1
7858 7859 67
7858 7958 47
7859 7860 21
7859 7959 91
7860 7861 97
7860 7960 86
7861 7862 73
7861 7961 27
7862 7863 16
7862 7962 56
7863 7864 89
7863 7963 72
7864 7865 34
7864 7964 86
7865 7866 89
7865 7965 37
7866 7867 66
7866 7966 52
7867 7868 72
7867 7967 27
7868 7869 66
7868 7968 37
7869 7870 73
7869 7969 90
7870 7871 70
7870 7970 33
7871 7872 79
7871 7971 60
7872 7873 98
7872 7972 75
7873 7874 36
7873 7973 7
7874 7875 33
7874 7974 44
7875 7876 44
7875 7975 85
7876 7877 58
7876 7976 12
7877 7878 20
7877 7977 66
7878 7879 73
7878 7978 92
7879 7880 57
7879 7979 89
7880 7881 90
7880 7980 78
7881 7882 15
7881 7981 22
7882 7883 65
7882 7982 90
7883 7884 10
7883 7983 16
7884 7885 38
7884 7984 77
7885 7886 68
7885 7985 35
7886 7887 49
7886 7986 80
7887 7888 43
7887 7987 46
7888 7889 50
7888 7988 30
7889 7890 66
7889 7989 89
7890 7891 94
7890 7990 79
7891 7892 47
7891 7991 26
7892 7893 86
7892 7992 71
7893 7894 63
7893 7993 69
7894 7895 2
7894 7994 99
7895 7896 86
7895 7995 16
7896 7897 99
7896 7996 62
7897 7898 39
7897 7997 13
7898 7899 46
7898 7998 75
7899 7999 39
7900 7901 13
7900 8000 47
7901 7902 95
7901 8001 6
7902 7903 50
7902 8002 65
7903 7904 95
7903 8003 54
7904 7905 17
7904 8004 89
7905 7906 33
7905 8005 84
7906 7907 53
7906 8006 79
7907 7908 64
7907 8007 3
7908 7909 100
7908 8008 50
7909 7910 21
7909 8009 36
7910 7911 97
7910 8010 23
7911 7912 88
7911 8011 88
7912 7913 75
7912 8012 80
7913 7914 80
7913 8013 8
7914 7915 65
7914 8014 16
7915 7916 56
7915 8015 70
7916 7917 45
7916 8016 15
7917 7918 99
7917 8017 6
7918 7919 48
7918 8018 16
7919 7920 55
7919 8019 8
7920 7921 97
7920 8020 30
7921 7922 42
7921 8021 94
7922 7923 2
7922 8022 19
7923 7924 2
7923 8023 55
7924 7925 20
7924 8024 74
7925 7926 84
7925 8025 82
7926 7927 65
7926 8026 57
7927 7928 52
7927 8027 76
7928 7929 5
7928 8028 99
7929 7930 7
7929 8029 100
7930 7931 54
7930 8030 27
7931 7932 9
7931 8031 100
7932 7933 94
7932 8032 64
7933 7934 65
7933 8033 94
7934 7935 52
7934 8034 94
7935 7936 64
7935 8035 19
7936 7937 10
7936 8036 50
7937 7938 71
7937 8037 25
7938 7939 5
7938 8038 63
7939 7940 10
7939 8039 55
7940 7941 22
7940 8040 97
7941 7942 91
7941 8041 100
7942 7943 62
7942 8042 99
7943 7944 22
7943 8043 65
7944 7945 58
7944 8044 34
7945 7946 11
7945 8045 13
7946 7947 13
7946 8046 16
7947 7948 9
7947 8047 13
7948 7949 50
7948 8048 87
7949 7950 34
7949 8049 69
7950 7951 70
7950 8050 69
7951 7952 85
7951 8051 32
7952 7953 75
7952 8052 81
7953 7954 83
7953 8053 91
7954 7955 4
7954 8054 97
7955 7956 64
7955 8055 25
7956 7957 50
7956 8056 37
7957 7958 82
7957 8057 64
7958 7959 63
7958 8058 41
7959 7960 64
7959 8059 36
7960 7961 25
7960 8060 26
7961 7962 56
7961 8061 37
7962 7963 57
7962 8062 45
7963 7964 49
7963 8063 12
7964 7965 43
7964 8064 59
7965 7966 100
7965 8065 15
7966 7967 27
7966 8066 3
7967 7968 95
7967 8067 37
7968 7969 62
7968 8068 39
7969 7970 91
7969 8069 33
7970 7971 31
7970 8070 67
7971 7972 63
7971 8071 42
7972 7973 23
7972 8072 80
7973 7974 9
7973 8073 69
7974 7975 44
7974 8074 71
7975 7976 83
7975 8075 25
7976 7977 7
7976 8076 82
7977 7978 82
7977 8077 79
7978 7979 87
7978 8078 84
7979 7980 21
7979 8079 25
7980 7981 87
7980 8080 54
7981 7982 61
7981 8081 16
7982 7983 42
7982 8082 59
7983 7984 94
7983 8083 82
7984 7985 29
7984 8084 40
7985 7986 5
7985 8085 31
7986 7987 77
7986 8086 37
7987 7988 72
7987 8087 33
7988 7989 39
7988 8088 59
7989 7990 12
7989 8089 63
7990 7991 38
7990 8090 38
7991 7992 58
7991 8091 95
7992 7993 65
7992 8092 52
7993 7994 2
7993 8093 11
7994 7995 70
7994 8094 61
7995 7996 40
7995 8095 17
7996 7997 51
7996 8096 6
7997 7998 96
7997 8097 47
7998 7999 31
7998 8098 5
7999 8099 41
8000 8001 75
8000 8100 93
8001 8002 79
8001 8101 91
8002 8003 89
8002 8102 54
8003 8004 17
8003 8103 59
8004 8005 51
8004 8104 49
8005 8006 25
8005 8105 92
8006 8007 70
8006 8106 88
8007 8008 29
8007 8107 3
8008 8009 50
8008 8108 61
8009 8010 30
8009 8109 98
8010 8011 68
8010 8110 95
8011 8012 82
8011 8111 47
8012 8013 24
8012 8112 51
8013 8014 28
8013 8113 61
8014 8015 38
8014 8114 71
8015 8016 34
8015 8115 29
8016 8017 2
8016 8116 18
8017 8018 61
8017 8117 15
8018 8019 68
8018 8118 7
8019 8020 93
8019 8119 79
8020 8021 35
8020 8120 24
8021 8022 4
8021 8121 43
8022 8023 38
8022 8122 55
8023 8024 8
8023 8123 3
8024 8025 83
8024 8124 44
8025 8026 21
8025 8125 8
8026 8027 84
8026 8126 13
8027 8028 65
8027 8127 90
8028 8029 9
8028 8128 99
8029 8030 32
8029 8129 60
8030 8031 4
8030 8130 62
8031 8032 25
8031 8131 94
8032 8033 70
8032 8132 81
8033 8034 6
8033 8133 71
8034 8035 6
8034 8134 91
8035 8036 28
8035 8135 93
8036 8037 51
8036 8136 98
8037 8038 86
8037 8137 51
8038 8039 71
8038 8138 22
8039 8040 32
8039 8139 21
8040 8041 58
8040 8140 22
8041 8042 73
8041 8141 7
8042 8043 62
8042 8142 60
8043 8044 18
8043 8143 28
8044 8045 68
8044 8144 39
8045 8046 78
8045 8145 74
8046 8047 45
8046 8146 7
8047 8048 70
8047 8147 71
8048 8049 81
8048 8148 60
8049 8050 78
8049 8149 18
8050 8051 16
8050 8150 22
8051 8052 58
8051 8151 49
8052 8053 55
8052 8152 53
8053 8054 64
8053 8153 43
8054 8055 89
8054 8154 90
8055 8056 72
8055 8155 82
8056 8057 86
8056 8156 15
8057 8058 30
8057 8157 3
8058 8059 82
8058 8158 53
8059 8060 63
8059 8159 38
8060 8061 91
8060 8160 39
8061 8062 13
8061 8161 85
8062 8063 29
8062 8162 50
8063 8064 97
8063 8163 21
8064 8065 67
8064 8164 11
8065 8066 53
8065 8165 12
8066 8067 59
8066 8166 93
8067 8068 12
8067 8167 30
8068 8069 48
8068 8168 18
8069 8070 42
8069 8169 51
8070 8071 44
8070 8170 77
8071 8072 56
8071 8171 26
8072 8073 72
8072 8172 3
8073 8074 63
8073 8173 16
8074 8075 64
8074 8174 59
8075 8076 54
8075 8175 75
8076 8077 35
8076 8176 6
8077 8078 67
8077 8177 47
8078 8079 72
8078 8178 39
8079 8080 91
8079 8179 12
8080 8081 57
8080 8180 60
8081 8082 26
8081 8181 14
8082 8083 89
8082 8182 56
8083 8084 25
8083 8183 17
8084 8085 45
8084 8184 22
8085 8086 8
8085 8185 83
8086 8087 32
8086 8186 14
8087 8088 28
8087 8187 49
8088 8089 19
8088 8188 18
8089 8090 1
8089 8189 55
8090 8091 100
8090 8190 58
8091 8092 98
8091 8191 93
8092 8093 74
8092 8192 30
8093 8094 86
8093 8193 95
8094 8095 62
8094 8194 15
8095 8096 31
8095 8195 23
8096 8097 66
8096 8196 18
8097 8098 78
8097 8197 58
8098 8099 36
8098 8198 65
8099 8199 33
8100 8101 81
8100 8200 47
8101 8102 59
8101 8201 61
8102 8103 48
8102 8202 21
8103 8104 94
8103 8203 17
8104 8105 46
8104 8204 44
8105 8106 7
8105 8205 4
8106 8107 66
8106 8206 90
8107 8108 79
8107 8207 19
8108 8109 57
8108 8208 16
8109 8110 82
8109 8209 82
8110 8111 61
8110 8210 39
8111 8112 2
8111 8211 25
8112 8113 43
8112 8212 11
8113 8114 81
8113 8213 97
8114 8115 22
8114 8214 50
8115 8116 46
8115 8215 53
8116 8117 31
8116 8216 54
8117 8118 58
8117 8217 58
8118 8119 96
8118 8218 91
8119 8120 52
8119 8219 78
8120 8121 5
8120 8220 54
8121 8122 8
8121 8221 80
8122 8123 95
8122 8222 2
8123 8124 54
8123 8223 22
8124 8125 82
8124 8224 20
8125 8126 49
8125 8225 65
8126 8127 85
8126 8226 4
8127 8128 75
8127 8227 94
8128 8129 4
8128 8228 88
8129 8130 52
8129 8229 10
8130 8131 5
8130 8230 97
8131 8132 79
8131 8231 95
8132 8133 43
8132 8232 17
8133 8134 2
8133 8233 71
8134 8135 69
8134 8234 74
8135 8136 65
8135 8235 47
8136 8137 56
8136 8236 42
8137 8138 83
8137 8237 48
8138 8139 69
8138 8238 44
8139 8140 65
8139 8239 46
8140 8141 62
8140 8240 63
8141 8142 68
8141 8241 49
8142 8143 63
8142 8242 35
8143 8144 10
8143 8243 9
8144 8145 49
8144 8244 40
8145 8146 44
8145 8245 23
8146 8147 51
8146 8246 43
8147 8148 87
8147 8247 14
8148 8149 37
8148 8248 100
8149 8150 25
8149 8249 8
8150 8151 50
8150 8250 58
8151 8152 83
8151 8251 60
8152 8153 49
8152 8252 71
8153 8154 30
8153 8253 42
8154 8155 80
8154 8254 52
8155 8156 26
8155 8255 83
8156 8157 58
8156 8256 89
8157 8158 56
8157 8257 75
8158 8159 100
8158 8258 49
8159 8160 27
8159 8259 42
8160 8161 47
8160 8260 36
8161 8162 46
8161 8261 10
8162 8163 24
8162 8262 6
8163 8164 66
8163 8263 31
8164 8165 100
8164 8264 88
8165 8166 86
8165 8265 44
8166 8167 83
8166 8266 43
8167 8168 17
8167 8267 90
8168 8169 9
8168 8268 2
8169 8170 39
8169 8269 8
8170 8171 56
8170 8270 30
8171 8172 69
8171 8271 17
8172 8173 97
8172 8272 4
8173 8174 79
8173 8273 27
8174 8175 10
8174 8274 6
8175 8176 15
8175 8275 57
8176 8177 25
8176 8276 31
8177 8178 80
8177 8277 60
8178 8179 44
8178 8278 4
8179 8180 97
8179 8279 23
8180 8181 49
8180 8280 21
8181 8182 84
8181 8281 21
8182 8183 40
8182 8282 62
8183 8184 72
8183 8283 100
8184 8185 15
8184 8284 54
8185 8186 75
8185 8285 55
8186 8187 22
8186 8286 30
8187 8188 81
8187 8287 33
8188 8189 73
8188 8288 23
8189 8190 70
8189 8289 49
8190 8191 51
8190 8290 46
8191 8192 38
8191 8291 23
8192 8193 12
8192 8292 89
8193 8194 71
8193 8293 41
8194 8195 24
8194 8294 55
8195 8196 59
8195 8295 55
8196 8197 87
8196 8296 50
8197 8198 1
8197 8297 1
8198 8199 57
8198 8298 1
8199 8299 75
8200 8201 58
8200 8300 56
8201 8202 44
8201 8301 74
8202 8203 82
8202 8302 96
8203 8204 64
8203 8303 10
8204 8205 14
8204 8304 47
8205 8206 80
8205 8305 1
8206 8207 61
8206 8306 78
8207 8208 58
8207 8307 83
8208 8209 47
8208 8308 48
8209 8210 4
8209 8309 59
8210 8211 4
8210 8310 38
8211 8212 22
8211 8311 89
8212 8213 75
8212 8312 3
8213 8214 32
8213 8313 23
8214 8215 85
8214 8314 27
8215 8216 41
8215 8315 55
8216 8217 21
8216 8316 52
8217 8218 76
8217 8317 40
8218 8219 67
8218 8318 36
8219 8220 4
8219 8319 61
8220 8221 81
8220 8320 18
8221 8222 23
8221 8321 20
8222 8223 30
8222 8322 59
8223 8224 92
8223 8323 42
8224 8225 1
8224 8324 93
8225 8226 1
8225 8325 12
8226 8227 55
8226 8326 36
8227 8228 20
8227 8327 58
8228 8229 29
8228 8328 65
8229 8230 54
8229 8329 4
8230 8231 60
8230 8330 40
8231 8232 95
8231 8331 71
8232 8233 92
8232 8332 58
8233 8234 45
8233 8333 69
8234 8235 40
8234 8334 13
8235 8236 42
8235 8335 53
8236 8237 40
8236 8336 32
8237 8238 65
8237 8337 74
8238 8239 37
8238 8338 30
8239 8240 73
8239 8339 24
8240 8241 70
8240 8340 66
8241 8242 19
8241 8341 50
8242 8243 84
8242 8342 65
8243 8244 27
8243 8343 74
8244 8245 31
8244 8344 5
8245 8246 33
8245 8345 94
8246 8247 76
8246 8346 6
8247 8248 53
8247 8347 83
8248 8249 19
8248 8348 39
8249 8250 63
8249 8349 37
8250 8251 46
8250 8350 43
8251 8252 7
8251 8351 23
8252 8253 21
8252 8352 14
8253 8254 50
8253 8353 37
8254 8255 46
8254 8354 4
8255 8256 10
8255 8355 8
8256 8257 73
8256 8356 76
8257 8258 55
8257 8357 57
8258 8259 88
8258 8358 21
8259 8260 74
8259 8359 46
8260 8261 88
8260 8360 6
8261 8262 48
8261 8361 78
8262 8263 23
8262 8362 8
8263 8264 48
8263 8363 32
8264 8265 47
8264 8364 27
8265 8266 75
8265 8365 36
8266 8267 21
8266 8366 82
8267 8268 97
8267 8367 98
8268 8269 59
8268 8368 91
8269 8270 41
8269 8369 20
8270 8271 68
8270 8370 7
8271 8272 89
8271 8371 34
8272 8273 74
8272 8372 42
8273 8274 40
8273 8373 45
8274 8275 66
8274 8374 92
8275 8276 69
8275 8375 57
8276 8277 84
8276 8376 9
8277 8278 52
8277 8377 12
8278 8279 38
8278 8378 82
8279 8280 17
8279 8379 93
8280 8281 46
8280 8380 85
8281 8282 5
8281 8381 41
8282 8283 36
8282 8382 90
8283 8284 33
8283 8383 46
8284 8285 79
8284 8384 28
8285 8286 78
8285 8385 34
8286 8287 89
8286 8386 93
8287 8288 88
8287 8387 71
8288 8289 9
8288 8388 85
8289 8290 87
8289 8389 37
8290 8291 64
8290 8390 14
8291 8292 99
8291 8391 28
8292 8293 88
8292 8392 49
8293 8294 8
8293 8393 76
8294 8295 53
8294 8394 9
8295 8296 70
8295 8395 67
8296 8297 38
8296 8396 66
8297 8298 4
8297 8397 82
8298 8299 57
8298 8398 19
8299 8399 76
8300 8301 72
8300 8400 75
8301 8302 73
8301 8401 47
8302 8303 92
8302 8402 27
8303 8304 13
8303 8403 41
8304 8305 18
8304 8404 55
8305 8306 29
8305 8405 11
8306 8307 27
8306 8406 68
8307 8308 60
8307 8407 94
8308 8309 58
8308 8408 94
8309 8310 47
8309 8409 25
8310 8311 26
8310 8410 27
8311 8312 99
8311 8411 85
8312 8313 73
8312 8412 15
8313 8314 26
8313 8413 5
8314 8315 29
8314 8414 78
8315 8316 38
8315 8415 100
8316 8317 15
8316 8416 45
8317 8318 93
8317 8417 21
8318 8319 71
8318 8418 63
8319 8320 31
8319 8419 14
8320 8321 12
8320 8420 59
8321 8322 66
8321 8421 26
8322 8323 57
8322 8422 75
8323 8324 9
8323 8423 37
8324 8325 79
8324 8424 5
8325 8326 67
8325 8425 43
8326 8327 10
8326 8426 74
8327 8328 94
8327 8427 32
8328 8329 79
8328 8428 39
8329 8330 36
8329 8429 7
8330 8331 44
8330 8430 28
8331 8332 58
8331 8431 30
8332 8333 56
8332 8432 53
8333 8334 41
8333 8433 14
8334 8335 89
8334 8434 100
8335 8336 31
8335 8435 57
8336 8337 92
8336 8436 69
8337 8338 79
8337 8437 56
8338 8339 80
8338 8438 89
8339 8340 36
8339 8439 84
8340 8341 84
8340 8440 46
8341 8342 68
8341 8441 69
8342 8343 87
8342 8442 16
8343 8344 40
8343 8443 85
8344 8345 2
8344 8444 52
8345 8346 93
8345 8445 46
8346 8347 93
8346 8446 86
8347 8348 43
8347 8447 63
8348 8349 22
8348 8448 57
8349 8350 97
8349 8449 58
8350 8351 63
8350 8450 92
8351 8352 69
8351 8451 4
8352 8353 71
8352 8452 65
8353 8354 36
8353 8453 86
8354 8355 53
8354 8454 61
8355 8356 87
8355 8455 27
8356 8357 52
8356 8456 3
8357 8358 83
8357 8457 43
8358 8359 55
8358 8458 82
8359 8360 87
8359 8459 58
8360 8361 25
8360 8460 53
8361 8362 16
8361 8461 48
8362 8363 25
8362 8462 18
8363 8364 61
8363 8463 21
8364 8365 1
8364 8464 27
8365 8366 41
8365 8465 48
8366 8367 77
8366 8466 1
8367 8368 38
8367 8467 81
8368 8369 80
8368 8468 100
8369 8370 35
8369 8469 72
8370 8371 34
8370 8470 97
8371 8372 26
8371 8471 14
8372 8373 76
8372 8472 23
8373 8374 56
8373 8473 26
8374 8375 92
8374 8474 3
8375 8376 42
8375 8475 93
8376 8377 1
8376 8476 83
8377 8378 83
8377 8477 30
8378 8379 60
8378 8478 94
8379 8380 24
8379 8479 54
8380 8381 62
8380 8480 62
8381 8382 20
8381 8481 93
8382 8383 75
8382 8482 84
8383 8384 48
8383 8483 50
8384 8385 3
8384 8484 89
8385 8386 18
8385 8485 81
8386 8387 36
8386 8486 55
8387 8388 63
8387 8487 21
8388 8389 55
8388 8488 10
8389 8390 66
8389 8489 70
8390 8391 32
8390 8490 21
8391 8392 34
8391 8491 65
8392 8393 5
8392 8492 40
8393 8394 55
8393 8493 67
8394 8395 46
8394 8494 3
8395 8396 68
8395 8495 72
8396 8397 68
8396 8496 43
8397 8398 74
8397 8497 44
8398 8399 21
8398 8498 45
8399 8499 93
8400 8401 1
8400 8500 1
8401 8402 97
8401 8501 90
8402 8403 1
8402 8502 35
8403 8404 28
8403 8503 7
8404 8405 20
8404 8504 61
8405 8406 45
8405 8505 90
8406 8407 18
8406 8506 33
8407 8408 6
8407 8507 21
8408 8409 13
8408 8508 41
8409 8410 2
8409 8509 11
8410 8411 69
8410 8510 75
8411 8412 13
8411 8511 78
8412 8413 73
8412 8512 12
8413 8414 8
8413 8513 61
8414 8415 98
8414 8514 87
8415 8416 72
8415 8515 68
8416 8417 80
8416 8516 13
8417 8418 98
8417 8517 10
8418 8419 41
8418 8518 50
8419 8420 43
8419 8519 51
8420 8421 7
8420 8520 23
8421 8422 58
8421 8521 76
8422 8423 86
8422 8522 24
8423 8424 59
8423 8523 97
8424 8425 87
8424 8524 94
8425 8426 17
8425 8525 89
8426 8427 24
8426 8526 67
8427 8428 68
8427 8527 89
8428 8429 11
8428 8528 81
8429 8430 43
8429 8529 99
8430 8431 91
8430 8530 92
8431 8432 40
8431 8531 29
8432 8433 86
8432 8532 39
8433 8434 14
8433 8533 35
8434 8435 65
8434 8534 27
8435 8436 62
8435 8535 22
8436 8437 26
8436 8536 68
8437 8438 63
8437 8537 83
8438 8439 24
8438 8538 17
8439 8440 92
8439 8539 100
8440 8441 30
8440 8540 23
8441 8442 43
8441 8541 50
8442 8443 93
8442 8542 54
8443 8444 95
8443 8543 57
8444 8445 48
8444 8544 56
8445 8446 47
8445 8545 100
8446 8447 94
8446 8546 82
8447 8448 50
8447 8547 8
8448 8449 35
8448 8548 84
8449 8450 24
8449 8549 81
8450 8451 56
8450 8550 69
8451 8452 91
8451 8551 80
8452 8453 45
8452 8552 37
8453 8454 96
8453 8553 88
8454 8455 53
8454 8554 32
8455 8456 100
8455 8555 88
8456 8457 41
8456 8556 61
8457 8458 98
8457 8557 34
8458 8459 71
8458 8558 55
8459 8460 31
8459 8559 74
8460 8461 47
8460 8560 35
8461 8462 77
8461 8561 26
8462 8463 99
8462 8562 15
8463 8464 34
8463 8563 62
8464 8465 42
8464 8564 99
8465 8466 21
8465 8565 43
8466 8467 95
8466 8566 3
8467 8468 43
8467 8567 21
8468 8469 88
8468 8568 61
8469 8470 72
8469 8569 71
8470 8471 39
8470 8570 81
8471 8472 85
8471 8571 16
8472 8473 42
8472 8572 55
8473 8474 21
8473 8573 60
8474 8475 15
8474 8574 32
8475 8476 20
8475 8575 20
8476 8477 3
8476 8576 85
8477 8478 96
8477 8577 83
8478 8479 35
8478 8578 81
8479 8480 88
8479 8579 77
8480 8481 37
8480 8580 45
8481 8482 72
8481 8581 26
8482 8483 17
8482 8582 31
8483 8484 18
8483 8583 29
8484 8485 64
8484 8584 65
8485 8486 94
8485 8585 55
8486 8487 94
8486 8586 36
8487 8488 85
8487 8587 84
8488 8489 28
8488 8588 21
8489 8490 85
8489 8589 81
8490 8491 73
8490 8590 35
8491 8492 30
8491 8591 75
8492 8493 78
8492 8592 27
8493 8494 20
8493 8593 39
8494 8495 97
8494 8594 10
8495 8496 36
8495 8595 63
8496 8497 79
8496 8596 57
8497 8498 29
8497 8597 98
8498 8499 95
8498 8598 47
8499 8599 20
8500 8501 40
8500 8600 99
8501 8502 72
8501 8601 77
8502 8503 25
8502 8602 49
8503 8504 41
8503 8603 33
8504 8505 77
8504 8604 15
8505 8506 12
8505 8605 64
8506 8507 96
8506 8606 76
8507 8508 45
8507 8607 84
8508 8509 35
8508 8608 95
8509 8510 48
8509 8609 57
8510 8511 75
8510 8610 46
8511 8512 99
8511 8611 1
8512 8513 55
8512 8612 60
8513 8514 24
8513 8613 48
8514 8515 38
8514 8614 80
8515 8516 76
8515 8615 52
8516 8517 83
8516 8616 74
8517 8518 90
8517 8617 78
8518 8519 5
8518 8618 73
8519 8520 99
8519 8619 65
8520 8521 29
8520 8620 63
8521 8522 79
8521 8621 24
8522 8523 46
8522 8622 96
8523 8524 39
8523 8623 20
8524 8525 5
8524 8624 1
8525 8526 41
8525 8625 4
8526 8527 23
8526 8626 78
8527 8528 8
8527 8627 32
8528 8529 41
8528 8628 28
8529 8530 37
8529 8629 62
8530 8531 55
8530 8630 49
8531 8532 63
8531 8631 99
8532 8533 21
8532 8632 5
8533 8534 56
8533 8633 83
8534 8535 18
8534 8634 2
8535 8536 40
8535 8635 40
8536 8537 86
8536 8636 76
8537 8538 39
8537 8637 4
8538 8539 19
8538 8638 66
8539 8540 11
8539 8639 56
8540 8541 48
8540 8640 2
8541 8542 28
8541 8641 68
8542 8543 71
8542 8642 44
8543 8544 17
8543 8643 73
8544 8545 13
8544 8644 15
8545 8546 76
8545 8645 1
8546 8547 81
8546 8646 85
8547 8548 46
8547 8647 85
8548 8549 29
8548 8648 41
8549 8550 1
8549 8649 19
8550 8551 41
8550 8650 70
8551 8552 70
8551 8651 39
8552 8553 82
8552 8652 2
8553 8554 19
8553 8653 61
8554 8555 2
8554 8654 10
8555 8556 66
8555 8655 88
8556 8557 16
8556 8656 49
8557 8558 52
8557 8657 65
8558 8559 58
8558 8658 17
8559 8560 66
8559 8659 84
8560 8561 84
8560 8660 53
8561 8562 86
8561 8661 68
8562 8563 43
8562 8662 65
8563 8564 54
8563 8663 14
8564 8565 54
8564 8664 40
8565 8566 69
8565 8665 94
8566 8567 9
8566 8666 4
8567 8568 11
8567 8667 54
8568 8569 75
8568 8668 41
8569 8570 80
8569 8669 70
8570 8571 37
8570 8670 63
8571 8572 72
8571 8671 98
8572 8573 17
8572 8672 42
8573 8574 18
8573 8673 40
8574 8575 57
8574 8674 44
8575 8576 55
8575 8675 16
8576 8577 36
8576 8676 46
8577 8578 30
8577 8677 24
8578 8579 42
8578 8678 97
8579 8580 39
8579 8679 45
8580 8581 41
8580 8680 71
8581 8582 81
8581 8681 89
8582 8583 4
8582 8682 98
8583 8584 13
8583 8683 57
8584 8585 40
8584 8684 65
8585 8586 1
8585 8685 95
8586 8587 9
8586 8686 50
8587 8588 73
8587 8687 32
8588 8589 79
8588 8688 57
8589 8590 85
8589 8689 47
8590 8591 20
8590 8690 46
8591 8592 67
8591 8691 26
8592 8593 23
8592 8692 30
8593 8594 89
8593 8693 67
8594 8595 93
8594 8694 99
8595 8596 12
8595 8695 100
8596 8597 87
8596 8696 7
8597 8598 32
8597 8697 15
8598 8599 88
8598 8698 28
8599 8699 5
8600 8601 24
8600 8700 66
8601 8602 42
8601 8701 58
8602 8603 92
8602 8702 17
8603 8604 74
8603 8703 64
8604 8605 48
8604 8704 3
8605 8606 30
8605 8705 70
8606 8607 76
8606 8706 66
8607 8608 6
8607 8707 64
8608 8609 62
8608 8708 16
8609 8610 85
8609 8709 34
8610 8611 68
8610 8710 30
8611 8612 42
8611 8711 91
8612 8613 85
8612 8712 1
8613 8614 58
8613 8713 79
8614 8615 24
8614 8714 41
8615 8616 95
8615 8715 23
8616 8617 22
8616 8716 67
8617 8618 20
8617 8717 92
8618 8619 46
8618 8718 55
8619 8620 48
8619 8719 99
8620 8621 36
8620 8720 47
8621 8622 97
8621 8721 43
8622 8623 71
8622 8722 48
8623 8624 49
8623 8723 96
8624 8625 76
8624 8724 99
8625 8626 31
8625 8725 49
8626 8627 67
8626 8726 23
8627 8628 72
8627 8727 31
8628 8629 29
8628 8728 33
8629 8630 42
8629 8729 81
8630 8631 85
8630 8730 28
8631 8632 31
8631 8731 27
8632 8633 64
8632 8732 61
8633 8634 71
8633 8733 86
8634 8635 48
8634 8734 76
8635 8636 79
8635 8735 77
8636 8637 52
8636 8736 25
8637 8638 70
8637 8737 47
8638 8639 50
8638 8738 53
8639 8640 74
8639 8739 37
8640 8641 100
8640 8740 4
8641 8642 36
8641 8741 23
8642 8643 17
8642 8742 48
8643 8644 37
8643 8743 67
8644 8645 67
8644 8744 9
8645 8646 49
8645 8745 71
8646 8647 56
8646 8746 13
8647 8648 11
8647 8747 93
8648 8649 18
8648 8748 82
8649 8650 87
8649 8749 36
8650 8651 30
8650 8750 75
8651 8652 60
8651 8751 81
8652 8653 30
8652 8752 4
8653 8654 57
8653 8753 96
8654 8655 67
8654 8754 74
8655 8656 62
8655 8755 33
8656 8657 17
8656 8756 99
8657 8658 96
8657 8757 87
8658 8659 16
8658 8758 90
8659 8660 27
8659 8759 17
8660 8661 25
8660 8760 56
8661 8662 29
8661 8761 68
8662 8663 48
8662 8762 68
8663 8664 27
8663 8763 41
8664 8665 84
8664 8764 32
8665 8666 40
8665 8765 67
8666 8667 25
8666 8766 57
8667 8668 78
8667 8767 96
8668 8669 40
8668 8768 36
8669 8670 2
8669 8769 98
8670 8671 86
8670 8770 75
8671 8672 40
8671 8771 21
8672 8673 40
8672 8772 69
8673 8674 47
8673 8773 42
8674 8675 31
8674 8774 73
8675 8676 91
8675 8775 55
8676 8677 33
8676 8776 86
8677 8678 12
8677 8777 96
8678 8679 50
8678 8778 76
8679 8680 44
8679 8779 98
8680 8681 42
8680 8780 18
8681 8682 98
8681 8781 2
8682 8683 11
8682 8782 14
8683 8684 30
8683 8783 15
8684 8685 51
8684 8784 49
8685 8686 49
8685 8785 77
8686 8687 21
8686 8786 72
8687 8688 81
8687 8787 38
8688 8689 81
8688 8788 96
8689 8690 22
8689 8789 51
8690 8691 79
8690 8790 1
8691 8692 67
8691 8791 26
8692 8693 68
8692 8792 99
8693 8694 32
8693 8793 76
8694 8695 15
8694 8794 26
8695 8696 94
8695 8795 34
8696 8697 87
8696 8796 56
8697 8698 46
8697 8797 22
8698 8699 30
8698 8798 41
8699 8799 47
8700 8701 96
8700 8800 75
8701 8702 47
8701 8801 2
8702 8703 34
8702 8802 14
8703 8704 4
8703 8803 4
8704 8705 50
8704 8804 76
8705 8706 30
8705 8805 11
8706 8707 94
8706 8806 50
8707 8708 1
8707 8807 55
8708 8709 26
8708 8808 74
8709 8710 100
8709 8809 72
8710 8711 15
8710 8810 60
8711 8712 1
8711 8811 84
8712 8713 43
8712 8812 8
8713 8714 39
8713 8813 70
8714 8715 38
8714 8814 50
8715 8716 63
8715 8815 42
8716 8717 84
8716 8816 64
8717 8718 79
8717 8817 69
8718 8719 49
8718 8818 24
8719 8720 92
8719 8819 2
8720 8721 70
8720 8820 4
8721 8722 14
8721 8821 63
8722 8723 84
8722 8822 3
8723 8724 90
8723 8823 90
8724 8725 55
8724 8824 74
8725 8726 59
8725 8825 79
8726 8727 50
8726 8826 17
8727 8728 58
8727 8827 63
8728 8729 39
8728 8828 9
8729 8730 57
8729 8829 99
8730 8731 83
8730 8830 5
8731 8732 4
8731 8831 51
8732 8733 51
8732 8832 45
8733 8734 28
8733 8833 6
8734 8735 80
8734 8834 87
8735 8736 11
8735 8835 75
8736 8737 29
8736 8836 26
8737 8738 96
8737 8837 30
8738 8739 85
8738 8838 46
8739 8740 95
8739 8839 13
8740 8741 65
8740 8840 57
8741 8742 94
8741 8841 67
8742 8743 8
8742 8842 100
8743 8744 57
8743 8843 30
8744 8745 12
8744 8844 1
8745 8746 72
8745 8845 45
8746 8747 40
8746 8846 65
8747 8748 59
8747 8847 53
8748 8749 45
8748 8848 51
8749 8750 1
8749 8849 30
8750 8751 34
8750 8850 4
8751 8752 50
8751 8851 50
8752 8753 65
8752 8852 38
8753 8754 96
8753 8853 9
8754 8755 7
8754 8854 39
8755 8756 46
8755 8855 43
8756 8757 100
8756 8856 96
8757 8758 80
8757 8857 31
8758 8759 85
8758 8858 75
8759 8760 18
8759 8859 54
8760 8761 27
8760 8860 2
8761 8762 67
8761 8861 25
8762 8763 29
8762 8862 41
8763 8764 5
8763 8863 32
8764 8765 6
8764 8864 50
8765 8766 4
8765 8865 47
8766 8767 24
8766 8866 46
8767 8768 17
8767 8867 99
8768 8769 49
8768 8868 68
8769 8770 63
8769 8869 30
8770 8771 40
8770 8870 71
8771 8772 12
8771 8871 97
8772 8773 4
8772 8872 36
8773 8774 89
8773 8873 2
8774 8775 50
8774 8874 57
8775 8776 92
8775 8875 58
8776 8777 96
8776 8876 6
8777 8778 90
8777 8877 97
8778 8779 27
8778 8878 34
8779 8780 38
8779 8879 77
8780 8781 41
8780 8880 62
8781 8782 68
8781 8881 42
8782 8783 92
8782 8882 93
8783 8784 96
8783 8883 39
8784 8785 60
8784 8884 80
8785 8786 31
8785 8885 95
8786 8787 72
8786 8886 25
8787 8788 24
8787 8887 46
8788 8789 69
8788 8888 4
8789 8790 97
8789 8889 30
8790 8791 90
8790 8890 86
8791 8792 59
8791 8891 91
8792 8793 3
8792 8892 6
8793 8794 9
8793 8893 15
8794 8795 57
8794 8894 75
8795 8796 17
8795 8895 56
8796 8797 64
8796 8896 67
8797 8798 90
8797 8897 91
8798 8799 38
8798 8898 17
8799 8899 58
8800 8801 82
8800 8900 48
8801 8802 13
8801 8901 78
8802 8803 98
8802 8902 86
8803 8804 74
8803 8903 32
8804 8805 51
8804 8904 78
8805 8806 95
8805 8905 41
8806 8807 26
8806 8906 2
8807 8808 99
8807 8907 33
8808 8809 64
8808 8908 76
8809 8810 90
8809 8909 80
8810 8811 81
8810 8910 96
8811 8812 60
8811 8911 11
8812 8813 40
8812 8912 6
8813 8814 72
8813 8913 92
8814 8815 23
8814 8914 32
8815 8816 31
8815 8915 47
8816 8817 79
8816 8916 51
8817 8818 52
8817 8917 63
8818 8819 8
8818 8918 58
8819 8820 84
8819 8919 1
8820 8821 59
8820 8920 17
8821 8822 28
8821 8921 71
8822 8823 98
8822 8922 37
8823 8824 74
8823 8923 88
8824 8825 50
8824 8924 83
8825 8826 89
8825 8925 76
8826 8827 49
8826 8926 59
8827 8828 73
8827 8927 84
8828 8829 10
8828 8928 74
8829 8830 6
8829 8929 4
8830 8831 56
8830 8930 13
8831 8832 58
8831 8931 97
8832 8833 3
8832 8932 43
8833 8834 1
8833 8933 78
8834 8835 34
8834 8934 29
8835 8836 21
8835 8935 46
8836 8837 79
8836 8936 76
8837 8838 76
8837 8937 65
8838 8839 10
8838 8938 3
8839 8840 22
8839 8939 57
8840 8841 13
8840 8940 64
8841 8842 49
8841 8941 55
8842 8843 65
8842 8942 10
8843 8844 46
8843 8943 95
8844 8845 41
8844 8944 97
8845 8846 65
8845 8945 93
8846 8847 51
8846 8946 14
8847 8848 70
8847 8947 14
8848 8849 65
8848 8948 46
8849 8850 12
8849 8949 35
8850 8851 86
8850 8950 6
8851 8852 73
8851 8951 48
8852 8853 35
8852 8952 44
8853 8854 15
8853 8953 42
8854 8855 66
8854 8954 53
8855 8856 100
8855 8955 95
8856 8857 72
8856 8956 51
8857 8858 56
8857 8957 75
8858 8859 71
8858 8958 94
8859 8860 64
8859 8959 33
8860 8861 34
8860 8960 4
8861 8862 53
8861 8961 26
8862 8863 73
8862 8962 5
8863 8864 20
8863 8963 71
8864 8865 45
8864 8964 17
8865 8866 61
8865 8965 58
8866 8867 50
8866 8966 69
8867 8868 98
8867 8967 67
8868 8869 82
8868 8968 30
8869 8870 16
8869 8969 70
8870 8871 62
8870 8970 78
8871 8872 66
8871 8971 59
8872 8873 95
8872 8972 59
8873 8874 75
8873 8973 27
8874 8875 69
8874 8974 30
8875 8876 6
8875 8975 61
8876 8877 76
8876 8976 93
8877 8878 61
8877 8977 34
8878 8879 8
8878 8978 86
8879 8880 99
8879 8979 47
8880 8881 1
8880 8980 96
8881 8882 67
8881 8981 16
8882 8883 77
8882 8982 91
8883 8884 62
8883 8983 74
8884 8885 12
8884 8984 96
8885 8886 25
8885 8985 45
8886 8887 34
8886 8986 11
8887 8888 23
8887 8987 65
8888 8889 67
8888 8988 66
8889 8890 9
8889 8989 51
8890 8891 89
8890 8990 3
8891 8892 41
8891 8991 57
8892 8893 92
8892 8992 97
8893 8894 3
8893 8993 46
8894 8895 22
8894 8994 35
8895 8896 75
8895 8995 79
8896 8897 58
8896 8996 83
8897 8898 79
8897 8997 43
8898 8899 50
8898 8998 11
8899 8999 44
8900 8901 98
8900 9000 70
8901 8902 39
8901 9001 44
8902 8903 99
8902 9002 70
8903 8904 67
8903 9003 39
8904 8905 48
8904 9004 52
8905 8906 74
8905 9005 16
8906 8907 59
8906 9006 13
8907 8908 92
8907 9007 92
8908 8909 95
8908 9008 29
8909 8910 80
8909 9009 21
8910 8911 47
8910 9010 53
8911 8912 15
8911 9011 56
8912 8913 71
8912 9012 19
8913 8914 26
8913 9013 41
8914 8915 85
8914 9014 23
8915 8916 26
8915 9015 20
8916 8917 23
8916 9016 44
8917 8918 79
8917 9017 90
8918 8919 89
8918 9018 42
8919 8920 26
8919 9019 55
8920 8921 53
8920 9020 9
8921 8922 52
8921 9021 86
8922 8923 3
8922 9022 23
8923 8924 13
8923 9023 15
8924 8925 95
8924 9024 76
8925 8926 70
8925 9025 71
8926 8927 86
8926 9026 35
8927 8928 15
8927 9027 7
8928 8929 50
8928 9028 46
8929 8930 40
8929 9029 28
8930 8931 45
8930 9030 15
8931 8932 87
8931 9031 87
8932 8933 61
8932 9032 89
8933 8934 80
8933 9033 34
8934 8935 1
8934 9034 86
8935 8936 53
8935 9035 69
8936 8937 40
8936 9036 70
8937 8938 65
8937 9037 32
8938 8939 68
8938 9038 82
8939 8940 95
8939 9039 42
8940 8941 58
8940 9040 24
8941 8942 87
8941 9041 11
8942 8943 53
8942 9042 31
8943 8944 85
8943 9043 3
8944 8945 85
8944 9044 35
8945 8946 35
8945 9045 22
8946 8947 75
8946 9046 1
8947 8948 63
8947 9047 100
8948 8949 27
8948 9048 18
8949 8950 49
8949 9049 70
8950 8951 1
8950 9050 38
8951 8952 75
8951 9051 35
8952 8953 56
8952 9052 20
8953 8954 19
8953 9053 46
8954 8955 17
8954 9054 38
8955 8956 61
8955 9055 1
8956 8957 100
8956 9056 6
8957 8958 50
8957 9057 67
8958 8959 82
8958 9058 36
8959 8960 25
8959 9059 4
8960 8961 12
8960 9060 47
8961 8962 14
8961 9061 25
8962 8963 79
8962 9062 43
8963 8964 53
8963 9063 99
8964 8965 37
8964 9064 6
8965 8966 60
8965 9065 28
8966 8967 44
8966 9066 10
8967 8968 69
8967 9067 49
8968 8969 78
8968 9068 23
8969 8970 23
8969 9069 20
8970 8971 38
8970 9070 42
8971 8972 12
8971 9071 33
8972 8973 41
8972 9072 33
8973 8974 93
8973 9073 72
8974 8975 4
8974 9074 84
8975 8976 22
8975 9075 51
8976 8977 6
8976 9076 21
8977 8978 4
8977 9077 58
8978 8979 82
8978 9078 76
8979 8980 73
8979 9079 57
8980 8981 97
8980 9080 97
8981 8982 4
8981 9081 89
8982 8983 74
8982 9082 82
8983 8984 30
8983 9083 62
8984 8985 18
8984 9084 74
8985 8986 85
8985 9085 73
8986 8987 71
8986 9086 60
8987 8988 35
8987 9087 41
8988 8989 92
8988 9088 54
8989 8990 38
8989 9089 14
8990 8991 75
8990 9090 81
8991 8992 60
8991 9091 26
8992 8993 76
8992 9092 26
8993 8994 90
8993 9093 73
8994 8995 74
8994 9094 68
8995 8996 36
8995 9095 8
8996 8997 29
8996 9096 1
8997 8998 4
8997 9097 25
8998 8999 47
8998 9098 86
8999 9099 94
9000 9001 1
9000 9100 55
9001 9002 82
9001 9101 36
9002 9003 94
9002 9102 8
9003 9004 95
9003 9103 50
9004 9005 98
9004 9104 38
9005 9006 9
9005 9105 87
9006 9007 9
9006 9106 20
9007 9008 85
9007 9107 56
9008 9009 51
9008 9108 94
9009 9010 10
9009 9109 25
9010 9011 77
9010 9110 81
9011 9012 59
9011 9111 69
9012 9013 62
9012 9112 93
9013 9014 35
9013 9113 33
9014 9015 20
9014 9114 36
9015 9016 99
9015 9115 90
9016 9017 97
9016 9116 78
9017 9018 74
9017 9117 62
9018 9019 99
9018 9118 93
9019 9020 31
9019 9119 14
9020 9021 18
9020 9120 82
9021 9022 21
9021 9121 30
9022 9023 97
9022 9122 25
9023 9024 79
9023 9123 37
9024 9025 38
9024 9124 91
9025 9026 4
9025 9125 19
9026 9027 84
9026 9126 54
9027 9028 16
9027 9127 53
9028 9029 79
9028 9128 75
9029 9030 82
9029 9129 28
9030 9031 73
9030 9130 91
9031 9032 71
9031 9131 94
9032 9033 15
9032 9132 3
9033 9034 47
9033 9133 14
9034 9035 48
9034 9134 50
9035 9036 12
9035 9135 46
9036 9037 3
9036 9136 21
9037 9038 18
9037 9137 8
9038 9039 93
9038 9138 24
9039 9040 19
9039 9139 19
9040 9041 73
9040 9140 20
9041 9042 36
9041 9141 81
9042 9043 8
9042 9142 21
9043 9044 49
9043 9143 10
9044 9045 93
9044 9144 37
9045 9046 75
9045 9145 95
9046 9047 37
9046 9146 74
9047 9048 35
9047 9147 100
9048 9049 61
9048 9148 49
9049 9050 76
9049 9149 67
9050 9051 24
9050 9150 36
9051 9052 54
9051 9151 91
9052 9053 97
9052 9152 31
9053 9054 41
9053 9153 1
9054 9055 22
9054 9154 68
9055 9056 88
9055 9155 11
9056 9057 78
9056 9156 44
9057 9058 79
9057 9157 91
9058 9059 22
9058 9158 18
9059 9060 61
9059 9159 79
9060 9061 98
9060 9160 31
9061 9062 5
9061 9161 95
9062 9063 28
9062 9162 64
9063 9064 91
9063 9163 34
9064 9065 30
9064 9164 45
9065 9066 78
9065 9165 7
9066 9067 88
9066 9166 94
9067 9068 49
9067 9167 40
9068 9069 50
9068 9168 56
9069 9070 42
9069 9169 17
9070 9071 16
9070 9170 41
9071 9072 84
9071 9171 40
9072 9073 85
9072 9172 69
9073 9074 1
9073 9173 45
9074 9075 17
9074 9174 2
9075 9076 64
9075 9175 58
9076 9077 21
9076 9176 19
9077 9078 46
9077 9177 92
9078 9079 34
9078 9178 37
9079 9080 4
9079 9179 96
9080 9081 78
9080 9180 94
9081 9082 81
9081 9181 80
9082 9083 68
9082 9182 16
9083 9084 77
9083 9183 86
9084 9085 72
9084 9184 83
9085 9086 24
9085 9185 4
9086 9087 30
9086 9186 7
9087 9088 82
9087 9187 15
9088 9089 80
9088 9188 92
9089 9090 93
9089 9189 11
9090 9091 39
9090 9190 7
9091 9092 58
9091 9191 3
9092 9093 75
9092 9192 62
9093 9094 62
9093 9193 34
9094 9095 30
9094 9194 41
9095 9096 100
9095 9195 97
9096 9097 94
9096 9196 58
9097 9098 95
9097 9197 11
9098 9099 92
9098 9198 26
9099 9199 82
9100 9101 44
9100 9200 70
9101 9102 32
9101 9201 48
9102 9103 18
9102 9202 26
9103 9104 62
9103 9203 62
9104 9105 11
9104 9204 29
9105 9106 92
9105 9205 8
9106 9107 48
9106 9206 66
9107 9108 99
9107 9207 95
9108 9109 46
9108 9208 79
9109 9110 19
9109 9209 90
9110 9111 65
9110 9210 54
9111 9112 72
9111 9211 69
9112 9113 1
9112 9212 85
9113 9114 70
9113 9213 95
9114 9115 68
9114 9214 16
9115 9116 4
9115 9215 60
9116 9117 94
9116 9216 80
9117 9118 37
9117 9217 93
9118 9119 23
9118 9218 82
9119 9120 54
9119 9219 56
9120 9121 93
9120 9220 19
9121 9122 43
9121 9221 17
9122 9123 82
9122 9222 35
9123 9124 93
9123 9223 51
9124 9125 64
9124 9224 65
9125 9126 100
9125 9225 30
9126 9127 52
9126 9226 84
9127 9128 63
9127 9227 9
9128 9129 85
9128 9228 75
9129 9130 97
9129 9229 95
9130 9131 79
9130 9230 15
9131 9132 83
9131 9231 35
9132 9133 53
9132 9232 99
9133 9134 20
9133 9233 100
9134 9135 11
9134 9234 59
9135 9136 68
9135 9235 92
9136 9137 12
9136 9236 78
9137 9138 14
9137 9237 45
9138 9139 91
9138 9238 22
9139 9140 29
9139 9239 74
9140 9141 65
9140 9240 17
9141 9142 98
9141 9241 29
9142 9143 1
9142 9242 72
9143 9144 4
9143 9243 93
9144 9145 12
9144 9244 53
9145 9146 41
9145 9245 43
9146 9147 28
9146 9246 94
9147 9148 45
9147 9247 75
9148 9149 72
9148 9248 78
9149 9150 30
9149 9249 48
9150 9151 1
9150 9250 97
9151 9152 35
9151 9251 74
9152 9153 20
9152 9252 51
9153 9154 53
9153 9253 95
9154 9155 77
9154 9254 22
9155 9156 91
9155 9255 52
9156 9157 24
9156 9256 83
9157 9158 13
9157 9257 23
9158 9159 82
9158 9258 100
9159 9160 41
9159 9259 10
9160 9161 87
9160 9260 93
9161 9162 87
9161 9261 64
9162 9163 79
9162 9262 57
9163 9164 84
9163 9263 32
9164 9165 35
9164 9264 53
9165 9166 66
9165 9265 62
9166 9167 79
9166 9266 83
9167 9168 75
9167 9267 58
9168 9169 94
9168 9268 73
9169 9170 79
9169 9269 36
9170 9171 90
9170 9270 33
9171 9172 27
9171 9271 2
9172 9173 53
9172 9272 8
9173 9174 48
9173 9273 17
9174 9175 53
9174 9274 7
9175 9176 57
9175 9275 75
9176 9177 1
9176 9276 22
9177 9178 43
9177 9277 54
9178 9179 88
9178 9278 88
9179 9180 75
9179 9279 66
9180 9181 11
9180 9280 65
9181 9182 17
9181 9281 73
9182 9183 71
9182 9282 15
9183 9184 56
9183 9283 56
9184 9185 5
9184 9284 40
9185 9186 41
9185 9285 55
9186 9187 91
9186 9286 21
9187 9188 61
9187 9287 74
9188 9189 44
9188 9288 59
9189 9190 28
9189 9289 23
9190 9191 80
9190 9290 16
9191 9192 64
9191 9291 39
9192 9193 22
9192 9292 9
9193 9194 72
9193 9293 32
9194 9195 39
9194 9294 55
9195 9196 94
9195 9295 9
9196 9197 7
9196 9296 73
9197 9198 79
9197 9297 42
9198 9199 66
9198 9298 71
9199 9299 18
9200 9201 44
9200 9300 42
9201 9202 16
9201 9301 22
9202 9203 17
9202 9302 21
9203 9204 19
9203 9303 2
9204 9205 37
9204 9304 15
9205 9206 73
9205 9305 52
9206 9207 84
9206 9306 16
9207 9208 28
9207 9307 47
9208 9209 4
9208 9308 31
9209 9210 3
9209 9309 19
9210 9211 99
9210 9310 67
9211 9212 49
9211 9311 13
9212 9213 58
9212 9312 56
9213 9214 49
9213 9313 35
9214 9215 92
9214 9314 57
9215 9216 8
9215 9315 93
9216 9217 38
9216 9316 92
9217 9218 10
9217 9317 55
9218 9219 26
9218 9318 82
9219 9220 90
9219 9319 45
9220 9221 23
9220 9320 75
9221 9222 76
9221 9321 38
9222 9223 65
9222 9322 30
9223 9224 6
9223 9323 64
9224 9225 72
9224 9324 83
9225 9226 85
9225 9325 79
9226 9227 2
9226 9326 78
9227 9228 27
9227 9327 84
9228 9229 95
9228 9328 9
9229 9230 81
9229 9329 94
9230 9231 56
9230 9330 50
9231 9232 17
9231 9331 30
9232 9233 90
9232 9332 75
9233 9234 73
9233 9333 40
9234 9235 52
9234 9334 75
9235 9236 72
9235 9335 34
9236 9237 1
9236 9336 86
9237 9238 98
9237 9337 7
9238 9239 17
9238 9338 76
9239 9240 88
9239 9339 37
9240 9241 73
9240 9340 34
9241 9242 31
9241 9341 9
9242 9243 50
9242 9342 62
9243 9244 81
9243 9343 56
9244 9245 49
9244 9344 87
9245 9246 46
9245 9345 8
9246 9247 30
9246 9346 78
9247 9248 64
9247 9347 31
9248 9249 89
9248 9348 36
9249 9250 66
9249 9349 17
9250 9251 78
9250 9350 99
9251 9252 95
9251 9351 97
9252 9253 65
9252 9352 55
9253 9254 43
9253 9353 94
9254 9255 24
9254 9354 31
9255 9256 76
9255 9355 8
9256 9257 18
9256 9356 93
9257 9258 87
9257 9357 41
9258 9259 82
9258 9358 85
9259 9260 39
9259 9359 19
9260 9261 40
9260 9360 9
9261 9262 94
9261 9361 44
9262 9263 1
9262 9362 33
9263 9264 79
9263 9363 10
9264 9265 81
9264 9364 30
9265 9266 51
9265 9365 49
9266 9267 22
9266 9366 92
9267 9268 20
9267 9367 2
9268 9269 44
9268 9368 63
9269 9270 57
9269 9369 13
9270 9271 16
9270 9370 62
9271 9272 67
9271 9371 47
9272 9273 74
9272 9372 16
9273 9274 43
9273 9373 66
9274 9275 47
9274 9374 73
9275 9276 72
9275 9375 91
9276 9277 49
9276 9376 31
9277 9278 60
9277 9377 27
9278 9279 57
9278 9378 66
9279 9280 35
9279 9379 18
9280 9281 3
9280 9380 73
9281 9282 58
9281 9381 8
9282 9283 12
9282 9382 57
9283 9284 19
9283 9383 41
9284 9285 91
9284 9384 77
9285 9286 66
9285 9385 33
9286 9287 46
9286 9386 75
9287 9288 1
9287 9387 97
9288 9289 27
9288 9388 90
9289 9290 26
9289 9389 41
9290 9291 88
9290 9390 63
9291 9292 69
9291 9391 39
9292 9293 74
9292 9392 86
9293 9294 61
9293 9393 45
9294 9295 99
9294 9394 95
9295 9296 76
9295 9395 63
9296 9297 27
9296 9396 46
9297 9298 22
9297 9397 68
9298 9299 90
9298 9398 41
9299 9399 52
9300 9301 19
9300 9400 72
9301 9302 53
9301 9401 41
9302 9303 73
9302 9402 65
9303 9304 21
9303 9403 14
9304 9305 94
9304 9404 12
9305 9306 83
9305 9405 56
9306 9307 66
9306 9406 78
9307 9308 59
9307 9407 18
9308 9309 19
9308 9408 29
9309 9310 9
9309 9409 63
9310 9311 45
9310 9410 23
9311 9312 19
9311 9411 85
9312 9313 38
9312 9412 82
9313 9314 89
9313 9413 32
9314 9315 43
9314 9414 25
9315 9316 78
9315 9415 54
9316 9317 35
9316 9416 4
9317 9318 20
9317 9417 95
9318 9319 3
9318 9418 47
9319 9320 3
9319 9419 89
9320 9321 19
9320 9420 73
9321 9322 95
9321 9421 46
9322 9323 65
9322 9422 4
9323 9324 33
9323 9423 51
9324 9325 76
9324 9424 12
9325 9326 25
9325 9425 97
9326 9327 84
9326 9426 96
9327 9328 13
9327 9427 47
9328 9329 49
9328 9428 18
9329 9330 17
9329 9429 70
9330 9331 6
9330 9430 3
9331 9332 22
9331 9431 58
9332 9333 69
9332 9432 36
9333 9334 41
9333 9433 54
9334 9335 4
9334 9434 56
9335 9336 91
9335 9435 24
9336 9337 18
9336 9436 94
9337 9338 87
9337 9437 74
9338 9339 1
9338 9438 71
9339 9340 9
9339 9439 12
9340 9341 44
9340 9440 57
9341 9342 69
9341 9441 55
9342 9343 26
9342 9442 19
9343 9344 71
9343 9443 11
9344 9345 86
9344 9444 4
9345 9346 86
9345 9445 14
9346 9347 32
9346 9446 24
9347 9348 95
9347 9447 88
9348 9349 97
9348 9448 18
9349 9350 33
9349 9449 64
9350 9351 7
9350 9450 65
9351 9352 63
9351 9451 49
9352 9353 69
9352 9452 78
9353 9354 75
9353 9453 19
9354 9355 50
9354 9454 6
9355 9356 22
9355 9455 20
9356 9357 65
9356 9456 82
9357 9358 73
9357 9457 46
9358 9359 94
9358 9458 71
9359 9360 79
9359 9459 83
9360 9361 39
9360 9460 85
9361 9362 52
9361 9461 4
9362 9363 74
9362 9462 75
9363 9364 15
9363 9463 80
9364 9365 23
9364 9464 88
9365 9366 43
9365 9465 72
9366 9367 14
9366 9466 29
9367 9368 45
9367 9467 5
9368 9369 47
9368 9468 15
9369 9370 86
9369 9469 38
9370 9371 58
9370 9470 6
9371 9372 62
9371 9471 4
9372 9373 13
9372 9472 61
9373 9374 74
9373 9473 65
9374 9375 9
9374 9474 97
9375 9376 74
9375 9475 79
9376 9377 78
9376 9476 91
9377 9378 48
9377 9477 90
9378 9379 24
9378 9478 13
9379 9380 27
9379 9479 21
9380 9381 91
9380 9480 16
9381 9382 88
9381 9481 75
9382 9383 62
9382 9482 97
9383 9384 87
9383 9483 27
9384 9385 96
9384 9484 72
9385 9386 92
9385 9485 25
9386 9387 31
9386 9486 51
9387 9388 64
9387 9487 16
9388 9389 74
9388 9488 68
9389 9390 55
9389 9489 40
9390 9391 2
9390 9490 20
9391 9392 53
9391 9491 57
9392 9393 58
9392 9492 80
9393 9394 6
9393 9493 10
9394 9395 93
9394 9494 25
9395 9396 71
9395 9495 76
9396 9397 6
9396 9496 44
9397 9398 3
9397 9497 68
9398 9399 30
9398 9498 33
9399 9499 58
9400 9401 28
9400 9500 56
9401 9402 65
9401 9501 41
9402 9403 59
9402 9502 94
9403 9404 72
9403 9503 47
9404 9405 16
9404 9504 39
9405 9406 33
9405 9505 45
9406 9407 27
9406 9506 39
9407 9408 1
9407 9507 6
9408 9409 11
9408 9508 36
9409 9410 34
9409 9509 85
9410 9411 19
9410 9510 94
9411 9412 44
9411 9511 47
9412 9413 78
9412 9512 86
9413 9414 71
9413 9513 48
9414 9415 51
9414 9514 15
9415 9416 72
9415 9515 78
9416 9417 5
9416 9516 87
9417 9418 46
9417 9517 78
9418 9419 72
9418 9518 66
9419 9420 73
9419 9519 28
9420 9421 67
9420 9520 1
9421 9422 50
9421 9521 3
9422 9423 39
9422 9522 90
9423 9424 83
9423 9523 6
9424 9425 30
9424 9524 2
9425 9426 67
9425 9525 61
9426 9427 6
9426 9526 27
9427 9428 85
9427 9527 35
9428 9429 96
9428 9528 29
9429 9430 68
9429 9529 84
9430 9431 84
9430 9530 61
9431 9432 38
9431 9531 11
9432 9433 27
9432 9532 2
9433 9434 91
9433 9533 67
9434 9435 37
9434 9534 96
9435 9436 55
9435 9535 84
9436 9437 14
9436 9536 14
9437 9438 89
9437 9537 73
9438 9439 71
9438 9538 51
9439 9440 63
9439 9539 12
9440 9441 42
9440 9540 21
9441 9442 53
9441 9541 7
9442 9443 77
9442 9542 67
9443 9444 13
9443 9543 86
9444 9445 89
9444 9544 58
9445 9446 29
9445 9545 42
9446 9447 48
9446 9546 19
9447 9448 9
9447 9547 57
9448 9449 9
9448 9548 87
9449 9450 28
9449 9549 31
9450 9451 36
9450 9550 88
9451 9452 46
9451 9551 5
9452 9453 25
9452 9552 68
9453 9454 77
9453 9553 4
9454 9455 15
9454 9554 63
9455 9456 56
9455 9555 90
9456 9457 58
9456 9556 54
9457 9458 66
9457 9557 34
9458 9459 66
9458 9558 23
9459 9460 7
9459 9559 94
9460 9461 19
9460 9560 85
9461 9462 5
9461 9561 26
9462 9463 94
9462 9562 98
9463 9464 14
9463 9563 83
9464 9465 10
9464 9564 4
9465 9466 38
9465 9565 58
9466 9467 23
9466 9566 13
9467 9468 33
9467 9567 96
9468 9469 12
9468 9568 1
9469 9470 74
9469 9569 99
9470 9471 68
9470 9570 82
9471 9472 55
9471 9571 99
9472 9473 44
9472 9572 16
9473 9474 40
9473 9573 98
9474 9475 56
9474 9574 31
9475 9476 48
9475 9575 22
9476 9477 48
9476 9576 86
9477 9478 8
9477 9577 53
9478 9479 86
9478 9578 90
9479 9480 11
9479 9579 31
9480 9481 73
9480 9580 64
9481 9482 23
9481 9581 41
9482 9483 70
9482 9582 24
9483 9484 13
9483 9583 89
9484 9485 3
9484 9584 51
9485 9486 27
9485 9585 95
9486 9487 17
9486 9586 92
9487 9488 51
9487 9587 19
9488 9489 66
9488 9588 87
9489 9490 25
9489 9589 84
9490 9491 88
9490 9590 70
9491 9492 92
9491 9591 1
9492 9493 58
9492 9592 62
9493 9494 37
9493 9593 71
9494 9495 44
9494 9594 98
9495 9496 72
9495 9595 92
9496 9497 39
9496 9596 63
9497 9498 28
9497 9597 3
9498 9499 80
9498 9598 5
9499 9599 25
9500 9501 92
9500 9600 21
9501 9502 85
9501 9601 6
9502 9503 47
9502 9602 38
9503 9504 76
9503 9603 69
9504 9505 41
9504 9604 97
9505 9506 7
9505 9605 88
9506 9507 23
9506 9606 77
9507 9508 25
9507 9607 30
9508 9509 16
9508 9608 1
9509 9510 19
9509 9609 10
9510 9511 22
9510 9610 33
9511 9512 95
9511 9611 60
9512 9513 17
9512 9612 88
9513 9514 93
9513 9613 53
9514 9515 20
9514 9614 16
9515 9516 19
9515 9615 62
9516 9517 93
9516 9616 95
9517 9518 7
9517 9617 18
9518 9519 95
9518 9618 71
9519 9520 91
9519 9619 17
9520 9521 2
9520 9620 45
9521 9522 48
9521 9621 92
9522 9523 44
9522 9622 11
9523 9524 12
9523 9623 38
9524 9525 84
9524 9624 71
9525 9526 7
9525 9625 50
9526 9527 88
9526 9626 84
9527 9528 13
9527 9627 20
9528 9529 95
9528 9628 23
9529 9530 63
9529 9629 74
9530 9531 37
9530 9630 85
9531 9532 95
9531 9631 63
9532 9533 51
9532 9632 61
9533 9534 26
9533 9633 15
9534 9535 68
9534 9634 85
9535 9536 20
9535 9635 38
9536 9537 59
9536 9636 93
9537 9538 51
9537 9637 75
9538 9539 30
9538 9638 14
9539 9540 42
9539 9639 89
9540 9541 23
9540 9640 86
9541 9542 97
9541 9641 41
9542 9543 17
9542 9642 21
9543 9544 31
9543 9643 83
9544 9545 71
9544 9644 82
9545 9546 59
9545 9645 23
9546 9547 65
9546 9646 84
9547 9548 20
9547 9647 37
9548 9549 72
9548 9648 47
9549 9550 60
9549 9649 33
9550 9551 25
9550 9650 35
9551 9552 48
9551 9651 84
9552 9553 50
9552 9652 34
9553 9554 35
9553 9653 8
9554 9555 98
9554 9654 91
9555 9556 72
9555 9655 79
9556 9557 34
9556 9656 83
9557 9558 13
9557 9657 63
9558 9559 84
9558 9658 49
9559 9560 94
9559 9659 26
9560 9561 15
9560 9660 19
9561 9562 99
9561 9661 45
9562 9563 41
9562 9662 91
9563 9564 96
9563 9663 19
9564 9565 23
9564 9664 100
9565 9566 87
9565 9665 48
9566 9567 11
9566 9666 69
9567 9568 27
9567 9667 37
9568 9569 48
9568 9668 84
9569 9570 43
9569 9669 51
9570 9571 10
9570 9670 33
9571 9572 30
9571 9671 71
9572 9573 53
9572 9672 98
9573 9574 3
9573 9673 40
9574 9575 49
9574 9674 35
9575 9576 58
9575 9675 12
9576 9577 48
9576 9676 39
9577 9578 18
9577 9677 46
9578 9579 96
9578 9678 45
9579 9580 33
9579 9679 90
9580 9581 55
9580 9680 42
9581 9582 61
9581 9681 48
9582 9583 53
9582 9682 67
9583 9584 85
9583 9683 10
9584 9585 45
9584 9684 3
9585 9586 53
9585 9685 100
9586 9587 49
9586 9686 56
9587 9588 7
9587 9687 61
9588 9589 12
9588 9688 91
9589 9590 64
9589 9689 64
9590 9591 41
9590 9690 51
9591 9592 50
9591 9691 2
9592 9593 66
9592 9692 46
9593 9594 32
9593 9693 95
9594 9595 7
9594 9694 54
9595 9596 87
9595 9695 53
9596 9597 93
9596 9696 35
9597 9598 76
9597 9697 41
9598 9599 44
9598 9698 18
9599 9699 45
9600 9601 37
9600 9700 29
9601 9602 55
9601 9701 96
9602 9603 54
9602 9702 44
9603 9604 97
9603 9703 20
9604 9605 55
9604 9704 51
9605 9606 93
9605 9705 46
9606 9607 35
9606 9706 75
9607 9608 70
9607 9707 83
9608 9609 36
9608 9708 61
9609 9610 23
9609 9709 53
9610 9611 29
9610 9710 49
9611 9612 35
9611 9711 83
9612 9613 17
9612 9712 78
9613 9614 47
9613 9713 7
9614 9615 3
9614 9714 99
9615 9616 49
9615 9715 88
9616 9617 46
9616 9716 8
9617 9618 59
9617 9717 85
9618 9619 55
9618 9718 14
9619 9620 2
9619 9719 100
9620 9621 66
9620 9720 1
9621 9622 90
9621 9721 87
9622 9623 21
9622 9722 60
9623 9624 98
9623 9723 81
9624 9625 41
9624 9724 1
9625 9626 11
9625 9725 81
9626 9627 54
9626 9726 22
9627 9628 51
9627 9727 57
9628 9629 70
9628 9728 12
9629 9630 4
9629 9729 87
9630 9631 98
9630 9730 82
9631 9632 33
9631 9731 65
9632 9633 76
9632 9732 54
9633 9634 100
9633 9733 82
9634 9635 30
9634 9734 88
9635 9636 17
9635 9735 65
9636 9637 84
9636 9736 44
9637 9638 48
9637 9737 98
9638 9639 94
9638 9738 91
9639 9640 41
9639 9739 23
9640 9641 77
9640 9740 53
9641 9642 51
9641 9741 33
9642 9643 64
9642 9742 43
9643 9644 66
9643 9743 45
9644 9645 27
9644 9744 60
9645 9646 28
9645 9745 66
9646 9647 38
9646 9746 6
9647 9648 44
9647 9747 13
9648 9649 64
9648 9748 2
9649 9650 50
9649 9749 49
9650 9651 47
9650 9750 60
9651 9652 18
9651 9751 28
9652 9653 1
9652 9752 34
9653 9654 7
9653 9753 35
9654 9655 86
9654 9754 24
9655 9656 47
9655 9755 98
9656 9657 25
9656 9756 15
9657 9658 60
9657 9757 44
9658 9659 85
9658 9758 3
9659 9660 53
9659 9759 70
9660 9661 24
9660 9760 78
9661 9662 5
9661 9761 58
9662 9663 35
9662 9762 2
9663 9664 8
9663 9763 60
9664 9665 93
9664 9764 78
9665 9666 73
9665 9765 92
9666 9667 6
9666 9766 29
9667 9668 43
9667 9767 28
9668 9669 64
9668 9768 93
9669 9670 21
9669 9769 42
9670 9671 5
9670 9770 48
9671 9672 66
9671 9771 65
9672 9673 77
9672 9772 90
9673 9674 49
9673 9773 89
9674 9675 99
9674 9774 94
9675 9676 62
9675 9775 73
9676 9677 14
9676 9776 62
9677 9678 65
9677 9777 21
9678 9679 49
9678 9778 18
9679 9680 81
9679 9779 41
9680 9681 44
9680 9780 24
9681 9682 97
9681 9781 49
9682 9683 15
9682 9782 44
9683 9684 18
9683 9783 51
9684 9685 46
9684 9784 27
9685 9686 24
9685 9785 7
9686 9687 87
9686 9786 62
9687 9688 4
9687 9787 90
9688 9689 36
9688 9788 17
9689 9690 16
9689 9789 14
9690 9691 48
9690 9790 53
9691 9692 56
9691 9791 77
9692 9693 69
9692 9792 95
9693 9694 16
9693 9793 57
9694 9695 84
9694 9794 39
9695 9696 77
9695 9795 9
9696 9697 68
9696 9796 98
9697 9698 37
9697 9797 7
9698 9699 50
9698 9798 12
9699 9799 39
9700 9701 58
9700 9800 23
9701 9702 5
9701 9801 93
9702 9703 98
9702 9802 56
9703 9704 83
9703 9803 48
9704 9705 14
9704 9804 46
9705 9706 1
9705 9805 11
9706 9707 39
9706 9806 6
9707 9708 12
9707 9807 92
9708 9709 60
9708 9808 44
9709 9710 19
9709 9809 96
9710 9711 77
9710 9810 92
9711 9712 72
9711 9811 90
9712 9713 44
9712 9812 18
9713 9714 30
9713 9813 70
9714 9715 74
9714 9814 75
9715 9716 54
9715 9815 84
9716 9717 88
9716 9816 81
9717 9718 27
9717 9817 8
9718 9719 56
9718 9818 8
9719 9720 94
9719 9819 63
9720 9721 76
9720 9820 88
9721 9722 55
9721 9821 52
9722 9723 94
9722 9822 35
9723 9724 29
9723 9823 79
9724 9725 51
9724 9824 36
9725 9726 33
9725 9825 43
9726 9727 61
9726 9826 21
9727 9728 70
9727 9827 99
9728 9729 13
9728 9828 34
9729 9730 45
9729 9829 36
9730 9731 27
9730 9830 18
9731 9732 65
9731 9831 39
9732 9733 43
9732 9832 31
9733 9734 73
9733 9833 9
9734 9735 36
9734 9834 28
9735 9736 7
9735 9835 31
9736 9737 62
9736 9836 62
9737 9738 57
9737 9837 59
9738 9739 44
9738 9838 17
9739 9740 35
9739 9839 82
9740 9741 97
9740 9840 4
9741 9742 92
9741 9841 62
9742 9743 82
9742 9842 60
9743 9744 56
9743 9843 68
9744 9745 29
9744 9844 46
9745 9746 3
9745 9845 7
9746 9747 8
9746 9846 80
9747 9748 81
9747 9847 67
9748 9749 88
9748 9848 51
9749 9750 27
9749 9849 19
9750 9751 34
9750 9850 46
9751 9752 3
9751 9851 10
9752 9753 85
9752 9852 23
9753 9754 16
9753 9853 70
9754 9755 74
9754 9854 11
9755 9756 23
9755 9855 85
9756 9757 36
9756 9856 44
9757 9758 58
9757 9857 73
9758 9759 50
9758 9858 87
9759 9760 47
9759 9859 86
9760 9761 8
9760 9860 41
9761 9762 44
9761 9861 74
9762 9763 11
9762 9862 79
9763 9764 47
9763 9863 12
9764 9765 62
9764 9864 33
9765 9766 9
9765 9865 88
9766 9767 74
9766 9866 11
9767 9768 54
9767 9867 15
9768 9769 17
9768 9868 16
9769 9770 76
9769 9869 43
9770 9771 63
9770 9870 76
9771 9772 95
9771 9871 74
9772 9773 53
9772 9872 66
9773 9774 69
9773 9873 64
9774 9775 95
9774 9874 79
9775 9776 74
9775 9875 44
9776 9777 77
9776 9876 33
9777 9778 52
9777 9877 2
9778 9779 3
9778 9878 96
9779 9780 90
9779 9879 67
9780 9781 35
9780 9880 62
9781 9782 35
9781 9881 74
9782 9783 24
9782 9882 80
9783 9784 78
9783 9883 51
9784 9785 37
9784 9884 56
9785 9786 29
9785 9885 39
9786 9787 18
9786 9886 10
9787 9788 91
9787 9887 79
9788 9789 95
9788 9888 71
9789 9790 10
9789 9889 94
9790 9791 28
9790 9890 85
9791 9792 45
9791 9891 14
9792 9793 33
9792 9892 94
9793 9794 35
9793 9893 59
9794 9795 92
9794 9894 95
9795 9796 51
9795 9895 31
9796 9797 76
9796 9896 98
9797 9798 1
9797 9897 86
9798 9799 76
9798 9898 27
9799 9899 49
9800 9801 37
9800 9900 50
9801 9802 16
9801 9901 74
9802 9803 30
9802 9902 77
9803 9804 48
9803 9903 97
9804 9805 59
9804 9904 55
9805 9806 6
9805 9905 89
9806 9807 40
9806 9906 89
9807 9808 47
9807 9907 25
9808 9809 100
9808 9908 100
9809 9810 17
9809 9909 13
9810 9811 5
9810 9910 74
9811 9812 44
9811 9911 9
9812 9813 8
9812 9912 28
9813 9814 84
9813 9913 14
9814 9815 67
9814 9914 15
9815 9816 89
9815 9915 55
9816 9817 45
9816 9916 95
9817 9818 47
9817 9917 85
9818 9819 48
9818 9918 80
9819 9820 14
9819 9919 23
9820 9821 66
9820 9920 37
9821 9822 33
9821 9921 22
9822 9823 70
9822 9922 86
9823 9824 87
9823 9923 29
9824 9825 59
9824 9924 33
9825 9826 98
9825 9925 13
9826 9827 12
9826 9926 89
9827 9828 20
9827 9927 76
9828 9829 66
9828 9928 84
9829 9830 72
9829 9929 28
9830 9831 35
9830 9930 72
9831 9832 7
9831 9931 87
9832 9833 95
9832 9932 45
9833 9834 18
9833 9933 65
9834 9835 56
9834 9934 73
9835 9836 35
9835 9935 93
9836 9837 13
9836 9936 4
9837 9838 96
9837 9937 77
9838 9839 56
9838 9938 3
9839 9840 51
9839 9939 54
9840 9841 74
9840 9940 73
9841 9842 76
9841 9941 57
9842 9843 35
9842 9942 42
9843 9844 1
9843 9943 81
9844 9845 82
9844 9944 28
9845 9846 12
9845 9945 21
9846 9847 68
9846 9946 51
9847 9848 59
9847 9947 69
9848 9849 40
9848 9948 32
9849 9850 81
9849 9949 17
9850 9851 68
9850 9950 98
9851 9852 29
9851 9951 2
9852 9853 38
9852 9952 46
9853 9854 68
9853 9953 70
9854 9855 34
9854 9954 1
9855 9856 4
9855 9955 71
9856 9857 5
9856 9956 4
9857 9858 4
9857 9957 19
9858 9859 79
9858 9958 39
9859 9860 56
9859 9959 15
9860 9861 87
9860 9960 11
9861 9862 57
9861 9961 50
9862 9863 39
9862 9962 24
9863 9864 95
9863 9963 66
9864 9865 19
9864 9964 79
9865 9866 6
9865 9965 10
9866 9867 66
9866 9966 93
9867 9868 27
9867 9967 87
9868 9869 8
9868 9968 20
9869 9870 52
9869 9969 29
9870 9871 87
9870 9970 58
9871 9872 95
9871 9971 48
9872 9873 9
9872 9972 5
9873 9874 37
9873 9973 33
9874 9875 100
9874 9974 98
9875 9876 10
9875 9975 79
9876 9877 57
9876 9976 63
9877 9878 45
9877 9977 32
9878 9879 63
9878 9978 91
9879 9880 65
9879 9979 85
9880 9881 96
9880 9980 47
9881 9882 4
9881 9981 41
9882 9883 38
9882 9982 44
9883 9884 73
9883 9983 74
9884 9885 88
9884 9984 81
9885 9886 5
9885 9985 53
9886 9887 40
9886 9986 24
9887 9888 67
9887 9987 90
9888 9889 5
9888 9988 9
9889 9890 40
9889 9989 45
9890 9891 66
9890 9990 2
9891 9892 21
9891 9991 36
9892 9893 17
9892 9992 25
9893 9894 88
9893 9993 85
9894 9895 26
9894 9994 24
9895 9896 99
9895 9995 98
9896 9897 24
9896 9996 36
9897 9898 93
9897 9997 8
9898 9899 26
9898 9998 86
9899 9999 91
9900 9901 38
9901 9902 72
9902 9903 31
9903 9904 47
9904 9905 84
9905 9906 49
9906 9907 38
9907 9908 35
9908 9909 56
9909 9910 29
9910 9911 44
9911 9912 100
9912 9913 40
9913 9914 40
9914 9915 87
9915 9916 63
9916 9917 22
9917 9918 2
9918 9919 32
9919 9920 29
9920 9921 2
9921 9922 78
9922 9923 76
9923 9924 12
9924 9925 74
9925 9926 93
9926 9927 58
9927 9928 81
9928 9929 20
9929 9930 100
9930 9931 3
9931 9932 37
9932 9933 60
9933 9934 75
9934 9935 26
9935 9936 81
9936 9937 85
9937 9938 86
9938 9939 96
9939 9940 17
9940 9941 51
9941 9942 89
9942 9943 5
9943 9944 42
9944 9945 18
9945 9946 83
9946 9947 45
9947 9948 38
9948 9949 50
9949 9950 16
9950 9951 46
9951 9952 81
9952 9953 75
9953 9954 72
9954 9955 49
9955 9956 75
9956 9957 64
9957 9958 42
9958 9959 16
9959 9960 77
9960 9961 77
9961 9962 33
9962 9963 48
9963 9964 79
9964 9965 90
9965 9966 21
9966 9967 60
9967 9968 27
9968 9969 79
9969 9970 6
9970 9971 82
9971 9972 75
9972 9973 74
9973 9974 54
9974 9975 33
9975 9976 81
9976 9977 47
9977 9978 75
9978 9979 29
9979 9980 84
9980 9981 27
9981 9982 51
9982 9983 99
9983 9984 7
9984 9985 60
9985 9986 48
9986 9987 61
9987 9988 34
9988 9989 13
9989 9990 72
9990 9991 98
9991 9992 65
9992 9993 75
9993 9994 97
9994 9995 35
9995 9996 97
9996 9997 88
9997 9998 15
9998 9999 15
0 9999
