5000 29983
0 1 7
1 2 139
2 3 166
3 4 146
4 5 27
5 6 62
6 7 166
7 8 148
8 9 176
9 10 27
10 11 187
11 12 52
12 13 116
13 14 77
14 15 8
15 16 158
16 17 1
17 18 86
18 19 153
19 20 76
20 21 86
21 22 107
22 23 143
23 24 101
24 25 110
25 26 59
26 27 174
27 28 92
28 29 189
29 30 174
30 31 43
31 32 45
32 33 27
33 34 147
34 35 172
35 36 112
36 37 110
37 38 193
38 39 38
39 40 31
40 41 120
41 42 87
42 43 101
43 44 116
44 45 58
45 46 71
46 47 4
47 48 196
48 49 179
49 50 76
50 51 105
51 52 120
52 53 178
53 54 85
54 55 100
55 56 178
56 57 164
57 58 42
58 59 44
59 60 116
60 61 50
61 62 139
62 63 126
63 64 187
64 65 106
65 66 152
66 67 107
67 68 67
68 69 56
69 70 155
70 71 132
71 72 117
72 73 88
73 74 114
74 75 189
75 76 108
76 77 43
77 78 160
78 79 139
79 80 85
80 81 108
81 82 35
82 83 35
83 84 163
84 85 22
85 86 192
86 87 129
87 88 130
88 89 4
89 90 26
90 91 9
91 92 76
92 93 164
93 94 58
94 95 54
95 96 120
96 97 129
97 98 65
98 99 125
99 100 48
100 101 115
101 102 168
102 103 197
103 104 17
104 105 117
105 106 176
106 107 21
107 108 110
108 109 131
109 110 22
110 111 25
111 112 189
112 113 94
113 114 182
114 115 59
115 116 59
116 117 54
117 118 112
118 119 146
119 120 83
120 121 67
121 122 32
122 123 122
123 124 137
124 125 79
125 126 103
126 127 159
127 128 189
128 129 99
129 130 48
130 131 71
131 132 75
132 133 29
133 134 173
134 135 164
135 136 120
136 137 43
137 138 199
138 139 154
139 140 79
140 141 182
141 142 11
142 143 187
143 144 33
144 145 46
145 146 130
146 147 12
147 148 178
148 149 190
149 150 34
150 151 68
151 152 40
152 153 100
153 154 88
154 155 57
155 156 199
156 157 7
157 158 199
158 159 190
159 160 24
160 161 29
161 162 185
162 163 173
163 164 152
164 165 152
165 166 4
166 167 109
167 168 60
168 169 37
169 170 40
170 171 200
171 172 67
172 173 73
173 174 77
174 175 12
175 176 11
176 177 79
177 178 194
178 179 84
179 180 197
180 181 154
181 182 184
182 183 58
183 184 29
184 185 68
185 186 37
186 187 3
187 188 74
188 189 105
189 190 164
190 191 71
191 192 132
192 193 51
193 194 169
194 195 163
195 196 195
196 197 50
197 198 10
198 199 45
199 200 91
200 201 8
201 202 185
202 203 171
203 204 5
204 205 78
205 206 183
206 207 49
207 208 2
208 209 63
209 210 171
210 211 181
211 212 24
212 213 63
213 214 199
214 215 129
215 216 87
216 217 167
217 218 91
218 219 4
219 220 157
220 221 120
221 222 179
222 223 133
223 224 125
224 225 9
225 226 107
226 227 173
227 228 63
228 229 118
229 230 51
230 231 39
231 232 161
232 233 55
233 234 134
234 235 95
235 236 34
236 237 11
237 238 76
238 239 141
239 240 103
240 241 47
241 242 16
242 243 85
243 244 111
244 245 16
245 246 11
246 247 83
247 248 97
248 249 16
249 250 63
250 251 88
251 252 165
252 253 199
253 254 160
254 255 180
255 256 72
256 257 82
257 258 188
258 259 23
259 260 113
260 261 65
261 262 12
262 263 128
263 264 192
264 265 7
265 266 18
266 267 128
267 268 54
268 269 147
269 270 18
270 271 108
271 272 112
272 273 102
273 274 126
274 275 78
275 276 13
276 277 48
277 278 137
278 279 15
279 280 55
280 281 140
281 282 45
282 283 171
283 284 166
284 285 28
285 286 47
286 287 16
287 288 160
288 289 42
289 290 72
290 291 172
291 292 69
292 293 125
293 294 47
294 295 59
295 296 14
296 297 36
297 298 154
298 299 162
299 300 181
300 301 122
301 302 44
302 303 115
303 304 72
304 305 134
305 306 176
306 307 173
307 308 71
308 309 93
309 310 139
310 311 87
311 312 37
312 313 199
313 314 160
314 315 168
315 316 172
316 317 155
317 318 157
318 319 182
319 320 49
320 321 87
321 322 50
322 323 50
323 324 166
324 325 88
325 326 186
326 327 20
327 328 198
328 329 74
329 330 49
330 331 137
331 332 83
332 333 164
333 334 62
334 335 85
335 336 35
336 337 108
337 338 11
338 339 190
339 340 49
340 341 154
341 342 23
342 343 31
343 344 48
344 345 20
345 346 116
346 347 37
347 348 59
348 349 14
349 350 100
350 351 138
351 352 71
352 353 59
353 354 159
354 355 27
355 356 42
356 357 4
357 358 159
358 359 16
359 360 148
360 361 108
361 362 100
362 363 112
363 364 19
364 365 142
365 366 108
366 367 151
367 368 174
368 369 3
369 370 154
370 371 109
371 372 39
372 373 124
373 374 119
374 375 179
375 376 115
376 377 128
377 378 30
378 379 93
379 380 86
380 381 186
381 382 73
382 383 103
383 384 135
384 385 187
385 386 186
386 387 157
387 388 171
388 389 103
389 390 51
390 391 51
391 392 93
392 393 159
393 394 111
394 395 69
395 396 139
396 397 2
397 398 145
398 399 156
399 400 52
400 401 64
401 402 138
402 403 62
403 404 21
404 405 133
405 406 137
406 407 104
407 408 83
408 409 22
409 410 194
410 411 195
411 412 114
412 413 140
413 414 145
414 415 49
415 416 164
416 417 170
417 418 111
418 419 178
419 420 46
420 421 92
421 422 123
422 423 31
423 424 180
424 425 6
425 426 117
426 427 34
427 428 21
428 429 78
429 430 187
430 431 80
431 432 17
432 433 7
433 434 38
434 435 44
435 436 150
436 437 139
437 438 175
438 439 138
439 440 170
440 441 164
441 442 35
442 443 36
443 444 3
444 445 191
445 446 118
446 447 52
447 448 42
448 449 77
449 450 147
450 451 135
451 452 126
452 453 167
453 454 194
454 455 130
455 456 29
456 457 198
457 458 66
458 459 140
459 460 198
460 461 181
461 462 133
462 463 32
463 464 193
464 465 43
465 466 163
466 467 125
467 468 95
468 469 81
469 470 87
470 471 20
471 472 54
472 473 44
473 474 198
474 475 53
475 476 29
476 477 199
477 478 117
478 479 45
479 480 110
480 481 48
481 482 122
482 483 88
483 484 25
484 485 109
485 486 11
486 487 48
487 488 77
488 489 139
489 490 187
490 491 200
491 492 49
492 493 107
493 494 99
494 495 55
495 496 33
496 497 121
497 498 37
498 499 124
499 500 140
500 501 42
501 502 51
502 503 58
503 504 170
504 505 170
505 506 126
506 507 48
507 508 11
508 509 24
509 510 11
510 511 112
511 512 91
512 513 46
513 514 95
514 515 17
515 516 185
516 517 32
517 518 172
518 519 196
519 520 143
520 521 120
521 522 60
522 523 120
523 524 99
524 525 140
525 526 65
526 527 98
527 528 132
528 529 101
529 530 111
530 531 84
531 532 1
532 533 36
533 534 9
534 535 120
535 536 11
536 537 35
537 538 120
538 539 114
539 540 18
540 541 110
541 542 74
542 543 120
543 544 85
544 545 76
545 546 79
546 547 62
547 548 35
548 549 174
549 550 191
550 551 90
551 552 31
552 553 42
553 554 192
554 555 121
555 556 113
556 557 60
557 558 155
558 559 68
559 560 102
560 561 170
561 562 197
562 563 115
563 564 57
564 565 163
565 566 99
566 567 43
567 568 59
568 569 11
569 570 31
570 571 199
571 572 38
572 573 45
573 574 8
574 575 113
575 576 40
576 577 102
577 578 46
578 579 123
579 580 115
580 581 186
581 582 58
582 583 199
583 584 193
584 585 21
585 586 131
586 587 55
587 588 157
588 589 8
589 590 133
590 591 169
591 592 4
592 593 157
593 594 148
594 595 75
595 596 194
596 597 169
597 598 167
598 599 71
599 600 32
600 601 102
601 602 160
602 603 3
603 604 19
604 605 98
605 606 23
606 607 144
607 608 193
608 609 15
609 610 22
610 611 196
611 612 77
612 613 160
613 614 32
614 615 54
615 616 2
616 617 20
617 618 138
618 619 134
619 620 115
620 621 42
621 622 195
622 623 46
623 624 192
624 625 186
625 626 144
626 627 33
627 628 54
628 629 44
629 630 104
630 631 151
631 632 38
632 633 39
633 634 54
634 635 10
635 636 21
636 637 103
637 638 77
638 639 40
639 640 131
640 641 68
641 642 190
642 643 53
643 644 156
644 645 180
645 646 164
646 647 19
647 648 157
648 649 92
649 650 49
650 651 193
651 652 161
652 653 56
653 654 161
654 655 158
655 656 113
656 657 76
657 658 84
658 659 169
659 660 57
660 661 62
661 662 178
662 663 79
663 664 143
664 665 195
665 666 190
666 667 119
667 668 103
668 669 122
669 670 45
670 671 85
671 672 26
672 673 65
673 674 112
674 675 17
675 676 181
676 677 122
677 678 124
678 679 131
679 680 22
680 681 33
681 682 139
682 683 22
683 684 33
684 685 197
685 686 171
686 687 94
687 688 168
688 689 176
689 690 133
690 691 191
691 692 129
692 693 173
693 694 96
694 695 36
695 696 121
696 697 13
697 698 92
698 699 160
699 700 118
700 701 62
701 702 138
702 703 148
703 704 147
704 705 137
705 706 120
706 707 46
707 708 52
708 709 6
709 710 59
710 711 82
711 712 185
712 713 190
713 714 45
714 715 79
715 716 120
716 717 189
717 718 142
718 719 145
719 720 187
720 721 58
721 722 22
722 723 159
723 724 48
724 725 4
725 726 192
726 727 81
727 728 7
728 729 179
729 730 75
730 731 39
731 732 118
732 733 168
733 734 2
734 735 64
735 736 176
736 737 57
737 738 123
738 739 126
739 740 181
740 741 141
741 742 165
742 743 26
743 744 155
744 745 104
745 746 114
746 747 82
747 748 2
748 749 148
749 750 196
750 751 196
751 752 53
752 753 37
753 754 60
754 755 157
755 756 195
756 757 159
757 758 53
758 759 82
759 760 61
760 761 150
761 762 103
762 763 90
763 764 59
764 765 170
765 766 8
766 767 182
767 768 80
768 769 181
769 770 173
770 771 158
771 772 132
772 773 58
773 774 78
774 775 42
775 776 175
776 777 27
777 778 175
778 779 17
779 780 42
780 781 167
781 782 42
782 783 130
783 784 50
784 785 46
785 786 130
786 787 188
787 788 126
788 789 155
789 790 131
790 791 148
791 792 16
792 793 117
793 794 45
794 795 147
795 796 177
796 797 153
797 798 31
798 799 1
799 800 108
800 801 56
801 802 177
802 803 146
803 804 116
804 805 65
805 806 105
806 807 107
807 808 25
808 809 90
809 810 47
810 811 74
811 812 102
812 813 136
813 814 100
814 815 55
815 816 158
816 817 153
817 818 29
818 819 18
819 820 197
820 821 122
821 822 86
822 823 18
823 824 19
824 825 90
825 826 153
826 827 7
827 828 35
828 829 194
829 830 29
830 831 69
831 832 114
832 833 87
833 834 27
834 835 102
835 836 26
836 837 62
837 838 148
838 839 131
839 840 150
840 841 10
841 842 87
842 843 175
843 844 40
844 845 133
845 846 79
846 847 136
847 848 14
848 849 153
849 850 16
850 851 66
851 852 68
852 853 122
853 854 2
854 855 185
855 856 114
856 857 154
857 858 150
858 859 106
859 860 54
860 861 152
861 862 85
862 863 39
863 864 197
864 865 158
865 866 160
866 867 94
867 868 178
868 869 189
869 870 10
870 871 46
871 872 57
872 873 111
873 874 10
874 875 5
875 876 181
876 877 193
877 878 61
878 879 112
879 880 77
880 881 43
881 882 152
882 883 23
883 884 150
884 885 101
885 886 59
886 887 76
887 888 114
888 889 8
889 890 16
890 891 192
891 892 22
892 893 183
893 894 75
894 895 19
895 896 17
896 897 200
897 898 172
898 899 134
899 900 56
900 901 130
901 902 183
902 903 166
903 904 110
904 905 164
905 906 37
906 907 184
907 908 145
908 909 56
909 910 35
910 911 11
911 912 64
912 913 187
913 914 176
914 915 14
915 916 24
916 917 89
917 918 61
918 919 71
919 920 158
920 921 17
921 922 60
922 923 125
923 924 70
924 925 19
925 926 187
926 927 83
927 928 82
928 929 178
929 930 146
930 931 58
931 932 199
932 933 18
933 934 135
934 935 98
935 936 129
936 937 38
937 938 51
938 939 4
939 940 15
940 941 150
941 942 86
942 943 150
943 944 81
944 945 76
945 946 189
946 947 20
947 948 182
948 949 18
949 950 116
950 951 183
951 952 26
952 953 153
953 954 30
954 955 133
955 956 188
956 957 64
957 958 113
958 959 86
959 960 101
960 961 71
961 962 127
962 963 70
963 964 188
964 965 15
965 966 86
966 967 19
967 968 39
968 969 153
969 970 49
970 971 13
971 972 36
972 973 31
973 974 16
974 975 28
975 976 126
976 977 43
977 978 99
978 979 107
979 980 59
980 981 26
981 982 44
982 983 128
983 984 18
984 985 92
985 986 193
986 987 44
987 988 114
988 989 42
989 990 105
990 991 133
991 992 125
992 993 173
993 994 70
994 995 141
995 996 155
996 997 63
997 998 192
998 999 7
999 1000 83
1000 1001 8
1001 1002 91
1002 1003 142
1003 1004 149
1004 1005 80
1005 1006 110
1006 1007 58
1007 1008 194
1008 1009 195
1009 1010 61
1010 1011 16
1011 1012 53
1012 1013 110
1013 1014 113
1014 1015 188
1015 1016 59
1016 1017 149
1017 1018 82
1018 1019 62
1019 1020 149
1020 1021 30
1021 1022 134
1022 1023 94
1023 1024 38
1024 1025 29
1025 1026 196
1026 1027 61
1027 1028 48
1028 1029 173
1029 1030 161
1030 1031 98
1031 1032 73
1032 1033 112
1033 1034 52
1034 1035 141
1035 1036 187
1036 1037 195
1037 1038 45
1038 1039 107
1039 1040 42
1040 1041 121
1041 1042 31
1042 1043 103
1043 1044 182
1044 1045 139
1045 1046 15
1046 1047 33
1047 1048 8
1048 1049 33
1049 1050 188
1050 1051 22
1051 1052 185
1052 1053 39
1053 1054 182
1054 1055 44
1055 1056 93
1056 1057 46
1057 1058 132
1058 1059 16
1059 1060 199
1060 1061 45
1061 1062 78
1062 1063 126
1063 1064 158
1064 1065 85
1065 1066 176
1066 1067 68
1067 1068 189
1068 1069 142
1069 1070 111
1070 1071 100
1071 1072 169
1072 1073 57
1073 1074 22
1074 1075 148
1075 1076 75
1076 1077 123
1077 1078 74
1078 1079 187
1079 1080 133
1080 1081 187
1081 1082 188
1082 1083 10
1083 1084 153
1084 1085 121
1085 1086 84
1086 1087 76
1087 1088 45
1088 1089 154
1089 1090 155
1090 1091 28
1091 1092 91
1092 1093 60
1093 1094 1
1094 1095 2
1095 1096 85
1096 1097 58
1097 1098 108
1098 1099 169
1099 1100 5
1100 1101 156
1101 1102 130
1102 1103 184
1103 1104 147
1104 1105 87
1105 1106 62
1106 1107 2
1107 1108 64
1108 1109 148
1109 1110 22
1110 1111 29
1111 1112 118
1112 1113 72
1113 1114 53
1114 1115 172
1115 1116 50
1116 1117 32
1117 1118 189
1118 1119 1
1119 1120 186
1120 1121 110
1121 1122 156
1122 1123 187
1123 1124 177
1124 1125 100
1125 1126 47
1126 1127 183
1127 1128 122
1128 1129 196
1129 1130 60
1130 1131 166
1131 1132 65
1132 1133 193
1133 1134 177
1134 1135 91
1135 1136 172
1136 1137 86
1137 1138 106
1138 1139 15
1139 1140 192
1140 1141 113
1141 1142 95
1142 1143 67
1143 1144 16
1144 1145 68
1145 1146 100
1146 1147 73
1147 1148 9
1148 1149 176
1149 1150 179
1150 1151 24
1151 1152 121
1152 1153 125
1153 1154 76
1154 1155 162
1155 1156 149
1156 1157 19
1157 1158 164
1158 1159 19
1159 1160 129
1160 1161 86
1161 1162 187
1162 1163 96
1163 1164 155
1164 1165 186
1165 1166 199
1166 1167 66
1167 1168 169
1168 1169 11
1169 1170 111
1170 1171 102
1171 1172 136
1172 1173 79
1173 1174 162
1174 1175 186
1175 1176 22
1176 1177 58
1177 1178 125
1178 1179 94
1179 1180 167
1180 1181 133
1181 1182 19
1182 1183 196
1183 1184 44
1184 1185 197
1185 1186 6
1186 1187 29
1187 1188 91
1188 1189 163
1189 1190 116
1190 1191 34
1191 1192 183
1192 1193 69
1193 1194 190
1194 1195 3
1195 1196 47
1196 1197 57
1197 1198 146
1198 1199 112
1199 1200 148
1200 1201 129
1201 1202 112
1202 1203 74
1203 1204 36
1204 1205 120
1205 1206 81
1206 1207 13
1207 1208 29
1208 1209 71
1209 1210 19
1210 1211 93
1211 1212 139
1212 1213 148
1213 1214 1
1214 1215 153
1215 1216 113
1216 1217 175
1217 1218 103
1218 1219 176
1219 1220 174
1220 1221 138
1221 1222 92
1222 1223 151
1223 1224 55
1224 1225 157
1225 1226 104
1226 1227 172
1227 1228 187
1228 1229 124
1229 1230 188
1230 1231 114
1231 1232 92
1232 1233 53
1233 1234 41
1234 1235 81
1235 1236 96
1236 1237 1
1237 1238 161
1238 1239 9
1239 1240 175
1240 1241 175
1241 1242 82
1242 1243 147
1243 1244 159
1244 1245 31
1245 1246 169
1246 1247 172
1247 1248 116
1248 1249 162
1249 1250 27
1250 1251 119
1251 1252 139
1252 1253 11
1253 1254 174
1254 1255 150
1255 1256 197
1256 1257 194
1257 1258 94
1258 1259 21
1259 1260 89
1260 1261 13
1261 1262 155
1262 1263 107
1263 1264 26
1264 1265 43
1265 1266 128
1266 1267 149
1267 1268 136
1268 1269 39
1269 1270 22
1270 1271 129
1271 1272 74
1272 1273 157
1273 1274 63
1274 1275 188
1275 1276 89
1276 1277 76
1277 1278 191
1278 1279 24
1279 1280 135
1280 1281 48
1281 1282 189
1282 1283 190
1283 1284 54
1284 1285 27
1285 1286 159
1286 1287 51
1287 1288 70
1288 1289 31
1289 1290 83
1290 1291 146
1291 1292 78
1292 1293 186
1293 1294 2
1294 1295 87
1295 1296 124
1296 1297 31
1297 1298 70
1298 1299 35
1299 1300 167
1300 1301 197
1301 1302 125
1302 1303 65
1303 1304 49
1304 1305 22
1305 1306 86
1306 1307 115
1307 1308 11
1308 1309 150
1309 1310 120
1310 1311 34
1311 1312 168
1312 1313 166
1313 1314 81
1314 1315 48
1315 1316 147
1316 1317 4
1317 1318 52
1318 1319 99
1319 1320 93
1320 1321 33
1321 1322 52
1322 1323 113
1323 1324 110
1324 1325 190
1325 1326 149
1326 1327 11
1327 1328 53
1328 1329 172
1329 1330 146
1330 1331 191
1331 1332 83
1332 1333 167
1333 1334 200
1334 1335 54
1335 1336 49
1336 1337 126
1337 1338 18
1338 1339 118
1339 1340 161
1340 1341 25
1341 1342 182
1342 1343 37
1343 1344 186
1344 1345 39
1345 1346 148
1346 1347 59
1347 1348 150
1348 1349 92
1349 1350 23
1350 1351 114
1351 1352 126
1352 1353 163
1353 1354 164
1354 1355 93
1355 1356 77
1356 1357 150
1357 1358 119
1358 1359 42
1359 1360 137
1360 1361 87
1361 1362 102
1362 1363 77
1363 1364 38
1364 1365 33
1365 1366 93
1366 1367 59
1367 1368 12
1368 1369 56
1369 1370 167
1370 1371 200
1371 1372 73
1372 1373 18
1373 1374 78
1374 1375 61
1375 1376 138
1376 1377 144
1377 1378 114
1378 1379 89
1379 1380 146
1380 1381 157
1381 1382 53
1382 1383 107
1383 1384 173
1384 1385 162
1385 1386 112
1386 1387 73
1387 1388 22
1388 1389 76
1389 1390 158
1390 1391 33
1391 1392 85
1392 1393 59
1393 1394 158
1394 1395 81
1395 1396 76
1396 1397 63
1397 1398 150
1398 1399 124
1399 1400 8
1400 1401 185
1401 1402 26
1402 1403 140
1403 1404 37
1404 1405 35
1405 1406 196
1406 1407 79
1407 1408 11
1408 1409 29
1409 1410 78
1410 1411 176
1411 1412 12
1412 1413 37
1413 1414 187
1414 1415 138
1415 1416 119
1416 1417 66
1417 1418 187
1418 1419 187
1419 1420 127
1420 1421 197
1421 1422 85
1422 1423 51
1423 1424 60
1424 1425 13
1425 1426 71
1426 1427 55
1427 1428 91
1428 1429 198
1429 1430 97
1430 1431 6
1431 1432 185
1432 1433 37
1433 1434 39
1434 1435 48
1435 1436 187
1436 1437 2
1437 1438 189
1438 1439 46
1439 1440 177
1440 1441 25
1441 1442 29
1442 1443 66
1443 1444 16
1444 1445 167
1445 1446 59
1446 1447 156
1447 1448 151
1448 1449 7
1449 1450 178
1450 1451 69
1451 1452 186
1452 1453 142
1453 1454 24
1454 1455 100
1455 1456 186
1456 1457 49
1457 1458 44
1458 1459 3
1459 1460 117
1460 1461 56
1461 1462 32
1462 1463 117
1463 1464 97
1464 1465 87
1465 1466 161
1466 1467 142
1467 1468 196
1468 1469 33
1469 1470 67
1470 1471 31
1471 1472 96
1472 1473 42
1473 1474 26
1474 1475 76
1475 1476 154
1476 1477 71
1477 1478 83
1478 1479 140
1479 1480 41
1480 1481 92
1481 1482 33
1482 1483 101
1483 1484 43
1484 1485 10
1485 1486 99
1486 1487 129
1487 1488 187
1488 1489 154
1489 1490 50
1490 1491 73
1491 1492 119
1492 1493 195
1493 1494 113
1494 1495 12
1495 1496 190
1496 1497 44
1497 1498 61
1498 1499 83
1499 1500 103
1500 1501 46
1501 1502 4
1502 1503 189
1503 1504 164
1504 1505 121
1505 1506 106
1506 1507 10
1507 1508 102
1508 1509 146
1509 1510 30
1510 1511 190
1511 1512 26
1512 1513 45
1513 1514 155
1514 1515 5
1515 1516 48
1516 1517 173
1517 1518 114
1518 1519 29
1519 1520 52
1520 1521 125
1521 1522 197
1522 1523 164
1523 1524 117
1524 1525 130
1525 1526 174
1526 1527 119
1527 1528 91
1528 1529 127
1529 1530 94
1530 1531 131
1531 1532 151
1532 1533 60
1533 1534 10
1534 1535 156
1535 1536 98
1536 1537 109
1537 1538 88
1538 1539 168
1539 1540 103
1540 1541 178
1541 1542 159
1542 1543 199
1543 1544 4
1544 1545 160
1545 1546 172
1546 1547 154
1547 1548 99
1548 1549 43
1549 1550 65
1550 1551 181
1551 1552 104
1552 1553 166
1553 1554 64
1554 1555 186
1555 1556 91
1556 1557 113
1557 1558 133
1558 1559 74
1559 1560 189
1560 1561 110
1561 1562 177
1562 1563 163
1563 1564 39
1564 1565 136
1565 1566 163
1566 1567 145
1567 1568 37
1568 1569 120
1569 1570 17
1570 1571 106
1571 1572 170
1572 1573 77
1573 1574 132
1574 1575 171
1575 1576 109
1576 1577 191
1577 1578 65
1578 1579 64
1579 1580 49
1580 1581 72
1581 1582 116
1582 1583 36
1583 1584 83
1584 1585 192
1585 1586 183
1586 1587 117
1587 1588 28
1588 1589 68
1589 1590 16
1590 1591 106
1591 1592 7
1592 1593 146
1593 1594 137
1594 1595 141
1595 1596 156
1596 1597 60
1597 1598 113
1598 1599 31
1599 1600 18
1600 1601 54
1601 1602 56
1602 1603 68
1603 1604 27
1604 1605 46
1605 1606 31
1606 1607 196
1607 1608 73
1608 1609 159
1609 1610 142
1610 1611 43
1611 1612 182
1612 1613 145
1613 1614 63
1614 1615 94
1615 1616 26
1616 1617 72
1617 1618 175
1618 1619 194
1619 1620 118
1620 1621 40
1621 1622 37
1622 1623 3
1623 1624 109
1624 1625 106
1625 1626 155
1626 1627 117
1627 1628 122
1628 1629 110
1629 1630 42
1630 1631 107
1631 1632 19
1632 1633 197
1633 1634 18
1634 1635 106
1635 1636 53
1636 1637 185
1637 1638 70
1638 1639 56
1639 1640 106
1640 1641 155
1641 1642 14
1642 1643 7
1643 1644 70
1644 1645 16
1645 1646 22
1646 1647 176
1647 1648 127
1648 1649 122
1649 1650 92
1650 1651 181
1651 1652 67
1652 1653 103
1653 1654 183
1654 1655 96
1655 1656 59
1656 1657 104
1657 1658 90
1658 1659 137
1659 1660 108
1660 1661 72
1661 1662 192
1662 1663 40
1663 1664 190
1664 1665 127
1665 1666 186
1666 1667 191
1667 1668 30
1668 1669 170
1669 1670 108
1670 1671 19
1671 1672 62
1672 1673 112
1673 1674 165
1674 1675 63
1675 1676 109
1676 1677 59
1677 1678 181
1678 1679 69
1679 1680 185
1680 1681 65
1681 1682 169
1682 1683 66
1683 1684 63
1684 1685 159
1685 1686 106
1686 1687 181
1687 1688 149
1688 1689 193
1689 1690 147
1690 1691 100
1691 1692 168
1692 1693 40
1693 1694 57
1694 1695 26
1695 1696 31
1696 1697 40
1697 1698 29
1698 1699 169
1699 1700 88
1700 1701 149
1701 1702 189
1702 1703 48
1703 1704 128
1704 1705 98
1705 1706 129
1706 1707 137
1707 1708 54
1708 1709 21
1709 1710 160
1710 1711 194
1711 1712 81
1712 1713 178
1713 1714 123
1714 1715 149
1715 1716 24
1716 1717 187
1717 1718 41
1718 1719 39
1719 1720 56
1720 1721 73
1721 1722 162
1722 1723 105
1723 1724 136
1724 1725 57
1725 1726 95
1726 1727 54
1727 1728 160
1728 1729 14
1729 1730 22
1730 1731 170
1731 1732 48
1732 1733 6
1733 1734 4
1734 1735 139
1735 1736 45
1736 1737 100
1737 1738 147
1738 1739 56
1739 1740 150
1740 1741 18
1741 1742 3
1742 1743 186
1743 1744 149
1744 1745 137
1745 1746 117
1746 1747 106
1747 1748 136
1748 1749 39
1749 1750 50
1750 1751 57
1751 1752 87
1752 1753 91
1753 1754 106
1754 1755 190
1755 1756 57
1756 1757 39
1757 1758 40
1758 1759 16
1759 1760 47
1760 1761 35
1761 1762 170
1762 1763 96
1763 1764 26
1764 1765 106
1765 1766 23
1766 1767 89
1767 1768 200
1768 1769 91
1769 1770 153
1770 1771 23
1771 1772 97
1772 1773 142
1773 1774 147
1774 1775 81
1775 1776 112
1776 1777 185
1777 1778 60
1778 1779 189
1779 1780 21
1780 1781 119
1781 1782 56
1782 1783 95
1783 1784 175
1784 1785 164
1785 1786 135
1786 1787 189
1787 1788 70
1788 1789 63
1789 1790 95
1790 1791 138
1791 1792 127
1792 1793 195
1793 1794 37
1794 1795 125
1795 1796 65
1796 1797 92
1797 1798 97
1798 1799 197
1799 1800 165
1800 1801 195
1801 1802 127
1802 1803 163
1803 1804 26
1804 1805 14
1805 1806 66
1806 1807 100
1807 1808 86
1808 1809 39
1809 1810 91
1810 1811 2
1811 1812 8
1812 1813 199
1813 1814 159
1814 1815 198
1815 1816 2
1816 1817 55
1817 1818 70
1818 1819 164
1819 1820 125
1820 1821 51
1821 1822 168
1822 1823 50
1823 1824 20
1824 1825 11
1825 1826 98
1826 1827 134
1827 1828 51
1828 1829 88
1829 1830 126
1830 1831 172
1831 1832 88
1832 1833 23
1833 1834 17
1834 1835 89
1835 1836 191
1836 1837 52
1837 1838 141
1838 1839 151
1839 1840 27
1840 1841 71
1841 1842 135
1842 1843 165
1843 1844 176
1844 1845 196
1845 1846 83
1846 1847 113
1847 1848 182
1848 1849 57
1849 1850 115
1850 1851 85
1851 1852 104
1852 1853 9
1853 1854 110
1854 1855 156
1855 1856 195
1856 1857 39
1857 1858 141
1858 1859 199
1859 1860 138
1860 1861 130
1861 1862 162
1862 1863 41
1863 1864 86
1864 1865 12
1865 1866 97
1866 1867 51
1867 1868 154
1868 1869 126
1869 1870 72
1870 1871 148
1871 1872 108
1872 1873 108
1873 1874 43
1874 1875 113
1875 1876 200
1876 1877 80
1877 1878 104
1878 1879 93
1879 1880 15
1880 1881 14
1881 1882 9
1882 1883 37
1883 1884 124
1884 1885 27
1885 1886 111
1886 1887 35
1887 1888 127
1888 1889 107
1889 1890 172
1890 1891 148
1891 1892 115
1892 1893 54
1893 1894 57
1894 1895 128
1895 1896 146
1896 1897 38
1897 1898 94
1898 1899 6
1899 1900 184
1900 1901 71
1901 1902 128
1902 1903 161
1903 1904 28
1904 1905 59
1905 1906 20
1906 1907 67
1907 1908 155
1908 1909 105
1909 1910 74
1910 1911 69
1911 1912 39
1912 1913 57
1913 1914 172
1914 1915 24
1915 1916 5
1916 1917 47
1917 1918 70
1918 1919 59
1919 1920 60
1920 1921 82
1921 1922 88
1922 1923 9
1923 1924 33
1924 1925 184
1925 1926 159
1926 1927 38
1927 1928 72
1928 1929 24
1929 1930 178
1930 1931 78
1931 1932 117
1932 1933 59
1933 1934 127
1934 1935 10
1935 1936 112
1936 1937 191
1937 1938 5
1938 1939 48
1939 1940 62
1940 1941 186
1941 1942 157
1942 1943 37
1943 1944 132
1944 1945 24
1945 1946 26
1946 1947 106
1947 1948 95
1948 1949 56
1949 1950 183
1950 1951 49
1951 1952 159
1952 1953 81
1953 1954 71
1954 1955 98
1955 1956 178
1956 1957 101
1957 1958 16
1958 1959 6
1959 1960 52
1960 1961 79
1961 1962 97
1962 1963 167
1963 1964 52
1964 1965 70
1965 1966 42
1966 1967 186
1967 1968 98
1968 1969 46
1969 1970 75
1970 1971 66
1971 1972 53
1972 1973 103
1973 1974 165
1974 1975 178
1975 1976 193
1976 1977 36
1977 1978 12
1978 1979 183
1979 1980 85
1980 1981 171
1981 1982 126
1982 1983 56
1983 1984 67
1984 1985 36
1985 1986 5
1986 1987 3
1987 1988 136
1988 1989 183
1989 1990 40
1990 1991 149
1991 1992 3
1992 1993 30
1993 1994 112
1994 1995 109
1995 1996 90
1996 1997 53
1997 1998 78
1998 1999 141
1999 2000 192
2000 2001 98
2001 2002 34
2002 2003 190
2003 2004 139
2004 2005 180
2005 2006 22
2006 2007 56
2007 2008 66
2008 2009 132
2009 2010 32
2010 2011 107
2011 2012 180
2012 2013 114
2013 2014 23
2014 2015 172
2015 2016 44
2016 2017 62
2017 2018 85
2018 2019 175
2019 2020 120
2020 2021 12
2021 2022 67
2022 2023 134
2023 2024 144
2024 2025 91
2025 2026 74
2026 2027 99
2027 2028 179
2028 2029 66
2029 2030 77
2030 2031 200
2031 2032 181
2032 2033 63
2033 2034 12
2034 2035 160
2035 2036 118
2036 2037 182
2037 2038 108
2038 2039 161
2039 2040 60
2040 2041 178
2041 2042 98
2042 2043 137
2043 2044 192
2044 2045 35
2045 2046 70
2046 2047 82
2047 2048 126
2048 2049 52
2049 2050 84
2050 2051 36
2051 2052 150
2052 2053 151
2053 2054 61
2054 2055 157
2055 2056 199
2056 2057 152
2057 2058 68
2058 2059 199
2059 2060 179
2060 2061 91
2061 2062 165
2062 2063 14
2063 2064 110
2064 2065 146
2065 2066 184
2066 2067 172
2067 2068 88
2068 2069 143
2069 2070 83
2070 2071 115
2071 2072 50
2072 2073 59
2073 2074 77
2074 2075 135
2075 2076 141
2076 2077 160
2077 2078 71
2078 2079 110
2079 2080 62
2080 2081 89
2081 2082 197
2082 2083 68
2083 2084 61
2084 2085 4
2085 2086 106
2086 2087 127
2087 2088 29
2088 2089 137
2089 2090 74
2090 2091 12
2091 2092 110
2092 2093 171
2093 2094 192
2094 2095 68
2095 2096 6
2096 2097 127
2097 2098 168
2098 2099 102
2099 2100 62
2100 2101 29
2101 2102 15
2102 2103 66
2103 2104 88
2104 2105 34
2105 2106 134
2106 2107 103
2107 2108 55
2108 2109 47
2109 2110 86
2110 2111 194
2111 2112 150
2112 2113 106
2113 2114 37
2114 2115 157
2115 2116 91
2116 2117 80
2117 2118 158
2118 2119 167
2119 2120 93
2120 2121 171
2121 2122 159
2122 2123 133
2123 2124 79
2124 2125 133
2125 2126 44
2126 2127 69
2127 2128 81
2128 2129 146
2129 2130 193
2130 2131 146
2131 2132 44
2132 2133 147
2133 2134 4
2134 2135 177
2135 2136 27
2136 2137 180
2137 2138 41
2138 2139 39
2139 2140 145
2140 2141 115
2141 2142 111
2142 2143 197
2143 2144 141
2144 2145 171
2145 2146 159
2146 2147 73
2147 2148 42
2148 2149 45
2149 2150 85
2150 2151 66
2151 2152 179
2152 2153 138
2153 2154 152
2154 2155 87
2155 2156 4
2156 2157 40
2157 2158 35
2158 2159 125
2159 2160 75
2160 2161 182
2161 2162 134
2162 2163 76
2163 2164 157
2164 2165 117
2165 2166 30
2166 2167 172
2167 2168 13
2168 2169 197
2169 2170 80
2170 2171 65
2171 2172 48
2172 2173 73
2173 2174 94
2174 2175 72
2175 2176 100
2176 2177 40
2177 2178 104
2178 2179 101
2179 2180 63
2180 2181 81
2181 2182 148
2182 2183 59
2183 2184 83
2184 2185 98
2185 2186 16
2186 2187 87
2187 2188 135
2188 2189 5
2189 2190 163
2190 2191 81
2191 2192 73
2192 2193 120
2193 2194 67
2194 2195 183
2195 2196 23
2196 2197 199
2197 2198 50
2198 2199 24
2199 2200 100
2200 2201 40
2201 2202 194
2202 2203 106
2203 2204 144
2204 2205 187
2205 2206 39
2206 2207 41
2207 2208 9
2208 2209 164
2209 2210 100
2210 2211 69
2211 2212 165
2212 2213 78
2213 2214 77
2214 2215 190
2215 2216 90
2216 2217 54
2217 2218 123
2218 2219 103
2219 2220 156
2220 2221 105
2221 2222 175
2222 2223 172
2223 2224 21
2224 2225 67
2225 2226 70
2226 2227 1
2227 2228 84
2228 2229 29
2229 2230 50
2230 2231 192
2231 2232 60
2232 2233 34
2233 2234 1
2234 2235 142
2235 2236 172
2236 2237 38
2237 2238 62
2238 2239 19
2239 2240 31
2240 2241 4
2241 2242 86
2242 2243 109
2243 2244 10
2244 2245 90
2245 2246 165
2246 2247 64
2247 2248 147
2248 2249 147
2249 2250 135
2250 2251 188
2251 2252 17
2252 2253 153
2253 2254 106
2254 2255 90
2255 2256 14
2256 2257 156
2257 2258 40
2258 2259 60
2259 2260 24
2260 2261 28
2261 2262 19
2262 2263 153
2263 2264 143
2264 2265 55
2265 2266 17
2266 2267 73
2267 2268 50
2268 2269 119
2269 2270 71
2270 2271 107
2271 2272 146
2272 2273 99
2273 2274 162
2274 2275 121
2275 2276 112
2276 2277 16
2277 2278 168
2278 2279 92
2279 2280 178
2280 2281 148
2281 2282 53
2282 2283 146
2283 2284 88
2284 2285 8
2285 2286 10
2286 2287 184
2287 2288 173
2288 2289 95
2289 2290 103
2290 2291 77
2291 2292 129
2292 2293 191
2293 2294 161
2294 2295 86
2295 2296 59
2296 2297 186
2297 2298 47
2298 2299 39
2299 2300 28
2300 2301 113
2301 2302 142
2302 2303 108
2303 2304 119
2304 2305 190
2305 2306 133
2306 2307 189
2307 2308 36
2308 2309 93
2309 2310 43
2310 2311 151
2311 2312 100
2312 2313 23
2313 2314 124
2314 2315 109
2315 2316 166
2316 2317 58
2317 2318 98
2318 2319 194
2319 2320 112
2320 2321 160
2321 2322 143
2322 2323 137
2323 2324 2
2324 2325 9
2325 2326 89
2326 2327 107
2327 2328 124
2328 2329 200
2329 2330 79
2330 2331 60
2331 2332 135
2332 2333 40
2333 2334 184
2334 2335 35
2335 2336 121
2336 2337 193
2337 2338 51
2338 2339 124
2339 2340 154
2340 2341 83
2341 2342 192
2342 2343 196
2343 2344 131
2344 2345 53
2345 2346 117
2346 2347 8
2347 2348 39
2348 2349 139
2349 2350 21
2350 2351 91
2351 2352 34
2352 2353 34
2353 2354 12
2354 2355 122
2355 2356 22
2356 2357 200
2357 2358 45
2358 2359 93
2359 2360 124
2360 2361 173
2361 2362 148
2362 2363 92
2363 2364 127
2364 2365 48
2365 2366 199
2366 2367 147
2367 2368 196
2368 2369 48
2369 2370 143
2370 2371 68
2371 2372 182
2372 2373 152
2373 2374 36
2374 2375 159
2375 2376 86
2376 2377 69
2377 2378 79
2378 2379 97
2379 2380 47
2380 2381 15
2381 2382 17
2382 2383 95
2383 2384 199
2384 2385 129
2385 2386 80
2386 2387 21
2387 2388 82
2388 2389 127
2389 2390 67
2390 2391 159
2391 2392 41
2392 2393 148
2393 2394 90
2394 2395 186
2395 2396 127
2396 2397 141
2397 2398 112
2398 2399 200
2399 2400 124
2400 2401 46
2401 2402 141
2402 2403 79
2403 2404 91
2404 2405 190
2405 2406 108
2406 2407 69
2407 2408 126
2408 2409 49
2409 2410 171
2410 2411 131
2411 2412 73
2412 2413 154
2413 2414 97
2414 2415 2
2415 2416 68
2416 2417 115
2417 2418 2
2418 2419 134
2419 2420 114
2420 2421 99
2421 2422 29
2422 2423 29
2423 2424 102
2424 2425 162
2425 2426 102
2426 2427 132
2427 2428 101
2428 2429 68
2429 2430 120
2430 2431 199
2431 2432 86
2432 2433 183
2433 2434 186
2434 2435 27
2435 2436 102
2436 2437 51
2437 2438 58
2438 2439 122
2439 2440 169
2440 2441 126
2441 2442 56
2442 2443 193
2443 2444 10
2444 2445 73
2445 2446 185
2446 2447 177
2447 2448 20
2448 2449 130
2449 2450 124
2450 2451 25
2451 2452 113
2452 2453 166
2453 2454 112
2454 2455 68
2455 2456 127
2456 2457 11
2457 2458 52
2458 2459 132
2459 2460 139
2460 2461 55
2461 2462 97
2462 2463 51
2463 2464 69
2464 2465 169
2465 2466 50
2466 2467 114
2467 2468 91
2468 2469 106
2469 2470 148
2470 2471 72
2471 2472 42
2472 2473 159
2473 2474 144
2474 2475 120
2475 2476 158
2476 2477 150
2477 2478 69
2478 2479 64
2479 2480 163
2480 2481 91
2481 2482 114
2482 2483 1
2483 2484 180
2484 2485 78
2485 2486 73
2486 2487 88
2487 2488 169
2488 2489 162
2489 2490 103
2490 2491 24
2491 2492 174
2492 2493 44
2493 2494 72
2494 2495 33
2495 2496 69
2496 2497 166
2497 2498 72
2498 2499 113
2499 2500 30
2500 2501 167
2501 2502 188
2502 2503 77
2503 2504 197
2504 2505 65
2505 2506 167
2506 2507 85
2507 2508 17
2508 2509 39
2509 2510 145
2510 2511 122
2511 2512 37
2512 2513 145
2513 2514 25
2514 2515 188
2515 2516 72
2516 2517 5
2517 2518 171
2518 2519 76
2519 2520 199
2520 2521 124
2521 2522 124
2522 2523 90
2523 2524 193
2524 2525 46
2525 2526 114
2526 2527 100
2527 2528 3
2528 2529 171
2529 2530 17
2530 2531 180
2531 2532 50
2532 2533 47
2533 2534 128
2534 2535 157
2535 2536 174
2536 2537 160
2537 2538 178
2538 2539 74
2539 2540 191
2540 2541 87
2541 2542 113
2542 2543 11
2543 2544 87
2544 2545 65
2545 2546 84
2546 2547 156
2547 2548 174
2548 2549 113
2549 2550 105
2550 2551 156
2551 2552 109
2552 2553 108
2553 2554 6
2554 2555 95
2555 2556 2
2556 2557 161
2557 2558 185
2558 2559 104
2559 2560 146
2560 2561 131
2561 2562 144
2562 2563 71
2563 2564 85
2564 2565 20
2565 2566 35
2566 2567 107
2567 2568 170
2568 2569 15
2569 2570 125
2570 2571 164
2571 2572 139
2572 2573 194
2573 2574 81
2574 2575 63
2575 2576 124
2576 2577 135
2577 2578 72
2578 2579 23
2579 2580 125
2580 2581 141
2581 2582 161
2582 2583 52
2583 2584 143
2584 2585 56
2585 2586 114
2586 2587 35
2587 2588 67
2588 2589 169
2589 2590 107
2590 2591 26
2591 2592 86
2592 2593 59
2593 2594 2
2594 2595 158
2595 2596 17
2596 2597 76
2597 2598 120
2598 2599 131
2599 2600 12
2600 2601 36
2601 2602 43
2602 2603 63
2603 2604 50
2604 2605 197
2605 2606 61
2606 2607 195
2607 2608 176
2608 2609 30
2609 2610 17
2610 2611 143
2611 2612 160
2612 2613 6
2613 2614 13
2614 2615 1
2615 2616 130
2616 2617 82
2617 2618 171
2618 2619 146
2619 2620 121
2620 2621 115
2621 2622 138
2622 2623 93
2623 2624 115
2624 2625 175
2625 2626 34
2626 2627 173
2627 2628 194
2628 2629 74
2629 2630 117
2630 2631 178
2631 2632 73
2632 2633 72
2633 2634 24
2634 2635 183
2635 2636 152
2636 2637 74
2637 2638 25
2638 2639 179
2639 2640 24
2640 2641 147
2641 2642 82
2642 2643 18
2643 2644 162
2644 2645 46
2645 2646 187
2646 2647 7
2647 2648 145
2648 2649 110
2649 2650 70
2650 2651 72
2651 2652 48
2652 2653 41
2653 2654 124
2654 2655 62
2655 2656 174
2656 2657 138
2657 2658 149
2658 2659 72
2659 2660 118
2660 2661 130
2661 2662 189
2662 2663 139
2663 2664 19
2664 2665 26
2665 2666 9
2666 2667 184
2667 2668 153
2668 2669 39
2669 2670 113
2670 2671 170
2671 2672 14
2672 2673 66
2673 2674 72
2674 2675 154
2675 2676 136
2676 2677 187
2677 2678 22
2678 2679 57
2679 2680 72
2680 2681 169
2681 2682 6
2682 2683 161
2683 2684 12
2684 2685 1
2685 2686 155
2686 2687 104
2687 2688 82
2688 2689 89
2689 2690 70
2690 2691 66
2691 2692 95
2692 2693 72
2693 2694 3
2694 2695 155
2695 2696 168
2696 2697 100
2697 2698 106
2698 2699 198
2699 2700 8
2700 2701 54
2701 2702 89
2702 2703 116
2703 2704 17
2704 2705 158
2705 2706 30
2706 2707 92
2707 2708 182
2708 2709 111
2709 2710 105
2710 2711 163
2711 2712 44
2712 2713 71
2713 2714 136
2714 2715 161
2715 2716 48
2716 2717 118
2717 2718 189
2718 2719 200
2719 2720 179
2720 2721 48
2721 2722 194
2722 2723 121
2723 2724 3
2724 2725 72
2725 2726 181
2726 2727 196
2727 2728 147
2728 2729 58
2729 2730 78
2730 2731 124
2731 2732 27
2732 2733 21
2733 2734 93
2734 2735 78
2735 2736 2
2736 2737 4
2737 2738 8
2738 2739 172
2739 2740 95
2740 2741 136
2741 2742 50
2742 2743 82
2743 2744 47
2744 2745 108
2745 2746 144
2746 2747 139
2747 2748 121
2748 2749 132
2749 2750 133
2750 2751 177
2751 2752 102
2752 2753 66
2753 2754 13
2754 2755 135
2755 2756 172
2756 2757 46
2757 2758 110
2758 2759 173
2759 2760 161
2760 2761 162
2761 2762 10
2762 2763 8
2763 2764 156
2764 2765 159
2765 2766 161
2766 2767 163
2767 2768 71
2768 2769 168
2769 2770 20
2770 2771 78
2771 2772 9
2772 2773 1
2773 2774 52
2774 2775 97
2775 2776 88
2776 2777 75
2777 2778 121
2778 2779 149
2779 2780 99
2780 2781 191
2781 2782 158
2782 2783 111
2783 2784 69
2784 2785 36
2785 2786 114
2786 2787 170
2787 2788 158
2788 2789 111
2789 2790 90
2790 2791 96
2791 2792 148
2792 2793 6
2793 2794 137
2794 2795 84
2795 2796 144
2796 2797 89
2797 2798 81
2798 2799 127
2799 2800 155
2800 2801 109
2801 2802 11
2802 2803 174
2803 2804 126
2804 2805 62
2805 2806 67
2806 2807 180
2807 2808 72
2808 2809 73
2809 2810 55
2810 2811 33
2811 2812 2
2812 2813 19
2813 2814 54
2814 2815 118
2815 2816 55
2816 2817 162
2817 2818 141
2818 2819 76
2819 2820 127
2820 2821 142
2821 2822 28
2822 2823 161
2823 2824 115
2824 2825 162
2825 2826 120
2826 2827 62
2827 2828 138
2828 2829 21
2829 2830 57
2830 2831 47
2831 2832 162
2832 2833 200
2833 2834 140
2834 2835 159
2835 2836 91
2836 2837 4
2837 2838 43
2838 2839 80
2839 2840 61
2840 2841 129
2841 2842 31
2842 2843 172
2843 2844 73
2844 2845 45
2845 2846 64
2846 2847 132
2847 2848 5
2848 2849 167
2849 2850 115
2850 2851 106
2851 2852 73
2852 2853 79
2853 2854 130
2854 2855 172
2855 2856 191
2856 2857 156
2857 2858 162
2858 2859 64
2859 2860 16
2860 2861 161
2861 2862 78
2862 2863 54
2863 2864 144
2864 2865 61
2865 2866 48
2866 2867 15
2867 2868 91
2868 2869 93
2869 2870 24
2870 2871 24
2871 2872 34
2872 2873 144
2873 2874 93
2874 2875 107
2875 2876 110
2876 2877 199
2877 2878 32
2878 2879 186
2879 2880 21
2880 2881 32
2881 2882 48
2882 2883 80
2883 2884 57
2884 2885 102
2885 2886 191
2886 2887 198
2887 2888 181
2888 2889 182
2889 2890 36
2890 2891 23
2891 2892 92
2892 2893 71
2893 2894 34
2894 2895 185
2895 2896 66
2896 2897 175
2897 2898 150
2898 2899 24
2899 2900 52
2900 2901 63
2901 2902 30
2902 2903 1
2903 2904 19
2904 2905 10
2905 2906 116
2906 2907 8
2907 2908 115
2908 2909 23
2909 2910 105
2910 2911 150
2911 2912 18
2912 2913 168
2913 2914 191
2914 2915 98
2915 2916 171
2916 2917 103
2917 2918 167
2918 2919 75
2919 2920 66
2920 2921 92
2921 2922 49
2922 2923 15
2923 2924 107
2924 2925 53
2925 2926 34
2926 2927 155
2927 2928 187
2928 2929 155
2929 2930 120
2930 2931 144
2931 2932 64
2932 2933 132
2933 2934 184
2934 2935 158
2935 2936 92
2936 2937 19
2937 2938 192
2938 2939 40
2939 2940 20
2940 2941 144
2941 2942 161
2942 2943 35
2943 2944 40
2944 2945 117
2945 2946 20
2946 2947 36
2947 2948 187
2948 2949 198
2949 2950 118
2950 2951 69
2951 2952 161
2952 2953 52
2953 2954 6
2954 2955 156
2955 2956 160
2956 2957 14
2957 2958 179
2958 2959 145
2959 2960 104
2960 2961 44
2961 2962 26
2962 2963 177
2963 2964 60
2964 2965 10
2965 2966 12
2966 2967 131
2967 2968 138
2968 2969 166
2969 2970 127
2970 2971 55
2971 2972 183
2972 2973 14
2973 2974 51
2974 2975 174
2975 2976 171
2976 2977 72
2977 2978 93
2978 2979 42
2979 2980 108
2980 2981 88
2981 2982 64
2982 2983 163
2983 2984 79
2984 2985 39
2985 2986 39
2986 2987 50
2987 2988 1
2988 2989 94
2989 2990 79
2990 2991 46
2991 2992 195
2992 2993 24
2993 2994 145
2994 2995 112
2995 2996 68
2996 2997 28
2997 2998 133
2998 2999 141
2999 3000 184
3000 3001 55
3001 3002 34
3002 3003 169
3003 3004 94
3004 3005 117
3005 3006 187
3006 3007 90
3007 3008 48
3008 3009 152
3009 3010 3
3010 3011 136
3011 3012 76
3012 3013 111
3013 3014 121
3014 3015 134
3015 3016 143
3016 3017 124
3017 3018 6
3018 3019 21
3019 3020 176
3020 3021 146
3021 3022 91
3022 3023 182
3023 3024 194
3024 3025 88
3025 3026 56
3026 3027 66
3027 3028 4
3028 3029 63
3029 3030 176
3030 3031 16
3031 3032 131
3032 3033 20
3033 3034 128
3034 3035 1
3035 3036 55
3036 3037 90
3037 3038 173
3038 3039 84
3039 3040 162
3040 3041 135
3041 3042 21
3042 3043 185
3043 3044 125
3044 3045 1
3045 3046 197
3046 3047 156
3047 3048 61
3048 3049 109
3049 3050 122
3050 3051 73
3051 3052 138
3052 3053 108
3053 3054 76
3054 3055 6
3055 3056 96
3056 3057 3
3057 3058 92
3058 3059 73
3059 3060 151
3060 3061 197
3061 3062 79
3062 3063 126
3063 3064 133
3064 3065 111
3065 3066 122
3066 3067 69
3067 3068 180
3068 3069 103
3069 3070 173
3070 3071 15
3071 3072 61
3072 3073 130
3073 3074 44
3074 3075 51
3075 3076 131
3076 3077 33
3077 3078 168
3078 3079 9
3079 3080 85
3080 3081 111
3081 3082 5
3082 3083 121
3083 3084 99
3084 3085 106
3085 3086 196
3086 3087 81
3087 3088 90
3088 3089 163
3089 3090 169
3090 3091 114
3091 3092 138
3092 3093 92
3093 3094 31
3094 3095 165
3095 3096 60
3096 3097 165
3097 3098 143
3098 3099 200
3099 3100 105
3100 3101 114
3101 3102 167
3102 3103 39
3103 3104 54
3104 3105 141
3105 3106 111
3106 3107 192
3107 3108 124
3108 3109 171
3109 3110 118
3110 3111 95
3111 3112 4
3112 3113 134
3113 3114 99
3114 3115 107
3115 3116 159
3116 3117 167
3117 3118 177
3118 3119 67
3119 3120 3
3120 3121 29
3121 3122 186
3122 3123 105
3123 3124 193
3124 3125 174
3125 3126 188
3126 3127 81
3127 3128 195
3128 3129 153
3129 3130 16
3130 3131 61
3131 3132 44
3132 3133 190
3133 3134 47
3134 3135 153
3135 3136 104
3136 3137 131
3137 3138 47
3138 3139 165
3139 3140 82
3140 3141 60
3141 3142 108
3142 3143 21
3143 3144 100
3144 3145 29
3145 3146 178
3146 3147 81
3147 3148 17
3148 3149 23
3149 3150 157
3150 3151 97
3151 3152 95
3152 3153 181
3153 3154 59
3154 3155 137
3155 3156 136
3156 3157 33
3157 3158 74
3158 3159 133
3159 3160 87
3160 3161 192
3161 3162 188
3162 3163 193
3163 3164 167
3164 3165 119
3165 3166 1
3166 3167 192
3167 3168 167
3168 3169 113
3169 3170 51
3170 3171 159
3171 3172 98
3172 3173 158
3173 3174 100
3174 3175 28
3175 3176 52
3176 3177 185
3177 3178 51
3178 3179 8
3179 3180 166
3180 3181 142
3181 3182 150
3182 3183 87
3183 3184 18
3184 3185 182
3185 3186 50
3186 3187 144
3187 3188 58
3188 3189 64
3189 3190 13
3190 3191 37
3191 3192 131
3192 3193 38
3193 3194 36
3194 3195 121
3195 3196 199
3196 3197 25
3197 3198 145
3198 3199 128
3199 3200 48
3200 3201 114
3201 3202 85
3202 3203 80
3203 3204 120
3204 3205 31
3205 3206 67
3206 3207 106
3207 3208 45
3208 3209 13
3209 3210 180
3210 3211 21
3211 3212 66
3212 3213 184
3213 3214 55
3214 3215 191
3215 3216 129
3216 3217 133
3217 3218 184
3218 3219 145
3219 3220 157
3220 3221 87
3221 3222 1
3222 3223 70
3223 3224 155
3224 3225 198
3225 3226 79
3226 3227 15
3227 3228 48
3228 3229 121
3229 3230 27
3230 3231 126
3231 3232 21
3232 3233 35
3233 3234 145
3234 3235 189
3235 3236 72
3236 3237 25
3237 3238 69
3238 3239 139
3239 3240 189
3240 3241 167
3241 3242 25
3242 3243 114
3243 3244 97
3244 3245 34
3245 3246 115
3246 3247 152
3247 3248 127
3248 3249 5
3249 3250 107
3250 3251 79
3251 3252 27
3252 3253 59
3253 3254 59
3254 3255 43
3255 3256 27
3256 3257 29
3257 3258 183
3258 3259 120
3259 3260 126
3260 3261 129
3261 3262 187
3262 3263 54
3263 3264 76
3264 3265 24
3265 3266 28
3266 3267 66
3267 3268 45
3268 3269 146
3269 3270 198
3270 3271 138
3271 3272 31
3272 3273 96
3273 3274 149
3274 3275 4
3275 3276 103
3276 3277 110
3277 3278 32
3278 3279 91
3279 3280 176
3280 3281 91
3281 3282 111
3282 3283 167
3283 3284 169
3284 3285 110
3285 3286 149
3286 3287 73
3287 3288 72
3288 3289 95
3289 3290 8
3290 3291 200
3291 3292 116
3292 3293 79
3293 3294 149
3294 3295 194
3295 3296 49
3296 3297 189
3297 3298 1
3298 3299 91
3299 3300 165
3300 3301 181
3301 3302 35
3302 3303 59
3303 3304 71
3304 3305 135
3305 3306 77
3306 3307 175
3307 3308 151
3308 3309 106
3309 3310 137
3310 3311 86
3311 3312 168
3312 3313 27
3313 3314 143
3314 3315 158
3315 3316 66
3316 3317 70
3317 3318 116
3318 3319 187
3319 3320 109
3320 3321 159
3321 3322 47
3322 3323 51
3323 3324 47
3324 3325 110
3325 3326 46
3326 3327 65
3327 3328 46
3328 3329 101
3329 3330 37
3330 3331 43
3331 3332 138
3332 3333 175
3333 3334 198
3334 3335 154
3335 3336 145
3336 3337 38
3337 3338 44
3338 3339 191
3339 3340 46
3340 3341 57
3341 3342 97
3342 3343 45
3343 3344 12
3344 3345 168
3345 3346 96
3346 3347 102
3347 3348 12
3348 3349 174
3349 3350 21
3350 3351 37
3351 3352 62
3352 3353 194
3353 3354 72
3354 3355 157
3355 3356 35
3356 3357 194
3357 3358 152
3358 3359 84
3359 3360 129
3360 3361 100
3361 3362 28
3362 3363 80
3363 3364 113
3364 3365 34
3365 3366 141
3366 3367 173
3367 3368 90
3368 3369 194
3369 3370 95
3370 3371 143
3371 3372 96
3372 3373 79
3373 3374 46
3374 3375 170
3375 3376 111
3376 3377 55
3377 3378 125
3378 3379 12
3379 3380 105
3380 3381 114
3381 3382 178
3382 3383 164
3383 3384 167
3384 3385 28
3385 3386 62
3386 3387 41
3387 3388 196
3388 3389 15
3389 3390 184
3390 3391 1
3391 3392 77
3392 3393 120
3393 3394 57
3394 3395 117
3395 3396 29
3396 3397 100
3397 3398 34
3398 3399 165
3399 3400 85
3400 3401 182
3401 3402 129
3402 3403 61
3403 3404 137
3404 3405 96
3405 3406 43
3406 3407 67
3407 3408 133
3408 3409 124
3409 3410 155
3410 3411 108
3411 3412 166
3412 3413 46
3413 3414 65
3414 3415 51
3415 3416 117
3416 3417 96
3417 3418 117
3418 3419 197
3419 3420 182
3420 3421 129
3421 3422 106
3422 3423 76
3423 3424 119
3424 3425 99
3425 3426 41
3426 3427 45
3427 3428 140
3428 3429 47
3429 3430 162
3430 3431 56
3431 3432 23
3432 3433 152
3433 3434 7
3434 3435 20
3435 3436 68
3436 3437 88
3437 3438 156
3438 3439 84
3439 3440 147
3440 3441 19
3441 3442 46
3442 3443 34
3443 3444 7
3444 3445 174
3445 3446 180
3446 3447 182
3447 3448 155
3448 3449 83
3449 3450 3
3450 3451 164
3451 3452 68
3452 3453 124
3453 3454 163
3454 3455 159
3455 3456 138
3456 3457 122
3457 3458 191
3458 3459 166
3459 3460 96
3460 3461 1
3461 3462 138
3462 3463 41
3463 3464 2
3464 3465 161
3465 3466 188
3466 3467 191
3467 3468 190
3468 3469 12
3469 3470 173
3470 3471 160
3471 3472 164
3472 3473 167
3473 3474 64
3474 3475 122
3475 3476 159
3476 3477 71
3477 3478 120
3478 3479 42
3479 3480 93
3480 3481 137
3481 3482 41
3482 3483 137
3483 3484 147
3484 3485 45
3485 3486 165
3486 3487 185
3487 3488 154
3488 3489 192
3489 3490 135
3490 3491 130
3491 3492 118
3492 3493 77
3493 3494 148
3494 3495 109
3495 3496 20
3496 3497 88
3497 3498 77
3498 3499 164
3499 3500 99
3500 3501 63
3501 3502 145
3502 3503 148
3503 3504 196
3504 3505 188
3505 3506 16
3506 3507 24
3507 3508 84
3508 3509 171
3509 3510 146
3510 3511 67
3511 3512 144
3512 3513 197
3513 3514 37
3514 3515 65
3515 3516 143
3516 3517 159
3517 3518 150
3518 3519 155
3519 3520 11
3520 3521 178
3521 3522 22
3522 3523 118
3523 3524 49
3524 3525 79
3525 3526 6
3526 3527 7
3527 3528 161
3528 3529 127
3529 3530 22
3530 3531 45
3531 3532 135
3532 3533 148
3533 3534 46
3534 3535 90
3535 3536 159
3536 3537 176
3537 3538 112
3538 3539 135
3539 3540 112
3540 3541 120
3541 3542 20
3542 3543 196
3543 3544 15
3544 3545 108
3545 3546 75
3546 3547 153
3547 3548 140
3548 3549 38
3549 3550 192
3550 3551 99
3551 3552 161
3552 3553 52
3553 3554 120
3554 3555 22
3555 3556 111
3556 3557 4
3557 3558 34
3558 3559 3
3559 3560 139
3560 3561 131
3561 3562 98
3562 3563 127
3563 3564 46
3564 3565 153
3565 3566 119
3566 3567 33
3567 3568 162
3568 3569 157
3569 3570 76
3570 3571 149
3571 3572 144
3572 3573 129
3573 3574 60
3574 3575 169
3575 3576 182
3576 3577 10
3577 3578 22
3578 3579 11
3579 3580 133
3580 3581 14
3581 3582 48
3582 3583 157
3583 3584 153
3584 3585 97
3585 3586 8
3586 3587 62
3587 3588 114
3588 3589 62
3589 3590 14
3590 3591 110
3591 3592 8
3592 3593 135
3593 3594 5
3594 3595 190
3595 3596 147
3596 3597 178
3597 3598 184
3598 3599 178
3599 3600 24
3600 3601 128
3601 3602 65
3602 3603 84
3603 3604 7
3604 3605 50
3605 3606 173
3606 3607 62
3607 3608 57
3608 3609 34
3609 3610 3
3610 3611 4
3611 3612 8
3612 3613 99
3613 3614 91
3614 3615 44
3615 3616 142
3616 3617 158
3617 3618 163
3618 3619 162
3619 3620 7
3620 3621 35
3621 3622 109
3622 3623 12
3623 3624 3
3624 3625 64
3625 3626 52
3626 3627 30
3627 3628 195
3628 3629 137
3629 3630 53
3630 3631 35
3631 3632 77
3632 3633 12
3633 3634 131
3634 3635 162
3635 3636 75
3636 3637 183
3637 3638 26
3638 3639 1
3639 3640 189
3640 3641 1
3641 3642 173
3642 3643 80
3643 3644 71
3644 3645 97
3645 3646 187
3646 3647 156
3647 3648 85
3648 3649 111
3649 3650 28
3650 3651 142
3651 3652 42
3652 3653 94
3653 3654 50
3654 3655 167
3655 3656 160
3656 3657 42
3657 3658 195
3658 3659 155
3659 3660 58
3660 3661 75
3661 3662 82
3662 3663 8
3663 3664 110
3664 3665 110
3665 3666 5
3666 3667 97
3667 3668 14
3668 3669 133
3669 3670 65
3670 3671 171
3671 3672 125
3672 3673 162
3673 3674 113
3674 3675 123
3675 3676 158
3676 3677 181
3677 3678 54
3678 3679 89
3679 3680 96
3680 3681 167
3681 3682 144
3682 3683 54
3683 3684 135
3684 3685 27
3685 3686 155
3686 3687 118
3687 3688 4
3688 3689 160
3689 3690 181
3690 3691 169
3691 3692 60
3692 3693 165
3693 3694 83
3694 3695 116
3695 3696 182
3696 3697 154
3697 3698 171
3698 3699 134
3699 3700 21
3700 3701 78
3701 3702 29
3702 3703 34
3703 3704 85
3704 3705 98
3705 3706 75
3706 3707 185
3707 3708 75
3708 3709 170
3709 3710 23
3710 3711 88
3711 3712 181
3712 3713 163
3713 3714 51
3714 3715 197
3715 3716 113
3716 3717 78
3717 3718 99
3718 3719 34
3719 3720 42
3720 3721 119
3721 3722 119
3722 3723 20
3723 3724 12
3724 3725 170
3725 3726 92
3726 3727 83
3727 3728 97
3728 3729 147
3729 3730 163
3730 3731 61
3731 3732 92
3732 3733 40
3733 3734 41
3734 3735 193
3735 3736 10
3736 3737 61
3737 3738 101
3738 3739 53
3739 3740 24
3740 3741 84
3741 3742 17
3742 3743 141
3743 3744 136
3744 3745 175
3745 3746 192
3746 3747 49
3747 3748 29
3748 3749 51
3749 3750 37
3750 3751 17
3751 3752 198
3752 3753 123
3753 3754 180
3754 3755 127
3755 3756 16
3756 3757 150
3757 3758 130
3758 3759 137
3759 3760 179
3760 3761 150
3761 3762 86
3762 3763 154
3763 3764 86
3764 3765 182
3765 3766 3
3766 3767 197
3767 3768 159
3768 3769 119
3769 3770 142
3770 3771 5
3771 3772 35
3772 3773 167
3773 3774 98
3774 3775 83
3775 3776 27
3776 3777 14
3777 3778 163
3778 3779 76
3779 3780 71
3780 3781 142
3781 3782 103
3782 3783 62
3783 3784 4
3784 3785 31
3785 3786 160
3786 3787 200
3787 3788 154
3788 3789 85
3789 3790 119
3790 3791 20
3791 3792 17
3792 3793 55
3793 3794 82
3794 3795 153
3795 3796 81
3796 3797 84
3797 3798 182
3798 3799 145
3799 3800 192
3800 3801 195
3801 3802 96
3802 3803 11
3803 3804 37
3804 3805 199
3805 3806 29
3806 3807 86
3807 3808 188
3808 3809 109
3809 3810 49
3810 3811 44
3811 3812 171
3812 3813 140
3813 3814 172
3814 3815 70
3815 3816 65
3816 3817 192
3817 3818 33
3818 3819 49
3819 3820 118
3820 3821 35
3821 3822 200
3822 3823 181
3823 3824 158
3824 3825 161
3825 3826 115
3826 3827 126
3827 3828 95
3828 3829 70
3829 3830 78
3830 3831 145
3831 3832 17
3832 3833 62
3833 3834 95
3834 3835 165
3835 3836 29
3836 3837 120
3837 3838 29
3838 3839 139
3839 3840 38
3840 3841 8
3841 3842 53
3842 3843 67
3843 3844 5
3844 3845 200
3845 3846 16
3846 3847 92
3847 3848 88
3848 3849 66
3849 3850 112
3850 3851 64
3851 3852 10
3852 3853 12
3853 3854 113
3854 3855 122
3855 3856 118
3856 3857 41
3857 3858 84
3858 3859 165
3859 3860 181
3860 3861 40
3861 3862 191
3862 3863 170
3863 3864 127
3864 3865 139
3865 3866 32
3866 3867 61
3867 3868 30
3868 3869 110
3869 3870 184
3870 3871 141
3871 3872 77
3872 3873 74
3873 3874 29
3874 3875 118
3875 3876 64
3876 3877 85
3877 3878 95
3878 3879 157
3879 3880 102
3880 3881 120
3881 3882 188
3882 3883 175
3883 3884 168
3884 3885 53
3885 3886 54
3886 3887 118
3887 3888 109
3888 3889 186
3889 3890 130
3890 3891 1
3891 3892 14
3892 3893 119
3893 3894 77
3894 3895 95
3895 3896 37
3896 3897 119
3897 3898 103
3898 3899 200
3899 3900 91
3900 3901 46
3901 3902 81
3902 3903 176
3903 3904 46
3904 3905 200
3905 3906 178
3906 3907 169
3907 3908 57
3908 3909 138
3909 3910 149
3910 3911 44
3911 3912 157
3912 3913 39
3913 3914 198
3914 3915 139
3915 3916 46
3916 3917 41
3917 3918 108
3918 3919 198
3919 3920 104
3920 3921 26
3921 3922 1
3922 3923 72
3923 3924 168
3924 3925 61
3925 3926 155
3926 3927 165
3927 3928 15
3928 3929 30
3929 3930 7
3930 3931 146
3931 3932 89
3932 3933 67
3933 3934 76
3934 3935 129
3935 3936 12
3936 3937 14
3937 3938 74
3938 3939 72
3939 3940 20
3940 3941 8
3941 3942 142
3942 3943 165
3943 3944 195
3944 3945 91
3945 3946 13
3946 3947 96
3947 3948 102
3948 3949 131
3949 3950 69
3950 3951 149
3951 3952 34
3952 3953 155
3953 3954 115
3954 3955 4
3955 3956 133
3956 3957 160
3957 3958 23
3958 3959 63
3959 3960 90
3960 3961 148
3961 3962 173
3962 3963 63
3963 3964 164
3964 3965 49
3965 3966 180
3966 3967 68
3967 3968 83
3968 3969 103
3969 3970 57
3970 3971 103
3971 3972 77
3972 3973 164
3973 3974 142
3974 3975 29
3975 3976 99
3976 3977 103
3977 3978 99
3978 3979 106
3979 3980 132
3980 3981 89
3981 3982 126
3982 3983 23
3983 3984 128
3984 3985 129
3985 3986 7
3986 3987 35
3987 3988 2
3988 3989 123
3989 3990 172
3990 3991 89
3991 3992 64
3992 3993 164
3993 3994 76
3994 3995 187
3995 3996 119
3996 3997 164
3997 3998 95
3998 3999 59
3999 4000 32
4000 4001 32
4001 4002 74
4002 4003 138
4003 4004 199
4004 4005 27
4005 4006 1
4006 4007 175
4007 4008 178
4008 4009 168
4009 4010 196
4010 4011 13
4011 4012 78
4012 4013 15
4013 4014 132
4014 4015 137
4015 4016 28
4016 4017 145
4017 4018 23
4018 4019 175
4019 4020 75
4020 4021 194
4021 4022 174
4022 4023 120
4023 4024 160
4024 4025 99
4025 4026 128
4026 4027 154
4027 4028 80
4028 4029 176
4029 4030 176
4030 4031 116
4031 4032 150
4032 4033 132
4033 4034 18
4034 4035 20
4035 4036 63
4036 4037 159
4037 4038 179
4038 4039 168
4039 4040 26
4040 4041 26
4041 4042 189
4042 4043 181
4043 4044 70
4044 4045 23
4045 4046 89
4046 4047 63
4047 4048 52
4048 4049 111
4049 4050 191
4050 4051 181
4051 4052 116
4052 4053 161
4053 4054 113
4054 4055 120
4055 4056 51
4056 4057 12
4057 4058 127
4058 4059 40
4059 4060 33
4060 4061 138
4061 4062 3
4062 4063 171
4063 4064 73
4064 4065 129
4065 4066 100
4066 4067 35
4067 4068 17
4068 4069 102
4069 4070 168
4070 4071 59
4071 4072 153
4072 4073 200
4073 4074 82
4074 4075 62
4075 4076 1
4076 4077 95
4077 4078 35
4078 4079 139
4079 4080 115
4080 4081 15
4081 4082 132
4082 4083 137
4083 4084 40
4084 4085 77
4085 4086 98
4086 4087 59
4087 4088 151
4088 4089 68
4089 4090 170
4090 4091 65
4091 4092 87
4092 4093 4
4093 4094 164
4094 4095 27
4095 4096 125
4096 4097 184
4097 4098 77
4098 4099 18
4099 4100 185
4100 4101 3
4101 4102 52
4102 4103 180
4103 4104 107
4104 4105 167
4105 4106 102
4106 4107 179
4107 4108 83
4108 4109 153
4109 4110 116
4110 4111 20
4111 4112 174
4112 4113 28
4113 4114 18
4114 4115 143
4115 4116 92
4116 4117 144
4117 4118 139
4118 4119 80
4119 4120 78
4120 4121 47
4121 4122 16
4122 4123 168
4123 4124 86
4124 4125 68
4125 4126 63
4126 4127 40
4127 4128 143
4128 4129 48
4129 4130 152
4130 4131 116
4131 4132 75
4132 4133 90
4133 4134 123
4134 4135 48
4135 4136 58
4136 4137 194
4137 4138 37
4138 4139 2
4139 4140 176
4140 4141 67
4141 4142 138
4142 4143 59
4143 4144 64
4144 4145 75
4145 4146 68
4146 4147 59
4147 4148 148
4148 4149 56
4149 4150 137
4150 4151 136
4151 4152 23
4152 4153 56
4153 4154 26
4154 4155 27
4155 4156 161
4156 4157 13
4157 4158 128
4158 4159 39
4159 4160 105
4160 4161 107
4161 4162 42
4162 4163 86
4163 4164 146
4164 4165 104
4165 4166 137
4166 4167 170
4167 4168 84
4168 4169 95
4169 4170 84
4170 4171 77
4171 4172 67
4172 4173 32
4173 4174 39
4174 4175 38
4175 4176 157
4176 4177 7
4177 4178 102
4178 4179 57
4179 4180 36
4180 4181 88
4181 4182 184
4182 4183 17
4183 4184 187
4184 4185 36
4185 4186 55
4186 4187 124
4187 4188 38
4188 4189 107
4189 4190 195
4190 4191 99
4191 4192 10
4192 4193 190
4193 4194 166
4194 4195 141
4195 4196 123
4196 4197 55
4197 4198 162
4198 4199 15
4199 4200 60
4200 4201 40
4201 4202 127
4202 4203 162
4203 4204 161
4204 4205 84
4205 4206 193
4206 4207 144
4207 4208 81
4208 4209 110
4209 4210 197
4210 4211 36
4211 4212 7
4212 4213 76
4213 4214 108
4214 4215 142
4215 4216 136
4216 4217 135
4217 4218 49
4218 4219 32
4219 4220 15
4220 4221 98
4221 4222 92
4222 4223 185
4223 4224 43
4224 4225 141
4225 4226 33
4226 4227 195
4227 4228 90
4228 4229 149
4229 4230 82
4230 4231 146
4231 4232 39
4232 4233 81
4233 4234 33
4234 4235 51
4235 4236 62
4236 4237 131
4237 4238 186
4238 4239 118
4239 4240 81
4240 4241 121
4241 4242 109
4242 4243 82
4243 4244 75
4244 4245 200
4245 4246 193
4246 4247 68
4247 4248 81
4248 4249 44
4249 4250 172
4250 4251 156
4251 4252 17
4252 4253 46
4253 4254 15
4254 4255 172
4255 4256 2
4256 4257 131
4257 4258 134
4258 4259 149
4259 4260 75
4260 4261 92
4261 4262 190
4262 4263 7
4263 4264 7
4264 4265 199
4265 4266 38
4266 4267 61
4267 4268 190
4268 4269 26
4269 4270 176
4270 4271 27
4271 4272 168
4272 4273 23
4273 4274 25
4274 4275 94
4275 4276 170
4276 4277 200
4277 4278 188
4278 4279 182
4279 4280 98
4280 4281 184
4281 4282 125
4282 4283 154
4283 4284 15
4284 4285 180
4285 4286 32
4286 4287 48
4287 4288 58
4288 4289 132
4289 4290 154
4290 4291 15
4291 4292 137
4292 4293 106
4293 4294 120
4294 4295 83
4295 4296 130
4296 4297 38
4297 4298 84
4298 4299 116
4299 4300 21
4300 4301 51
4301 4302 22
4302 4303 92
4303 4304 50
4304 4305 194
4305 4306 158
4306 4307 171
4307 4308 153
4308 4309 121
4309 4310 191
4310 4311 1
4311 4312 104
4312 4313 39
4313 4314 183
4314 4315 103
4315 4316 55
4316 4317 23
4317 4318 180
4318 4319 58
4319 4320 119
4320 4321 110
4321 4322 145
4322 4323 5
4323 4324 1
4324 4325 122
4325 4326 37
4326 4327 49
4327 4328 148
4328 4329 26
4329 4330 44
4330 4331 76
4331 4332 62
4332 4333 92
4333 4334 191
4334 4335 140
4335 4336 139
4336 4337 31
4337 4338 103
4338 4339 190
4339 4340 43
4340 4341 189
4341 4342 87
4342 4343 24
4343 4344 94
4344 4345 188
4345 4346 103
4346 4347 143
4347 4348 27
4348 4349 74
4349 4350 5
4350 4351 93
4351 4352 150
4352 4353 43
4353 4354 182
4354 4355 186
4355 4356 103
4356 4357 97
4357 4358 122
4358 4359 158
4359 4360 183
4360 4361 94
4361 4362 117
4362 4363 81
4363 4364 158
4364 4365 184
4365 4366 1
4366 4367 119
4367 4368 64
4368 4369 97
4369 4370 89
4370 4371 163
4371 4372 158
4372 4373 138
4373 4374 185
4374 4375 159
4375 4376 56
4376 4377 36
4377 4378 73
4378 4379 125
4379 4380 176
4380 4381 19
4381 4382 192
4382 4383 54
4383 4384 162
4384 4385 176
4385 4386 69
4386 4387 156
4387 4388 111
4388 4389 193
4389 4390 81
4390 4391 109
4391 4392 49
4392 4393 119
4393 4394 96
4394 4395 79
4395 4396 81
4396 4397 91
4397 4398 175
4398 4399 34
4399 4400 44
4400 4401 133
4401 4402 103
4402 4403 183
4403 4404 12
4404 4405 91
4405 4406 119
4406 4407 187
4407 4408 50
4408 4409 195
4409 4410 88
4410 4411 79
4411 4412 162
4412 4413 37
4413 4414 33
4414 4415 200
4415 4416 87
4416 4417 24
4417 4418 75
4418 4419 102
4419 4420 29
4420 4421 184
4421 4422 135
4422 4423 51
4423 4424 157
4424 4425 56
4425 4426 68
4426 4427 169
4427 4428 147
4428 4429 97
4429 4430 141
4430 4431 40
4431 4432 59
4432 4433 127
4433 4434 198
4434 4435 36
4435 4436 42
4436 4437 12
4437 4438 14
4438 4439 175
4439 4440 185
4440 4441 172
4441 4442 184
4442 4443 88
4443 4444 108
4444 4445 189
4445 4446 173
4446 4447 63
4447 4448 113
4448 4449 104
4449 4450 28
4450 4451 147
4451 4452 172
4452 4453 88
4453 4454 121
4454 4455 178
4455 4456 39
4456 4457 14
4457 4458 115
4458 4459 141
4459 4460 15
4460 4461 103
4461 4462 78
4462 4463 166
4463 4464 58
4464 4465 75
4465 4466 65
4466 4467 167
4467 4468 124
4468 4469 50
4469 4470 195
4470 4471 136
4471 4472 192
4472 4473 36
4473 4474 31
4474 4475 187
4475 4476 44
4476 4477 109
4477 4478 166
4478 4479 112
4479 4480 149
4480 4481 20
4481 4482 35
4482 4483 160
4483 4484 113
4484 4485 159
4485 4486 17
4486 4487 49
4487 4488 52
4488 4489 61
4489 4490 65
4490 4491 53
4491 4492 34
4492 4493 167
4493 4494 192
4494 4495 39
4495 4496 44
4496 4497 84
4497 4498 69
4498 4499 163
4499 4500 69
4500 4501 7
4501 4502 120
4502 4503 145
4503 4504 180
4504 4505 167
4505 4506 134
4506 4507 110
4507 4508 148
4508 4509 27
4509 4510 1
4510 4511 126
4511 4512 198
4512 4513 8
4513 4514 109
4514 4515 42
4515 4516 64
4516 4517 160
4517 4518 37
4518 4519 153
4519 4520 63
4520 4521 120
4521 4522 155
4522 4523 191
4523 4524 80
4524 4525 103
4525 4526 46
4526 4527 191
4527 4528 45
4528 4529 62
4529 4530 78
4530 4531 70
4531 4532 83
4532 4533 65
4533 4534 107
4534 4535 134
4535 4536 191
4536 4537 112
4537 4538 51
4538 4539 163
4539 4540 25
4540 4541 82
4541 4542 83
4542 4543 110
4543 4544 80
4544 4545 119
4545 4546 29
4546 4547 123
4547 4548 21
4548 4549 55
4549 4550 95
4550 4551 113
4551 4552 12
4552 4553 4
4553 4554 164
4554 4555 141
4555 4556 125
4556 4557 138
4557 4558 140
4558 4559 123
4559 4560 73
4560 4561 167
4561 4562 95
4562 4563 99
4563 4564 168
4564 4565 50
4565 4566 30
4566 4567 164
4567 4568 87
4568 4569 36
4569 4570 74
4570 4571 111
4571 4572 38
4572 4573 125
4573 4574 38
4574 4575 27
4575 4576 88
4576 4577 133
4577 4578 47
4578 4579 32
4579 4580 140
4580 4581 169
4581 4582 93
4582 4583 50
4583 4584 96
4584 4585 29
4585 4586 25
4586 4587 196
4587 4588 53
4588 4589 148
4589 4590 14
4590 4591 134
4591 4592 13
4592 4593 177
4593 4594 60
4594 4595 157
4595 4596 169
4596 4597 32
4597 4598 15
4598 4599 110
4599 4600 135
4600 4601 135
4601 4602 110
4602 4603 166
4603 4604 177
4604 4605 171
4605 4606 24
4606 4607 177
4607 4608 9
4608 4609 8
4609 4610 89
4610 4611 141
4611 4612 40
4612 4613 120
4613 4614 25
4614 4615 170
4615 4616 46
4616 4617 175
4617 4618 158
4618 4619 136
4619 4620 67
4620 4621 33
4621 4622 56
4622 4623 173
4623 4624 156
4624 4625 80
4625 4626 34
4626 4627 114
4627 4628 97
4628 4629 126
4629 4630 153
4630 4631 129
4631 4632 180
4632 4633 20
4633 4634 132
4634 4635 101
4635 4636 20
4636 4637 21
4637 4638 115
4638 4639 85
4639 4640 31
4640 4641 2
4641 4642 133
4642 4643 126
4643 4644 78
4644 4645 130
4645 4646 9
4646 4647 156
4647 4648 114
4648 4649 29
4649 4650 78
4650 4651 37
4651 4652 36
4652 4653 61
4653 4654 126
4654 4655 51
4655 4656 2
4656 4657 26
4657 4658 117
4658 4659 52
4659 4660 54
4660 4661 81
4661 4662 151
4662 4663 192
4663 4664 56
4664 4665 192
4665 4666 95
4666 4667 70
4667 4668 196
4668 4669 56
4669 4670 85
4670 4671 138
4671 4672 38
4672 4673 71
4673 4674 55
4674 4675 191
4675 4676 58
4676 4677 194
4677 4678 176
4678 4679 157
4679 4680 112
4680 4681 59
4681 4682 85
4682 4683 55
4683 4684 4
4684 4685 189
4685 4686 12
4686 4687 180
4687 4688 156
4688 4689 105
4689 4690 192
4690 4691 144
4691 4692 178
4692 4693 67
4693 4694 175
4694 4695 95
4695 4696 97
4696 4697 70
4697 4698 100
4698 4699 149
4699 4700 85
4700 4701 25
4701 4702 24
4702 4703 133
4703 4704 83
4704 4705 125
4705 4706 52
4706 4707 124
4707 4708 39
4708 4709 179
4709 4710 97
4710 4711 16
4711 4712 45
4712 4713 191
4713 4714 200
4714 4715 178
4715 4716 7
4716 4717 11
4717 4718 54
4718 4719 117
4719 4720 165
4720 4721 137
4721 4722 143
4722 4723 171
4723 4724 90
4724 4725 178
4725 4726 68
4726 4727 43
4727 4728 27
4728 4729 116
4729 4730 79
4730 4731 32
4731 4732 58
4732 4733 26
4733 4734 106
4734 4735 17
4735 4736 73
4736 4737 118
4737 4738 199
4738 4739 64
4739 4740 107
4740 4741 4
4741 4742 66
4742 4743 74
4743 4744 164
4744 4745 51
4745 4746 67
4746 4747 114
4747 4748 192
4748 4749 141
4749 4750 112
4750 4751 178
4751 4752 73
4752 4753 184
4753 4754 71
4754 4755 7
4755 4756 130
4756 4757 128
4757 4758 193
4758 4759 103
4759 4760 96
4760 4761 107
4761 4762 138
4762 4763 42
4763 4764 185
4764 4765 137
4765 4766 77
4766 4767 146
4767 4768 124
4768 4769 22
4769 4770 125
4770 4771 145
4771 4772 88
4772 4773 158
4773 4774 158
4774 4775 118
4775 4776 57
4776 4777 12
4777 4778 33
4778 4779 155
4779 4780 44
4780 4781 166
4781 4782 134
4782 4783 125
4783 4784 28
4784 4785 176
4785 4786 12
4786 4787 113
4787 4788 109
4788 4789 91
4789 4790 132
4790 4791 128
4791 4792 62
4792 4793 66
4793 4794 172
4794 4795 166
4795 4796 196
4796 4797 153
4797 4798 151
4798 4799 141
4799 4800 97
4800 4801 139
4801 4802 97
4802 4803 193
4803 4804 11
4804 4805 30
4805 4806 65
4806 4807 8
4807 4808 56
4808 4809 69
4809 4810 95
4810 4811 160
4811 4812 128
4812 4813 82
4813 4814 36
4814 4815 12
4815 4816 163
4816 4817 109
4817 4818 17
4818 4819 29
4819 4820 33
4820 4821 94
4821 4822 88
4822 4823 113
4823 4824 104
4824 4825 131
4825 4826 159
4826 4827 34
4827 4828 176
4828 4829 110
4829 4830 179
4830 4831 93
4831 4832 51
4832 4833 63
4833 4834 80
4834 4835 22
4835 4836 72
4836 4837 137
4837 4838 190
4838 4839 45
4839 4840 86
4840 4841 11
4841 4842 128
4842 4843 119
4843 4844 61
4844 4845 93
4845 4846 167
4846 4847 99
4847 4848 9
4848 4849 165
4849 4850 187
4850 4851 126
4851 4852 80
4852 4853 133
4853 4854 49
4854 4855 166
4855 4856 186
4856 4857 27
4857 4858 7
4858 4859 136
4859 4860 33
4860 4861 5
4861 4862 172
4862 4863 127
4863 4864 22
4864 4865 174
4865 4866 166
4866 4867 162
4867 4868 98
4868 4869 170
4869 4870 67
4870 4871 168
4871 4872 22
4872 4873 58
4873 4874 33
4874 4875 90
4875 4876 186
4876 4877 20
4877 4878 145
4878 4879 133
4879 4880 58
4880 4881 186
4881 4882 45
4882 4883 130
4883 4884 39
4884 4885 85
4885 4886 115
4886 4887 156
4887 4888 1
4888 4889 149
4889 4890 137
4890 4891 126
4891 4892 10
4892 4893 40
4893 4894 104
4894 4895 30
4895 4896 166
4896 4897 158
4897 4898 54
4898 4899 98
4899 4900 71
4900 4901 132
4901 4902 59
4902 4903 93
4903 4904 4
4904 4905 109
4905 4906 109
4906 4907 14
4907 4908 97
4908 4909 193
4909 4910 127
4910 4911 6
4911 4912 138
4912 4913 80
4913 4914 100
4914 4915 124
4915 4916 130
4916 4917 88
4917 4918 17
4918 4919 78
4919 4920 168
4920 4921 119
4921 4922 177
4922 4923 62
4923 4924 144
4924 4925 37
4925 4926 106
4926 4927 111
4927 4928 184
4928 4929 48
4929 4930 172
4930 4931 194
4931 4932 129
4932 4933 22
4933 4934 10
4934 4935 81
4935 4936 197
4936 4937 73
4937 4938 41
4938 4939 111
4939 4940 176
4940 4941 114
4941 4942 45
4942 4943 155
4943 4944 150
4944 4945 197
4945 4946 67
4946 4947 183
4947 4948 4
4948 4949 76
4949 4950 65
4950 4951 97
4951 4952 155
4952 4953 170
4953 4954 178
4954 4955 45
4955 4956 79
4956 4957 47
4957 4958 198
4958 4959 133
4959 4960 111
4960 4961 171
4961 4962 197
4962 4963 6
4963 4964 44
4964 4965 113
4965 4966 188
4966 4967 48
4967 4968 60
4968 4969 9
4969 4970 136
4970 4971 185
4971 4972 32
4972 4973 66
4973 4974 184
4974 4975 55
4975 4976 57
4976 4977 98
4977 4978 39
4978 4979 9
4979 4980 90
4980 4981 123
4981 4982 38
4982 4983 64
4983 4984 159
4984 4985 61
4985 4986 81
4986 4987 127
4987 4988 51
4988 4989 146
4989 4990 168
4990 4991 196
4991 4992 135
4992 4993 49
4993 4994 197
4994 4995 58
4995 4996 182
4996 4997 130
4997 4998 125
4998 4999 148
4668 1650 95
1327 103 165
417 4061 40
589 1531 116
1727 546 188
4055 3014 154
2104 1487 96
4841 2978 169
771 846 95
1089 1721 78
4400 1915 36
1776 1401 80
2258 2534 192
3084 4812 163
4444 4532 34
3662 2398 171
2398 3669 38
4363 2312 83
2476 2878 91
4144 303 121
1914 2198 28
3664 3589 87
3035 380 156
1811 3414 152
893 4917 182
551 1411 20
2762 439 27
3075 1741 95
2218 3240 121
4849 4430 194
258 292 158
1498 3577 193
3757 810 65
2082 3311 177
2888 3576 134
4554 2219 98
4088 3707 52
3751 3383 41
4217 339 2
1568 4522 111
811 894 45
1224 2510 5
4798 3759 144
3109 3461 5
3426 207 12
3957 3217 5
3129 187 166
1468 2102 58
4808 2608 89
1752 3001 102
4966 2632 103
3722 4312 128
1656 4568 87
663 2024 103
3830 2496 17
1070 1105 27
1956 1432 62
4820 1262 177
2565 998 50
2462 2627 64
2310 395 161
2196 4626 172
3643 3366 26
83 1149 136
4827 2943 167
1096 4540 137
24 2322 99
2697 1072 152
1503 405 150
660 2582 152
4017 1190 140
2158 140 94
171 74 1
3121 2651 16
560 3536 141
2869 649 195
2251 4161 187
129 1607 189
1784 4728 133
3726 338 39
3956 3495 109
4295 957 19
2806 240 183
4470 2676 14
3955 4274 18
2376 3847 13
92 2896 146
3566 3637 197
4184 2221 154
3658 4920 152
2704 2633 31
4001 4032 24
4344 2939 148
4552 981 82
275 268 197
1782 4541 132
681 703 124
4983 4266 26
380 3934 169
2160 2238 92
776 2301 181
3432 2905 91
2650 434 169
2118 661 58
2494 944 145
3739 604 82
872 2628 182
667 3641 132
1209 1592 99
4180 4715 9
2548 597 9
2698 2400 177
2095 2150 182
4364 4624 174
3249 2576 14
750 255 150
133 2062 104
1583 2647 60
4843 3176 13
3053 2589 90
485 2202 55
2382 2460 173
137 148 143
2352 1022 146
3805 3182 76
1400 172 185
2109 512 141
4994 276 66
148 1372 21
4426 2749 7
3376 3409 132
4953 49 65
511 862 53
1344 265 22
401 2589 28
540 4687 31
2201 1274 47
2159 149 56
4508 1101 192
2698 4545 134
4345 4910 71
4625 4400 27
2824 4056 87
3532 4651 194
3653 1385 162
4028 3078 36
1450 2005 48
1992 1349 38
4771 363 69
4255 3836 58
4957 660 188
2729 3821 61
3808 3801 137
4914 4917 107
1507 1074 53
2903 147 130
1146 2335 143
3601 1619 174
2630 3552 125
4480 798 157
263 4796 94
4805 4185 85
4624 4791 145
57 492 75
1792 340 74
3496 2741 69
2010 1418 147
4893 176 128
4864 221 23
586 3042 101
3344 4503 54
4576 733 164
1165 4897 196
4861 1467 112
1225 1324 139
31 671 151
3945 4916 11
409 1987 65
1477 4322 43
2238 401 138
858 4698 197
2461 4761 1
1559 4505 133
4806 4370 99
4333 4087 195
1700 4297 102
4179 3576 94
2442 1496 173
4345 4379 64
1615 349 187
2402 1823 169
1494 1824 82
3287 929 171
3796 1378 15
2225 2027 115
1605 3868 22
4175 4876 80
1035 3622 60
4984 3669 105
868 3019 130
1893 2846 39
761 447 110
2806 128 37
1679 3672 25
2755 3597 45
4675 3239 117
1931 4709 106
839 2665 3
1399 803 54
4257 2827 143
2502 588 64
2325 552 172
820 1969 157
4508 722 158
1141 2018 3
1119 439 104
4631 2984 179
4574 3074 171
1652 1434 70
3197 3100 117
3183 4702 187
3901 3486 29
1309 721 188
2048 4045 29
3335 3840 175
1676 3980 49
3814 2802 71
1071 733 159
2592 3033 148
3822 3115 111
304 1706 57
998 4461 64
4047 4679 89
3847 936 22
1204 793 120
484 783 92
1109 4469 150
208 201 140
2401 287 166
1768 2940 195
373 3257 63
583 3810 132
1185 3447 149
409 4822 121
2967 2547 64
4026 3180 69
51 386 66
2000 608 87
1811 624 51
270 430 93
4522 763 128
1812 666 32
3529 3730 85
2168 3411 136
2698 2714 164
417 4529 1
2972 1685 72
79 4827 24
3227 4463 161
2036 3619 72
2399 3224 1
4580 4013 65
2063 1454 81
2382 521 128
3832 3701 154
1560 3210 25
1109 4865 172
3507 1606 22
152 1749 187
4312 2172 2
857 974 85
2600 2540 131
4644 4924 114
4143 2588 52
1411 2742 86
3078 4607 46
4214 53 98
2912 3459 154
117 4975 21
1998 4193 109
1148 4307 96
1415 3104 105
3529 1520 184
874 1005 137
4281 3325 57
1796 3320 120
3679 1622 28
1205 176 19
2402 2724 72
99 3619 87
4804 352 164
4896 3802 119
3984 2508 196
3026 2915 128
3550 3011 164
4128 251 75
252 1012 22
2936 919 20
846 674 108
1296 921 20
2273 4490 73
2654 845 171
1701 2631 1
4080 894 38
2450 2934 122
3877 389 138
2511 4270 158
96 2566 78
1996 890 128
2005 2290 177
4806 4380 18
4396 4415 142
3310 3781 94
4685 3388 177
4629 1684 67
381 810 148
1629 1123 67
332 3512 185
2038 498 72
1640 463 127
4692 4073 36
2611 48 187
3662 2278 44
4830 4789 199
927 873 159
4780 2703 94
3636 3751 126
1609 999 184
4880 3783 41
4355 4788 66
329 3121 61
335 1179 123
3426 4271 42
1856 4559 90
2882 3132 71
878 3836 57
1787 1789 189
1782 4154 138
3082 1067 194
4731 1600 109
2343 111 124
2371 2966 126
299 1238 60
1231 365 197
1055 1130 144
228 4446 76
3731 285 53
3383 53 149
1367 3046 184
1829 80 175
948 4265 60
2968 3056 120
3598 2440 95
235 3735 71
4420 168 78
4036 857 28
4072 1060 40
2421 3141 33
3772 1789 35
1781 3042 25
3248 3924 134
613 205 119
4844 498 82
3276 2425 77
4577 704 125
1735 2959 77
4028 4603 132
549 612 168
4826 547 45
1148 4285 145
1398 1352 54
2842 2145 199
4017 3391 189
2023 4922 149
4800 3311 23
218 3247 103
456 2094 68
1761 4657 84
1286 804 129
4125 4257 128
4477 2293 146
474 4323 101
3124 4606 180
998 1554 3
4997 3541 55
1399 2794 8
82 4736 142
4917 1362 194
2392 4400 131
515 2466 67
4217 1529 87
3558 3390 155
3231 1190 146
1827 3335 128
1691 2136 152
3451 1935 112
2648 3442 131
2706 1313 183
3278 2671 43
1162 4938 54
1916 1309 191
1941 403 82
481 491 149
131 4333 120
1120 4926 12
3796 4579 162
872 1277 159
4473 1953 192
3912 4292 92
2527 107 141
1547 2208 196
643 1116 57
4817 4313 152
2361 3622 153
4124 23 84
3184 1494 164
1045 260 14
2515 4622 88
2077 2739 55
116 2932 117
2873 3962 90
3183 2489 41
616 1879 5
74 322 113
921 4712 58
160 404 113
1656 2760 74
2527 3641 135
2405 625 194
923 4712 83
2190 3348 7
472 4632 192
1325 1064 30
2428 288 42
831 13 59
32 2936 85
3927 4961 199
3111 1612 144
1553 2730 168
3737 1968 171
1857 3770 125
4225 279 179
2493 4683 41
3910 3144 69
1025 3680 3
2900 3572 181
4150 1376 176
2553 2962 62
2537 840 137
1723 719 166
4096 3909 22
3639 1363 90
1384 597 91
1600 4167 103
604 1539 147
3821 4911 48
2955 4920 111
4679 1586 140
121 237 21
2038 4979 70
3659 1000 13
3582 4512 6
2982 710 86
1459 2740 34
2751 2246 23
1061 3841 116
4034 2013 29
311 821 136
1018 1068 88
2844 594 117
1653 1540 38
2853 4551 173
183 2906 162
2213 2713 171
4608 4074 109
4808 1442 47
2824 190 136
615 3746 7
3591 4355 196
1686 3481 158
1573 3119 76
340 2914 147
1559 1401 70
1512 578 27
1081 2645 73
4432 1272 25
1179 2777 116
4490 51 196
641 1168 88
502 219 159
2577 573 77
2514 2576 42
3589 4371 8
2385 1134 29
619 3017 170
4824 201 15
4289 187 71
4204 1992 108
1752 596 62
3282 1137 199
3700 409 126
4431 4952 19
1617 590 165
3234 2363 177
2319 297 177
3262 4109 185
3032 4145 51
1989 4270 187
57 4958 60
1583 2547 81
2475 4741 77
4626 3183 88
663 1619 2
1817 1329 78
3655 4339 108
4484 886 46
1385 711 152
4148 3711 115
4871 518 84
1589 1881 32
2582 4765 63
1065 4741 150
2077 1297 165
3385 1845 125
3857 2070 183
382 46 114
4120 986 57
139 4196 4
853 3333 40
1813 2802 183
2052 1009 155
1750 4768 181
4427 2518 26
675 3595 104
1032 2700 49
99 1310 69
2132 3891 92
409 1335 191
4913 1179 144
1339 4839 45
4914 1700 19
2416 3804 40
4597 179 69
3706 2697 31
2664 3673 128
574 513 200
1818 3873 51
1079 4707 142
4626 2574 13
1279 3825 97
2501 2749 143
2459 2885 34
175 4875 33
4274 1082 100
1911 1160 145
2365 3934 13
2418 4406 39
642 4923 154
4467 36 78
3550 336 29
2951 4119 70
3965 2636 64
4235 3110 112
743 2054 182
4802 3591 154
2900 670 30
1456 4939 6
3645 726 163
2723 4613 48
4136 1051 196
4192 3709 119
373 2979 97
926 1653 63
4430 1104 72
1922 552 193
4840 4658 192
2991 4886 99
231 551 135
1198 2269 48
4982 4708 15
305 4527 43
894 977 7
3793 4226 194
3175 4164 107
119 3590 26
4494 480 5
2109 1452 118
355 2527 189
2019 431 147
1000 4938 193
2270 506 36
3199 3233 37
2740 4789 151
4927 3576 4
4247 2392 8
4961 4247 6
3933 4407 33
3456 1230 178
371 3277 112
1930 4639 71
632 1481 41
2409 717 41
3064 4986 141
4655 4252 83
2329 4492 110
1356 1164 37
3655 4064 189
3147 4166 95
1293 3212 76
3064 4037 38
983 1876 54
610 2655 126
2147 3253 38
2029 3307 80
4159 1625 63
3630 4368 138
3987 642 198
2058 2217 70
3459 802 168
2975 3947 104
1386 1851 32
1445 574 43
558 2386 1
242 2675 153
3656 2930 197
2950 1332 118
2518 75 80
1616 1526 33
24 2066 27
2153 3271 72
3518 768 11
401 2851 78
4582 1403 155
2854 1737 68
2102 1527 157
1036 4303 168
4382 4909 99
535 3996 91
1933 2735 149
3381 2585 111
1353 3608 74
2101 3041 34
4879 3473 58
1546 1198 157
1002 484 75
4327 3597 42
3531 638 67
1315 112 41
4806 1339 56
3609 3667 10
4811 3085 170
4237 2519 141
4154 1153 200
3661 3163 196
159 712 152
4882 2770 196
982 1668 157
4624 322 170
339 202 123
3040 3992 44
551 3996 109
1707 3251 108
2413 2823 3
4067 1640 12
3289 4393 121
2573 467 81
1644 3456 188
1026 655 130
4587 3173 82
2114 3051 158
4499 1433 14
4882 4752 109
4100 2774 64
2963 573 182
868 841 111
3089 2198 66
4076 1033 188
345 528 23
3936 1685 10
634 4389 44
4629 2381 198
2679 3912 134
3859 4211 1
4969 175 13
4143 4394 41
1315 2951 24
604 2646 125
2603 4531 4
1402 261 179
224 2904 189
3947 2578 165
4277 33 98
3662 3483 26
2932 4473 50
236 2774 60
3902 2089 85
3214 3990 176
913 3527 18
2384 105 93
2867 4202 31
1491 4583 136
2674 813 17
3036 2138 178
2566 4118 4
1957 4873 9
1988 2047 55
4881 664 58
2667 4747 71
3235 1176 111
599 2179 20
4123 4051 160
4160 1477 121
3019 3604 170
2448 2782 37
374 1077 56
4039 4023 37
549 796 71
2916 3451 122
1339 3601 76
3114 761 131
2137 1786 91
3219 4424 34
4041 1887 131
315 4557 78
3417 704 126
2574 2579 78
3854 2369 155
1150 3042 156
2673 1758 188
3110 4218 86
4389 933 181
1452 4218 90
1282 2096 120
3747 3831 34
1723 4983 182
4846 2527 170
3598 2351 74
2478 1649 104
923 1354 175
323 4848 194
997 4187 88
2388 31 46
2648 395 17
1176 4843 194
2213 1251 161
216 1704 179
3200 2650 99
2850 3163 74
1360 1187 188
3651 3654 40
334 2206 32
3010 865 21
4599 1224 48
3603 3232 30
3001 356 145
1669 2303 174
180 1113 30
4277 3382 99
568 2548 114
182 1568 182
893 2396 121
3249 2830 38
4912 2648 136
2353 2940 55
748 1771 86
1929 2381 100
1877 874 47
2878 2648 168
4627 963 119
4260 2889 101
4708 858 193
1111 2506 38
3300 2048 137
1773 1443 127
4642 1041 74
3703 1531 107
86 288 150
2044 2266 157
1190 3612 160
3048 2110 166
3452 4585 86
4798 2330 68
1122 3368 15
2760 3493 135
1559 4553 7
3374 290 20
247 4310 34
1777 2780 85
3499 1209 4
3287 2405 135
3286 4028 14
3866 462 190
3023 3462 146
1196 640 176
3692 4888 153
4630 3668 91
3709 3813 78
3479 3626 82
3150 1305 47
1456 444 157
977 3424 19
4610 3522 195
506 3388 44
2969 3582 159
3198 2947 136
4454 4929 68
2583 4993 197
1976 913 114
331 2421 191
3822 119 79
2891 1080 32
4380 3469 103
1445 1765 168
223 1003 36
3178 3427 108
799 2099 45
318 1218 92
2846 916 17
1240 3320 155
849 0 176
4322 3005 174
4398 804 180
1236 2347 20
3959 1376 81
4546 4222 21
1693 2516 104
285 2911 164
2351 4909 80
1649 2249 69
4161 4818 161
3113 1631 92
706 2471 67
787 1868 11
3573 1943 61
4737 4190 141
4343 1349 82
1333 79 64
4266 4029 129
3033 3559 111
4295 858 65
720 463 6
628 365 123
3291 249 114
3065 860 32
943 1664 78
3290 102 90
3428 3403 179
723 3047 67
327 175 155
1281 1121 143
439 2024 120
3962 1823 177
3221 3592 160
134 840 120
590 3671 78
1992 394 3
3947 1953 164
1879 1727 81
2943 4394 110
704 2924 68
3356 2091 6
2221 2827 190
700 2888 16
3880 637 191
2790 4041 172
375 262 7
2363 4170 32
4043 2422 113
2207 2344 158
4230 2924 193
501 2871 53
4977 4617 84
3296 35 120
2913 1391 55
2147 2156 48
3436 151 102
4998 3176 125
324 3638 35
2986 2980 112
4649 4739 28
335 2955 79
3762 4852 157
1272 4815 51
4664 2340 14
3488 695 188
1917 1245 69
1031 3163 153
313 4361 160
3021 4131 108
1510 2011 183
871 3236 19
5 310 17
2690 3656 85
4709 870 195
729 3841 9
2965 2603 69
4526 3596 167
1262 594 174
3974 4868 168
3554 76 186
3303 3891 28
2918 3457 194
1862 2662 129
193 1891 41
767 1915 144
2049 601 175
1533 909 38
82 2298 43
494 4505 128
4065 3960 179
2193 3402 47
3724 4717 21
521 3556 110
750 1531 156
4399 3340 155
391 757 10
648 4676 168
2525 790 192
2644 59 26
1863 4120 147
1253 1712 48
1078 1037 142
3976 4634 142
114 4052 189
4543 4491 183
3838 2529 45
2293 2508 193
2037 52 56
3822 474 139
1533 2222 150
4429 3698 122
1176 3290 16
3112 3131 56
2965 2025 111
2898 4878 193
2580 3850 98
1586 1204 4
2456 79 70
4575 3847 49
2445 4616 132
3699 190 99
37 3680 62
4125 2586 12
3993 600 185
3210 1157 42
927 4609 146
817 4969 82
4067 3716 32
3727 2886 167
4794 2696 29
4281 723 163
4030 4323 161
2022 2900 54
1267 994 11
2350 1352 12
3282 2613 11
1223 1168 167
3035 4848 200
3635 2519 126
4901 2324 157
2403 3333 19
3056 2800 114
3548 1814 57
3609 901 23
3784 1956 166
4904 4760 115
3099 317 119
4013 1932 67
4061 650 118
1042 901 104
4749 767 12
3042 3942 110
2905 3283 107
1019 1193 144
41 903 19
1987 2113 181
2221 737 96
2794 3258 27
2849 4075 132
1032 4126 159
4170 47 30
1889 4126 128
2658 287 74
424 815 189
1933 1523 40
4905 2452 162
5 3553 80
3763 1660 48
3790 852 17
4785 878 96
73 2053 162
1288 4144 183
2760 474 106
171 2299 6
2424 2668 1
2489 4705 187
90 3203 200
4898 281 148
4886 2926 8
3504 461 90
2267 1449 115
4044 1847 161
953 665 148
4893 4168 148
1180 2077 18
1856 799 101
2371 1477 168
2686 4250 181
3095 454 123
3612 2530 162
3499 2125 62
1210 2486 120
285 3691 199
286 453 189
1578 4980 25
1739 4455 68
85 2377 155
2957 1313 22
3874 650 199
4367 4772 14
3816 4211 73
4652 4968 152
169 1258 107
2883 1410 131
4041 1045 149
938 467 174
2180 3730 24
2548 3081 152
4242 3596 132
2393 1560 12
4743 3885 185
2042 2223 168
3289 3084 167
3880 4184 175
3569 1064 133
4050 3089 10
4448 3871 79
2240 4527 113
4221 3856 152
3839 585 69
2364 558 9
1552 548 11
4228 853 196
4029 4306 48
2037 3750 200
2981 2440 24
2294 3445 38
4523 223 98
4651 2530 114
3954 2539 131
4768 3599 172
4099 2674 11
3338 808 148
607 1674 14
4952 1850 100
609 3920 189
3779 4865 184
3257 1220 151
1188 3882 47
3781 866 51
676 473 149
2607 75 48
4578 118 21
4310 1528 180
2610 2401 142
1652 319 59
2633 4049 58
2692 4855 188
2794 53 115
3478 2205 79
4540 2604 101
4129 1361 152
1343 4206 76
330 398 83
3791 4372 73
3452 20 68
1780 1373 5
2577 4140 21
474 637 163
3091 4651 186
2099 409 107
988 3456 54
2252 4211 108
3428 3098 121
1990 4895 61
839 527 13
2682 4241 152
4446 206 200
2410 524 110
3093 4594 141
1493 2920 45
2002 2041 70
3572 1297 104
2464 2587 125
2426 2174 151
3169 4675 136
3131 3730 131
4115 2565 123
2939 3528 175
2193 4428 174
3980 4980 75
1071 4052 45
4396 1693 124
4465 3615 18
3564 626 161
2862 1339 125
1856 4377 41
2117 4649 158
4399 1900 152
135 3581 167
530 178 110
3951 296 121
3720 2332 200
4975 2890 90
936 2083 178
4404 271 46
3281 1388 184
3752 4835 120
1659 3203 125
1807 1062 105
1745 3161 141
4865 3337 3
42 1042 196
1229 2183 103
1637 3285 15
553 630 5
2844 1127 181
2494 2500 129
3687 4885 107
1833 2679 50
325 1368 65
524 485 37
2363 1295 100
198 4889 5
1200 2336 49
3114 142 121
3488 4230 196
640 1607 61
1923 3742 121
1114 4421 4
1219 3821 87
3491 646 196
738 3464 33
2420 425 83
1158 4925 14
4127 287 99
4874 555 91
184 1647 165
2103 1020 66
4149 2819 20
2638 4709 38
200 2086 60
1237 2283 39
3945 2061 93
2775 4889 136
2580 4411 41
1853 2595 136
110 3688 85
4756 2559 65
2777 3576 19
2547 2444 130
1811 1921 149
818 302 164
3688 3438 11
4203 1627 26
2144 735 157
813 3375 169
1792 362 55
4799 2566 72
3893 822 168
3893 4152 85
1585 3668 25
1018 1902 165
3504 4099 70
4365 2641 98
397 4802 155
1002 402 1
1456 258 190
669 4214 18
3044 476 2
973 955 21
1483 2242 22
1992 4954 95
4523 4898 125
2377 4680 121
3081 1034 103
1760 4820 30
1345 2120 24
1015 4167 7
4963 892 9
1822 4961 89
3607 1650 57
1762 4797 108
3059 1055 15
1910 2998 115
4610 2834 46
4721 1443 159
3633 2435 135
3535 3488 6
4528 4751 1
388 86 147
3407 4644 130
4713 4026 200
3716 2337 33
1994 3171 199
1131 265 51
112 3050 68
1335 2448 102
800 1093 133
4431 2102 47
3966 433 28
444 4275 90
3861 4171 40
1302 2381 80
549 1502 124
694 892 7
1170 1954 47
1461 2660 47
1002 3037 105
2457 3985 168
3127 163 126
923 4943 44
2557 217 24
1739 1038 160
4737 4346 101
703 1165 133
2926 1955 107
2527 2591 73
4255 4508 153
3325 40 152
3922 2574 5
3013 2522 130
4755 1290 199
4492 4853 85
1379 4929 87
2680 4593 169
4597 2479 111
3495 1796 61
3687 4120 123
2717 4678 32
1715 2523 197
3070 4769 32
319 3928 189
3643 1967 39
924 4443 156
929 1376 23
1161 1485 176
3621 4346 54
1164 2750 36
409 3695 46
3944 1057 190
904 363 142
3113 2198 75
547 2500 156
143 2699 74
1050 1792 11
1411 2600 8
1385 887 169
4933 3682 199
649 3303 120
4283 4496 43
4591 3147 76
714 2789 163
2972 3150 167
2969 1038 9
4895 4789 176
1888 2337 133
2257 2216 83
4785 1342 75
1065 4575 161
1806 2838 34
323 1880 28
1792 872 63
1139 838 39
1206 4814 56
4903 2198 7
135 2652 7
3753 3086 135
3839 699 121
562 1031 192
4962 4064 165
2130 1759 90
182 4268 105
530 4930 188
969 921 137
4158 1672 116
3334 2604 58
2543 2285 15
309 243 138
2903 2697 114
2863 175 156
685 1575 159
903 2990 81
2619 639 31
306 1065 34
4592 463 196
282 3293 92
3508 1696 12
2315 13 135
1875 3146 125
3144 2829 78
3421 2694 43
1920 2160 87
3118 1514 23
1266 328 37
3073 536 152
1991 4688 193
2106 4098 149
2792 1004 84
1522 4868 180
2861 3812 170
1956 4015 151
1704 2244 30
1970 2992 198
4280 1889 189
3731 3385 144
3179 1162 133
4905 4087 127
431 2494 30
1367 3864 24
4147 2383 183
1620 488 121
3528 85 61
759 4946 51
2112 3495 88
3207 4625 77
744 1143 15
2341 4505 52
4249 1221 30
2495 2131 191
4552 1858 152
930 234 82
4024 1895 61
3959 1694 127
3426 2810 53
3161 4849 125
4837 1591 155
4004 189 158
2044 4849 37
4802 1928 45
533 1815 31
4175 261 162
4549 4933 143
1804 2679 55
2211 4966 163
4143 1990 47
1499 2677 6
2239 918 37
1332 245 9
4416 2427 179
4629 383 33
1461 4278 26
4064 2023 123
3701 3494 181
2733 1249 151
3707 1670 102
1195 3202 98
3301 1076 42
1830 3569 159
1424 145 52
619 3288 113
1149 88 4
1523 4124 5
1802 269 190
2300 2713 27
3466 3523 17
1361 2720 152
3849 4384 105
1119 800 159
1337 2992 77
2235 4847 24
2665 1228 59
3104 4192 180
109 3133 189
2028 768 52
1 2970 38
4558 1954 40
4612 29 32
1034 2659 33
2450 379 87
4350 3332 11
3023 2835 114
1486 482 183
1397 4113 104
4304 881 153
4404 4344 47
3153 3438 165
2829 1901 38
1731 3592 38
1754 2773 74
2368 1565 28
3213 1162 40
2259 1259 10
3296 1028 120
3873 1582 169
1222 4431 29
4327 2390 76
2762 576 77
2646 1343 180
2233 1491 24
3785 1785 195
3602 3813 194
1735 4924 69
2549 4250 147
751 707 40
3847 258 192
2541 3611 85
2452 60 70
967 732 112
3789 3961 141
3186 4281 146
4543 1517 106
758 4254 46
3825 4657 137
3428 619 156
148 1063 103
4984 2608 182
2271 3331 165
3736 994 12
440 2388 46
891 3255 5
4529 304 112
2452 2966 156
1910 1489 43
4022 3379 101
3478 1323 22
4261 4877 9
3452 1316 91
2759 1146 84
565 1050 7
2000 2417 69
205 1503 30
162 4805 20
1813 784 192
29 4324 168
3080 4325 25
3309 2364 78
3331 3989 161
3502 1505 126
4491 4409 172
4711 4360 73
990 2991 27
4725 1096 76
2092 3215 178
4024 3628 23
3490 3305 172
4364 4902 92
3509 2203 162
844 2415 6
4072 41 170
2039 2159 175
1050 3647 106
1241 1850 133
247 4552 130
580 2624 169
1953 3816 130
1183 4722 69
3690 4009 123
427 2773 88
454 1520 140
4727 4418 72
4877 1612 130
2553 4316 54
4226 366 86
972 3895 22
2021 1861 156
2295 260 87
4607 1682 26
669 3281 178
962 3100 66
1513 4998 35
2089 4822 83
3348 4609 181
460 4361 77
2785 4823 156
4515 847 188
1992 3548 49
136 3984 64
4578 879 51
988 3690 70
4847 460 141
1413 3512 115
2672 57 11
3686 1729 62
3935 3566 137
56 1705 130
549 4127 9
3938 2117 41
2467 573 120
3360 1851 74
3848 2881 187
3882 1014 93
2131 1417 35
143 4499 156
2742 3971 189
2155 1990 69
4691 3949 37
1446 3175 121
3643 440 75
750 1309 113
4141 1643 73
4147 2107 193
1603 1615 40
1763 3558 72
1834 4421 152
2801 3276 40
1665 2936 165
2322 2039 147
4931 1858 136
1589 410 182
3553 4242 93
1870 230 183
61 2977 47
3097 1498 107
42 373 100
2087 3552 134
3667 4846 69
3375 3400 69
4803 3200 55
3988 715 59
1110 616 152
1652 763 159
1471 1342 142
3114 4731 145
3278 1436 65
4278 3282 23
4547 546 5
4981 1619 15
3196 3281 140
2572 4652 83
365 444 83
4889 3338 90
1879 3216 94
2544 2526 80
3488 2318 57
4228 4789 142
1676 4446 128
275 789 39
202 384 84
2899 1740 154
2667 3264 32
1142 4402 77
4719 4252 198
4166 1973 88
1388 419 159
1032 3804 167
2598 4319 181
3106 1406 103
8 791 190
3377 2625 48
3090 4197 14
2187 1199 109
1450 1967 10
4074 3662 127
212 984 36
1587 4475 148
4590 3494 135
4167 4006 41
3940 4453 74
3763 2191 111
1066 2696 185
811 2823 167
1799 1419 128
556 1292 161
3737 715 181
2798 4919 164
211 4753 115
3632 1464 131
391 1577 175
1149 2270 167
2590 626 52
2331 3402 15
213 181 6
982 468 120
950 480 178
2209 1707 22
1917 2398 98
2719 2307 170
1922 1011 146
676 3608 3
905 1644 94
1986 575 5
2581 4100 52
4324 3307 195
4102 3557 33
1695 3449 173
4939 730 177
4457 1506 10
1230 1972 119
2390 2290 148
4573 424 121
3897 4568 2
2538 1390 166
4191 2796 8
2871 738 41
2170 153 34
1254 1953 75
521 2749 73
1649 4010 112
412 4162 65
4158 1562 114
4267 2092 91
1251 2011 114
4526 4869 30
4494 1746 85
2 318 3
1587 4330 173
2538 2586 61
86 3686 52
104 2049 184
1969 3372 168
815 809 32
1228 3081 83
557 4807 145
3297 544 140
1882 2717 64
2868 304 147
3438 878 134
2993 1193 58
4680 3988 31
1450 3160 23
1062 4859 29
2193 2968 172
3932 1018 180
3464 2055 120
4853 2296 171
2360 396 39
89 2691 41
1530 3037 10
1100 786 27
3631 583 29
1612 2415 4
3614 1310 125
2137 1596 95
3429 4423 33
4072 1736 97
3488 1229 129
3214 4657 137
1025 1342 115
2614 4288 9
4571 263 25
1785 1204 150
719 3855 187
2080 2911 9
2644 3219 153
1839 3748 120
938 997 97
3049 2265 73
1720 3499 138
858 2923 101
2065 2457 19
1780 4924 111
4046 633 107
3796 1093 48
1077 63 176
1015 399 56
3215 2951 58
271 2277 3
3478 542 89
4363 1567 83
2592 339 8
1820 4794 142
3550 4899 14
2122 2204 185
3250 1759 28
2068 4616 96
366 858 150
3293 1896 45
3369 2018 102
2021 2219 88
3414 3400 64
3232 4408 181
512 1829 164
1981 215 159
4416 2743 118
699 3116 162
1125 3141 139
3556 3450 142
4892 2327 1
622 193 9
1639 2873 27
1537 610 54
2855 4805 31
793 4551 7
1694 2472 69
1940 3187 73
1061 2483 153
2119 4853 3
2947 3106 97
2643 2728 172
4366 4396 49
2558 4288 98
886 224 97
4284 3074 142
3085 2283 32
149 1323 4
839 3017 2
3118 4414 137
1164 4271 36
4385 665 79
1699 3748 57
2044 4184 170
1628 1188 96
2412 2751 61
3887 1252 59
4335 3581 184
2857 1809 190
868 3813 71
4027 2260 61
3271 1111 190
3779 1514 183
2685 4011 126
2509 1775 26
3190 1817 86
2791 3530 139
2139 1457 33
4694 3139 19
2585 4449 140
3477 2167 43
3247 4815 72
3809 3668 2
2996 453 123
483 4242 195
4644 692 156
3775 1192 39
3025 1974 110
1991 4089 133
3590 2154 105
3576 3306 68
2325 176 150
1378 1522 16
4807 4263 82
3092 1335 29
4911 2307 181
1000 199 47
2991 327 175
871 1296 56
70 3940 132
3901 4609 198
4479 134 165
3977 3955 131
1229 1772 102
226 3515 199
4368 3666 82
413 2538 147
4382 18 17
470 4796 178
2078 733 99
2482 2198 56
2336 3908 44
2688 3519 66
4548 257 156
1509 4680 79
4407 4872 91
1793 2867 188
4658 3285 180
1183 1485 152
767 4209 76
3463 4547 194
1187 2557 11
4658 1109 166
1868 204 156
77 1777 70
461 4950 153
1998 3480 14
1657 2321 139
4622 1988 186
3444 1782 21
738 1524 200
675 1079 63
4697 778 67
3431 1283 134
3157 2118 161
1770 3152 185
4534 4044 93
502 867 145
804 3196 185
1619 2051 153
3863 174 137
2741 3281 112
958 1860 145
4477 1888 31
4235 1056 179
4632 2016 99
3122 180 100
1294 4325 169
1973 1076 151
2957 2408 38
3882 2765 15
4593 4799 11
4234 1195 20
1343 3094 103
1704 1134 196
2271 1021 79
2455 3886 161
4949 4921 58
2295 426 73
4687 4278 17
4753 2631 67
2544 4824 67
2940 190 102
2131 9 54
3887 82 56
2322 2119 120
1146 18 140
3129 941 170
3515 1683 117
2984 296 48
717 1162 9
3867 1703 20
4655 3181 59
990 2551 76
2046 3153 49
267 1360 200
2634 2268 56
1338 3399 17
2965 4250 15
3638 521 80
4170 2536 10
1303 4665 7
3212 1132 177
1756 1573 174
3932 2383 5
1119 91 137
2375 4296 98
194 4238 89
2670 4862 141
4741 3621 33
2777 4153 41
1877 1404 27
1215 3724 95
3470 783 183
442 2240 168
3131 4920 84
1757 2346 18
1290 4527 142
588 730 143
3111 3991 110
389 1251 163
2700 2103 19
2397 3376 87
3848 4329 102
4176 4356 133
4955 1500 59
1494 4962 108
2159 673 114
2265 1305 158
747 1474 17
4761 2695 138
1996 2006 60
1900 1868 142
725 355 169
3521 437 1
3276 1935 130
4712 122 187
3438 1495 172
4539 697 147
4553 4629 185
4654 3812 135
823 4350 136
394 2570 154
4110 778 37
474 3695 186
3234 297 99
735 15 160
2782 2719 94
1614 4449 132
3965 3911 108
3591 3003 127
32 515 34
3631 152 35
3454 1284 38
3135 578 191
544 3527 154
2232 2120 170
3057 1980 98
4722 2226 6
4789 3126 91
2379 1105 74
1305 1341 120
3411 1488 130
1363 377 58
4863 1012 177
3554 2292 26
1725 2132 123
1365 4736 84
2860 4592 192
3521 334 125
2687 3915 100
1697 3781 176
3553 613 91
4496 104 189
4668 1673 137
2255 338 163
367 4900 1
4673 1593 115
4192 472 123
1655 3682 119
2503 4945 59
3141 1827 166
4591 448 54
2111 924 200
1342 2470 97
848 3209 140
4760 356 165
2406 3420 12
1578 4341 127
2060 1634 84
2262 125 20
2480 4147 165
1014 2298 158
784 3733 185
2518 4071 107
2319 2806 69
3824 723 7
2420 3614 188
1068 1054 67
4922 2877 22
2826 3470 114
4475 1389 199
2679 875 97
4036 1313 172
2325 1805 76
1957 598 146
2285 480 8
4460 4072 32
4570 2384 94
4158 4715 61
2265 2925 188
1500 3581 28
4635 4398 74
4799 222 40
4488 3053 154
2265 743 53
4567 3610 105
2248 1180 154
2987 4721 12
3655 3947 137
2587 3511 7
4488 3772 124
2430 1072 128
4933 1670 53
3684 423 135
1859 597 137
703 33 89
4132 1362 98
410 3870 163
4238 4286 45
3890 854 45
3575 4121 45
3367 326 43
632 3695 175
1256 1397 198
3552 3439 17
4485 3111 127
1664 2173 149
4216 981 181
1000 3009 170
2702 3421 55
2542 652 115
2613 491 97
57 212 151
742 2006 150
391 1686 159
2879 2431 54
2697 288 13
4371 4038 55
3698 4176 107
885 2943 41
477 3938 52
1806 4801 63
1841 20 40
4815 927 105
1312 2880 103
3154 3693 90
2430 1713 100
841 2506 79
1494 4591 20
2457 1281 186
2099 4703 48
2523 1849 22
2370 4249 173
3822 4078 41
1117 2208 129
1582 1838 158
2400 26 177
3902 3648 151
1726 1993 65
1121 980 60
392 1265 148
4776 81 86
2916 583 49
433 3934 140
3720 1810 55
3668 619 35
4634 893 14
3166 4922 199
1653 2938 148
1401 2888 87
369 4337 36
977 4721 32
2885 956 161
4759 2320 187
3523 143 139
1123 4780 184
2388 400 55
4803 3134 57
2382 238 173
2681 1118 186
4698 2659 47
3737 79 167
1753 2703 82
1083 2442 137
2829 464 138
2901 3448 54
621 173 177
36 4359 167
2040 3598 34
4674 2700 32
1546 2014 122
883 192 199
4408 1139 73
3036 271 65
3084 312 188
768 3266 186
719 813 165
4474 3602 132
2921 2599 152
4698 3304 56
1318 3825 110
1611 1755 85
3689 588 161
4036 3618 172
4716 1101 13
754 1487 174
2514 1528 178
903 1966 59
1214 4423 73
493 1791 170
774 631 18
4330 969 118
2370 2984 104
2879 2533 94
4498 2960 45
2279 2149 171
3725 4435 191
1662 4370 160
2173 777 74
2151 295 123
3116 894 16
1831 4126 24
1730 1304 157
1180 469 92
299 4491 47
438 987 194
4035 1300 120
1206 402 159
4304 3560 127
1371 2254 13
1139 706 123
1839 4199 93
2075 2650 38
1646 1187 149
4295 3748 110
697 2727 99
3877 2881 3
2468 2187 196
4458 3005 39
4088 630 93
4962 236 89
1138 1973 183
1899 4568 52
2529 3918 15
3188 2140 67
1670 911 197
4804 2087 63
4577 2383 94
2277 1661 58
1430 919 122
888 4920 105
2498 2249 86
1561 832 94
2520 3747 176
1769 4482 12
2959 2512 102
4094 2758 128
2466 2217 87
2996 525 49
1785 3220 159
769 2639 65
523 68 139
2795 2512 42
2081 427 42
1950 1377 178
1342 2908 91
2886 4677 62
1117 53 111
3852 1979 104
3887 464 154
3086 3328 7
2592 4778 58
2179 4393 83
1431 4539 30
3120 2477 82
2738 4955 176
2035 3249 146
2554 552 109
2449 3952 138
2094 1819 80
1538 3459 150
777 4316 79
4586 4622 33
1017 2305 70
3689 3799 129
2074 2599 71
3690 3513 85
176 2244 58
2580 3376 89
51 342 138
1140 2362 170
402 3370 141
3165 1526 38
3902 2680 18
845 4175 146
428 3519 196
3236 1057 117
1279 4194 179
3387 1612 94
3804 4366 109
45 4153 47
3034 2754 76
4876 886 167
3332 1285 167
1086 3034 106
3272 2717 97
4281 3467 94
2472 2354 111
11 3293 43
1864 3541 45
4390 1510 140
2674 1005 189
2136 2696 182
2435 331 125
4040 2544 79
1538 4666 173
1986 4519 99
1512 1685 151
915 1153 106
443 4902 34
4066 4180 94
1366 2724 129
2758 628 64
4503 498 126
4568 1458 82
1969 877 61
1308 3521 149
3357 4023 37
3088 1775 130
2997 3394 42
769 2292 89
1545 2135 25
84 374 141
2094 12 37
1518 3483 130
3281 4788 198
1118 348 44
3104 3367 110
2955 3173 164
935 2385 126
2128 4970 146
4131 594 63
2095 1567 16
4098 2906 111
4386 3905 192
1167 3946 135
1157 793 103
254 2642 49
2583 1788 11
1270 1786 116
2942 4918 177
3004 1617 116
3236 1639 35
127 321 31
846 896 159
28 2510 118
1918 61 66
4631 2136 40
3462 3122 17
3230 3720 140
4400 774 62
611 1782 114
4421 1761 196
3400 1684 142
318 3342 13
3281 3027 49
1498 2986 140
4305 4434 29
104 2682 91
389 1421 24
4497 2295 186
3660 506 50
1150 766 50
2951 4490 7
360 2525 74
4296 3630 52
3413 1610 166
3330 115 81
190 4493 84
4236 187 44
1796 3538 82
4608 297 155
2544 2707 133
4663 1825 44
2078 4764 100
66 3368 71
1457 4739 130
3517 3604 17
3996 1812 17
2436 3732 80
2765 4912 193
3924 4277 58
3357 3707 54
1318 4268 8
2937 3479 163
142 313 74
861 4357 171
4806 3978 6
1906 1001 25
2754 4452 168
2672 1049 197
257 2716 194
2943 4814 186
4795 1298 38
2234 1164 71
1577 242 98
2133 477 199
1177 2204 103
989 4102 61
2928 2196 142
2950 3696 107
3942 1723 58
45 1477 190
2115 1520 87
678 429 163
2760 4115 60
1259 24 21
4563 1437 159
3515 577 166
4188 1046 83
2268 251 3
1173 3567 97
3886 53 144
3388 2818 5
926 2713 140
1610 1839 169
4460 1643 153
2927 3241 95
3191 2095 12
1225 2830 141
4235 2922 5
1398 3749 178
1306 4813 60
4193 4463 122
2530 1893 169
3047 4349 72
2895 3175 30
595 4638 83
4282 3155 177
106 536 21
3493 305 193
1933 2960 60
2050 4647 160
2528 4748 161
2663 241 171
4666 1937 53
1066 3448 69
155 4786 90
2168 1654 33
1909 1980 138
1582 244 190
1880 1601 79
2228 4318 125
4813 2563 54
3350 2526 20
2000 284 96
1549 3029 29
2250 2451 151
727 3576 107
1486 794 114
3047 1208 155
2143 915 20
4057 1794 109
1379 2977 119
4041 4457 85
1376 2353 171
1126 4648 178
3925 1167 130
537 4373 26
3451 4281 95
4906 1938 62
3157 662 184
1722 328 174
4524 3548 22
2076 2093 78
647 2619 147
1324 586 116
3297 1112 65
745 1384 161
372 131 49
3456 4195 14
4917 2018 115
1264 1498 103
3603 4825 98
1247 4561 171
1864 2892 172
1871 4855 169
446 3998 191
1591 3314 85
2076 13 191
4920 4274 29
1776 4831 134
1825 1885 196
2858 1108 167
216 4605 188
2603 757 19
626 2554 12
1444 3952 105
4566 3419 42
4688 348 153
1660 4121 39
405 4896 114
3763 2135 161
4272 3531 158
3983 455 192
1003 1082 112
4051 2711 186
3846 4996 149
2650 4389 69
4828 2578 38
2575 4569 113
1639 3849 101
4600 3666 183
1159 4945 96
1205 2310 189
553 58 184
4089 353 39
2362 4256 182
4430 4436 9
4864 3029 151
1351 861 168
3922 2751 86
3091 1965 98
2328 4771 153
4225 2192 100
2153 1550 74
1964 550 149
220 3588 162
856 4219 37
3575 71 56
3030 4555 156
4780 1472 81
2276 311 18
4923 3183 199
3415 3078 30
3477 483 138
1042 473 123
1436 39 78
800 1055 128
466 2635 171
2148 3276 122
3048 4931 56
4119 3726 187
1496 4944 147
3964 1376 199
4311 4671 92
1904 1508 84
1447 4063 157
1014 2384 8
32 2616 129
4087 4584 138
2460 460 83
1946 1337 73
4249 3199 174
2619 694 39
1411 2331 61
3036 1534 39
2013 3789 175
4665 1866 30
3193 867 17
2320 1176 156
110 1899 59
2378 587 126
199 2255 101
541 4114 95
1219 4401 115
4852 4731 17
4714 4913 113
829 4907 11
996 3224 12
1561 4739 155
1319 3908 49
3438 1236 128
4296 3327 108
1199 2788 130
3131 1701 6
3472 3257 107
184 3111 11
3301 3377 167
2121 4534 140
3003 3467 175
2917 2659 64
14 1721 166
1020 2104 135
3748 4483 46
2597 1335 141
3444 2696 152
60 4092 15
1396 2963 63
4372 692 85
1146 2981 138
1117 4533 19
2486 3550 69
3253 4886 72
1991 1439 90
2522 2133 195
3171 3480 144
1512 339 73
1940 2226 62
2729 4465 30
2580 1712 83
4366 144 102
4386 4838 192
680 2963 178
524 1393 91
4961 4833 142
2938 3047 178
268 2899 178
4543 3184 64
1287 1237 1
2417 2912 107
234 4242 10
4978 559 178
3645 1219 88
4678 1865 147
910 1180 31
3056 567 98
4865 3813 133
3899 1855 184
1048 72 35
1919 2547 115
1265 1616 78
1749 755 150
4086 1526 53
2085 3377 187
80 150 42
4993 4564 84
1884 3285 149
963 2884 52
2551 1656 29
884 3390 33
336 1392 109
1276 285 105
3320 1755 104
886 1061 179
1769 4611 51
4938 2703 22
133 2830 17
1763 4499 96
4448 1055 4
3878 4937 192
3240 2261 106
167 3021 179
702 4702 131
3985 2254 124
3165 1197 85
1061 28 100
1380 2268 184
3444 3736 16
3595 2284 44
259 3712 44
3722 3252 37
2752 1115 172
4704 3693 78
2596 1816 44
383 467 185
2843 2732 4
3210 3445 93
3499 2996 178
2303 261 88
3224 2642 44
3338 3725 44
3928 20 175
4865 1809 146
153 1397 135
2012 845 126
2025 4314 23
23 3026 128
2692 691 189
2010 1617 10
2736 4595 118
729 1548 151
4968 33 8
127 1891 138
123 620 4
3530 3728 99
2123 1693 186
56 757 10
2797 680 197
580 693 149
3441 722 102
3421 513 84
4672 1142 136
3303 2396 120
3203 1293 96
4973 1190 10
4045 2743 122
1819 1015 93
4201 2636 83
3024 4081 77
4897 1678 22
3663 2039 39
4702 2718 174
4287 902 194
2652 3496 147
2154 3936 2
2575 3869 99
1263 3786 76
4360 1868 185
1262 4178 141
2991 2287 181
4859 3719 164
1067 4877 66
380 126 143
1346 956 60
3183 4907 149
1858 2914 82
3314 4250 110
2548 4937 191
3314 1398 107
172 4879 163
3249 2938 90
4030 3202 118
420 3294 19
4791 2941 135
1586 2708 193
900 4222 51
397 3416 61
1410 2757 154
1240 2583 4
4398 1573 139
3782 4517 6
39 467 196
2001 2824 192
2497 1908 157
2577 1719 90
4036 3326 65
2966 2938 56
2921 3448 47
3389 4687 46
566 3020 21
761 3313 158
806 2008 105
3789 1044 116
1953 4731 135
1045 2650 80
1504 797 152
2886 1514 127
2584 2034 160
2369 145 7
2248 1508 144
1119 3205 45
3628 4302 96
2518 1272 164
3285 3748 69
2571 4288 4
4611 1729 198
4400 4256 28
3511 2915 119
2419 567 124
4392 1142 154
4681 2078 171
4180 3433 57
3048 3957 164
1930 961 73
3728 4205 181
469 2592 30
4069 1027 169
836 4498 45
3704 2578 24
4004 4907 40
1833 502 185
415 2367 110
3165 3865 102
3917 3995 141
82 4148 125
4263 3850 41
3489 4563 95
3125 2352 135
2614 827 140
4727 4456 163
4844 2641 195
1275 4060 56
4964 1389 124
4482 4641 186
2921 218 77
4474 843 71
744 3644 34
1609 3407 1
3581 3228 125
4705 4750 59
4452 4470 123
3091 2174 93
4754 1817 165
1224 2783 42
425 870 75
3214 282 113
4929 2520 107
1742 4382 196
1294 2119 162
4600 3703 187
3214 645 166
4571 4585 66
4184 1789 111
504 4114 145
3837 4247 26
704 2146 158
4521 4002 116
55 4109 4
4466 846 86
2766 3090 127
2884 2914 8
990 2425 23
1086 2119 174
3474 2091 115
172 2995 51
2211 4668 51
3981 4532 196
907 2492 8
517 1957 187
2660 394 171
1644 547 191
1428 748 192
906 4290 93
3944 3841 135
3151 650 94
1789 2785 192
2431 2202 167
3622 565 80
4592 3006 158
1001 1042 148
704 926 18
3939 3426 127
3995 374 23
1452 2783 81
806 1047 37
909 2496 2
518 1487 182
4571 843 16
2675 3755 116
2958 4738 116
4694 2454 116
4847 2407 91
4579 2435 119
3446 1912 103
1236 3324 4
3663 4255 198
835 4491 182
3121 4011 193
4606 1323 66
578 1186 52
1823 783 178
3681 1550 41
4217 2379 47
1502 738 92
3771 2815 135
1712 3122 109
2204 1616 2
2536 3563 192
732 1527 132
3110 403 193
4800 3203 26
4473 4136 33
3423 1957 133
443 847 62
3843 3218 14
304 3081 185
1855 4664 7
2352 2846 116
4123 1789 101
4658 3632 21
357 4754 42
4263 1371 21
4015 535 2
2315 3402 54
4921 1778 109
541 4881 48
3665 575 24
1600 2011 124
2622 4649 2
473 2665 48
3751 4490 133
4739 2465 199
114 1782 19
2515 3992 191
2745 286 81
2402 1650 43
1131 0 68
1658 1542 153
3677 3204 190
4173 1874 102
3285 232 143
3603 1186 105
269 3674 162
2818 2116 135
3776 4424 125
2546 1906 98
3385 3683 31
3030 154 70
1391 2732 58
3008 655 148
385 1189 125
3186 207 100
1172 4324 49
584 693 124
4242 782 102
4991 464 38
136 1203 126
14 2272 142
3050 4483 72
4408 2810 170
3520 888 3
167 1923 18
3494 734 24
3284 1191 13
601 118 81
3782 3347 80
3728 578 137
356 4418 55
4988 1818 168
3449 4449 153
1614 2156 157
1207 802 6
4781 3585 162
2240 677 100
3900 2049 115
2648 2618 51
1318 643 153
1229 998 33
1339 3224 103
4600 4518 60
2450 4352 136
1750 2095 110
4691 3539 40
3141 1474 46
571 637 158
44 852 188
2972 4614 35
807 1908 13
4645 1723 62
3366 1570 93
1938 964 46
3899 3690 155
3397 909 44
3286 3797 4
1486 2346 31
679 4109 153
1602 2844 66
1847 1035 57
1881 2769 3
1577 2236 159
4812 1640 153
249 1918 152
2419 4060 83
1643 3470 187
4586 3902 98
1065 656 77
2209 4779 41
1895 2774 48
1589 569 43
841 4608 198
3364 2010 129
4659 3882 6
1099 1750 46
4696 1186 61
4526 883 163
1249 1847 41
1071 2984 173
1511 4219 97
887 4148 69
4318 4371 32
2228 397 42
1256 3866 8
62 421 7
1422 4798 147
1089 2507 34
2452 1450 195
3395 2386 158
4256 2026 145
543 3426 73
4113 4860 101
112 472 26
4747 2430 36
3902 4224 88
1565 3515 194
3176 2639 108
77 2186 99
4390 2235 67
4035 2760 113
2591 4107 120
3275 2861 51
370 3479 175
1744 3148 189
3104 2056 49
2322 1426 42
3343 1116 65
2249 3012 182
2942 1160 186
3985 2048 160
3027 4018 57
68 1335 191
1393 4939 49
1353 368 83
2481 2013 188
3017 3212 123
513 3268 198
1243 3457 191
2065 1663 80
4084 1240 185
1745 11 66
4940 3672 48
1781 3430 130
2313 403 58
3139 459 44
3760 1443 148
126 60 156
3315 1842 35
4369 1849 77
4384 787 97
2006 813 50
1001 136 91
595 1815 35
3489 665 151
2599 4968 82
2279 918 163
4659 107 195
4266 1761 90
4938 2909 107
782 4938 68
2741 1952 169
4409 4547 48
1163 1983 198
936 1380 50
2917 3864 34
2156 312 10
1423 2775 169
60 2637 156
3000 619 137
4704 2633 90
2264 701 51
2585 4537 140
2852 1704 182
1959 2291 105
4375 3171 25
1826 595 185
4267 1982 114
354 1670 147
425 3144 86
4069 2656 71
2194 3143 113
401 1877 136
286 3054 89
1720 948 120
1600 873 64
923 951 73
1971 2449 192
3362 1570 58
3593 3241 108
4255 451 123
3775 1461 177
1714 631 188
346 605 35
3270 323 172
4899 2338 97
576 1942 174
710 1534 12
4442 1879 161
1579 1191 198
565 815 149
1799 1864 122
1015 337 145
3458 4312 134
4625 2386 31
160 366 7
3773 1352 145
2619 2637 98
64 4744 121
695 2789 91
1599 4533 164
4274 3169 117
1224 4305 147
2159 2708 108
3716 915 133
1361 3932 53
3595 1344 124
4395 766 9
3687 4292 99
1127 966 148
637 2915 144
4782 2341 79
3253 3510 74
2755 408 184
634 2624 74
4015 1757 125
642 1091 145
1599 2360 126
2590 2201 160
1858 3089 163
3064 183 60
2969 2449 45
233 2041 74
3081 1869 182
3422 2621 159
195 1061 126
1278 4126 127
137 4080 39
3929 1082 116
2339 32 177
872 4519 196
3448 2156 82
3626 4571 171
789 3555 42
520 1432 89
2276 1580 107
4988 3442 77
1420 610 131
3631 3921 106
2399 2482 26
3848 178 92
2665 210 18
1972 606 143
3798 2868 200
1791 3283 153
4411 242 162
1521 3087 74
3104 1770 3
4419 569 138
3620 2429 176
3111 2168 3
3836 2174 148
1882 2479 7
4925 4866 155
2683 1972 96
1402 3711 64
3768 4273 17
1912 2752 30
1493 1019 198
4699 1666 44
3952 3598 14
4548 1529 130
1765 3307 7
2197 2223 154
4263 1539 133
3030 2834 196
2906 715 39
653 2212 41
3326 4965 2
1620 3428 189
2231 2410 104
4897 2169 121
1058 1670 29
1963 1858 136
210 1031 181
3373 1217 196
2105 1081 77
3313 1160 125
3307 4498 183
2626 4625 105
3924 2544 107
1109 12 76
39 1697 170
335 1400 194
4947 545 29
4354 356 149
1736 3446 51
1103 4690 134
665 2688 193
1220 2924 3
4898 315 41
1194 2505 145
214 3984 11
4458 402 65
3947 4832 157
4167 681 128
2331 1235 141
3778 2409 141
4216 4916 144
2271 80 18
357 4113 137
194 3518 16
2151 2400 55
4972 4055 184
3329 2973 4
2580 2698 63
1805 2674 149
3807 257 54
2937 3889 194
105 4916 124
2485 1757 134
3305 2838 66
3209 2579 1
1719 1026 85
4058 134 139
2529 179 57
4896 4489 140
1054 4277 197
3747 4418 159
2684 4218 114
2014 3504 6
475 4566 177
2689 2035 53
4194 976 43
1614 4427 15
3248 4265 186
1927 1626 196
1709 416 160
2848 798 55
140 2261 25
1254 1808 96
4748 2690 50
599 4673 190
4637 764 169
2004 37 6
285 2440 117
4082 4081 69
77 2133 5
3279 3042 4
2512 3975 162
41 1482 60
2097 1444 34
3458 954 130
3824 4421 163
1518 1400 135
1476 371 111
2564 747 153
1653 1212 46
2541 468 30
539 2400 145
1008 2852 159
4220 939 161
3697 3460 169
2762 1954 51
1510 4711 77
4567 44 85
4765 1603 118
4260 3441 113
2925 3574 21
4241 1974 166
948 2080 56
705 4249 5
1226 1818 35
465 3225 150
1166 4138 117
72 3931 82
3561 415 183
15 656 90
3919 528 195
2756 4536 94
1942 4468 140
4925 1431 156
3829 1261 174
4939 419 53
2239 543 72
2220 1762 8
3687 682 170
4050 786 168
905 4854 97
3383 823 196
837 2646 121
4741 905 67
2908 3208 16
3980 4424 159
56 2856 184
212 3596 109
3653 851 101
2654 2696 139
3222 4005 52
3824 2438 34
1568 1719 95
1271 1513 45
4530 2453 115
1395 2546 69
1215 8 158
3619 2390 1
4134 1671 82
1878 2358 145
3610 1233 103
591 579 131
4214 2084 90
820 567 5
1596 4252 179
240 638 161
2851 3497 22
4516 2589 64
4647 2263 180
3520 3713 141
288 4581 173
3341 756 137
2348 4361 85
826 118 119
997 1778 159
634 396 161
1266 4467 86
4559 159 96
1886 3760 143
2149 1879 156
2418 706 25
1705 2936 177
2870 2797 125
577 3100 194
4916 921 156
2508 2107 130
1158 4905 77
3056 4908 44
4945 3252 27
2812 3151 63
3244 157 40
3980 1712 113
1908 1144 105
3937 1276 102
1362 619 15
2161 4285 119
2910 1254 91
4590 1743 172
2917 1592 15
864 4294 166
2982 4598 178
4233 2838 182
6 4485 44
2703 1805 89
4955 2665 187
2012 1888 163
3512 4797 109
1844 102 69
2615 1104 148
1330 2339 191
3791 1992 41
1642 2599 164
681 1833 93
1501 169 116
1225 3686 36
355 4376 59
4662 2649 105
2964 3241 185
4388 576 153
3147 3651 54
1603 3515 136
753 2319 93
3252 4559 77
4622 903 37
2739 4190 170
4504 3209 157
551 1503 165
4568 3695 104
1616 70 34
1747 2031 73
1663 4502 140
3650 3915 189
721 457 189
2674 4924 134
4052 574 196
3854 1472 90
824 3962 86
584 3726 85
4844 4258 191
4017 2985 149
1414 2899 47
3760 1311 169
2431 268 130
3509 250 152
973 3716 30
4526 3543 103
2611 1381 175
3089 2948 98
3177 3505 41
4058 1775 46
2296 2061 132
2817 3946 200
58 4977 184
3543 1371 190
1330 4898 4
4567 2103 163
3921 3649 94
1120 2508 189
609 3638 104
3732 321 186
422 1247 75
4380 633 21
3351 1488 155
2800 1102 144
683 83 121
3848 4601 34
517 4180 16
3757 4458 72
4009 2264 146
458 1902 24
1314 3382 177
1811 3339 20
1156 2161 18
2526 2888 34
2234 4177 127
4924 3593 37
1068 1295 86
3953 92 182
3607 4117 104
8 3598 131
4569 247 105
4050 2569 101
2607 790 97
1324 4525 198
955 2249 55
432 1830 22
3817 4058 72
1028 2746 69
4020 892 24
734 3107 66
3365 1266 69
3217 3974 52
108 4902 130
3371 57 195
2615 4545 150
4860 3885 74
4057 4136 116
1518 4567 70
360 2491 61
2544 1743 16
1336 2887 163
3278 4283 56
4209 3124 71
2886 1103 101
1811 2613 51
1127 4595 134
117 2145 91
3411 2947 190
3240 982 115
2144 678 189
1410 771 132
2300 1369 107
1755 2295 141
4065 3699 161
1371 1238 172
2474 1114 131
1624 2449 1
218 3933 81
1094 1562 38
4018 773 57
1056 540 181
1158 2056 80
3269 1705 55
4563 4795 40
4742 3615 132
2157 2428 71
2235 1158 106
4515 3963 97
2358 2005 56
4017 4988 86
4134 2703 62
4012 1802 101
3658 2418 61
4016 634 154
2483 4841 93
4344 4201 134
1114 3403 35
3016 3786 81
1442 409 26
956 2746 183
110 4100 184
2600 1889 73
15 2098 55
3601 352 156
1370 859 96
3571 2681 119
4602 4626 10
7 4155 124
1990 3355 34
2823 4987 52
2140 4606 3
3298 493 82
360 1580 153
1115 3232 162
1943 270 35
1775 2780 98
1616 4670 115
607 1189 5
2433 4043 107
4009 2172 80
1598 1229 18
1172 4330 6
492 2036 71
2556 4928 44
11 2790 132
2356 1694 153
1141 2408 71
739 717 34
418 4240 25
4044 2706 62
1215 3861 161
2413 819 190
2682 4166 17
1606 1272 165
3779 4279 189
3259 4562 91
2811 441 63
4843 4174 99
1695 3508 62
2573 2381 28
49 1780 167
4277 1828 58
48 1691 89
1131 2909 148
4344 4240 175
4290 4639 149
1094 1116 164
1888 4452 47
302 2390 37
139 2521 194
251 675 53
1897 1196 83
742 3916 125
508 646 89
2599 566 29
3628 3292 169
439 719 69
3702 92 137
2354 1566 8
4148 1920 149
1978 1182 47
424 2711 98
4751 9 180
4601 242 12
1313 776 146
612 1647 53
3674 3221 58
997 2840 165
3761 181 198
4846 3160 105
4102 3553 53
3618 1211 160
2525 3968 170
1342 2029 143
2222 2285 157
2376 857 130
1005 1068 20
4734 3561 21
1302 281 167
4794 800 155
2243 2117 165
279 3571 57
3989 4683 44
4713 336 198
2090 3326 86
3341 372 124
3601 4793 51
3337 3580 135
250 1376 43
4210 1799 142
360 2902 70
2567 3236 122
3627 4915 10
248 837 1
4118 1650 181
3757 1010 136
1709 4094 72
4144 3339 22
1992 3873 154
3300 1271 172
2144 3929 64
3263 537 4
3371 2693 113
2193 2810 123
4158 1610 25
208 2033 176
1938 847 51
260 4549 26
1098 1469 196
459 4626 182
4307 1928 55
1034 4116 17
949 757 191
1981 1751 78
2725 2278 188
659 1986 93
2044 4872 49
1650 4328 83
4616 4433 102
621 4954 162
360 4471 161
3964 3195 157
2744 1653 59
360 2839 127
2179 1027 29
3631 1888 31
2984 1170 170
3147 240 195
1970 2299 181
1676 3727 35
4208 4606 105
3492 3276 30
2269 179 130
4298 3791 41
507 572 49
31 4214 178
2168 1247 87
4573 2157 7
2423 942 87
1932 2333 119
3644 4094 178
1503 1406 116
2793 2741 168
2491 1099 197
1238 202 15
2675 1386 117
60 296 1
1627 2064 84
1234 4860 169
2399 294 113
3527 1019 81
3702 4594 167
2181 2926 53
1065 1789 97
2809 2366 85
4746 1956 7
3285 2768 166
1009 2051 191
2362 3158 95
2273 424 108
70 580 87
38 1352 88
1590 4593 83
1649 2610 181
4691 302 80
1925 892 172
2808 2130 39
1030 3466 88
1646 3059 104
2515 4868 195
3930 189 69
4676 4030 21
2398 1339 19
3875 3760 146
565 340 167
4169 274 116
1923 3674 65
2259 3999 107
2433 351 22
2783 253 103
1904 3249 115
4393 1025 116
4946 3241 57
3032 3569 186
4412 730 99
619 1600 142
1429 1862 190
818 1311 70
4470 2176 102
467 2500 134
1518 530 79
4067 2973 93
1556 4437 121
2080 4760 161
2320 4902 139
3335 3645 87
1623 3814 181
1194 2509 49
3384 4723 127
2284 1123 114
4646 4674 40
3157 2226 109
2638 584 96
1783 4738 144
3764 4809 43
4878 3718 93
3457 2136 143
2648 4444 114
4304 4647 129
1355 1083 139
294 2292 169
3170 4733 114
2641 3728 179
2860 607 134
1933 48 49
2701 4331 126
3155 142 149
4239 4497 137
2825 705 19
3412 1588 112
3409 2318 188
2401 4517 48
2082 4779 198
2603 1580 146
2696 4530 47
4392 4150 123
2000 8 199
3041 905 94
2820 4784 54
701 2454 84
1382 2620 165
1700 3821 99
4915 2608 156
4823 2140 43
1480 3029 54
3275 1911 132
267 4363 189
2946 210 121
3755 1047 61
901 39 106
1393 343 20
1733 505 106
3848 958 60
4295 2140 169
505 3231 172
475 3131 36
1173 4540 109
4299 1788 24
4332 2256 200
1737 4843 196
2000 4194 80
3324 1911 33
1139 199 2
4030 2852 9
961 1091 49
2055 1936 40
2365 1247 29
4649 732 153
387 3307 89
3340 4530 128
2143 3375 63
2875 2787 24
710 3143 14
811 2267 40
4440 1552 190
4884 1357 135
3740 2093 33
2218 192 37
4518 2597 182
2787 1530 58
2638 2868 188
4915 3788 17
2010 4684 101
1295 2565 170
3555 998 133
2035 4710 152
2381 1473 131
450 4176 170
2484 1562 162
445 3703 11
789 4618 193
3733 4690 77
271 2941 121
4286 2756 77
918 2550 181
3542 3707 157
4567 1776 123
4394 198 2
2209 4999 111
4230 3078 159
3452 2228 102
92 404 175
4059 3127 3
2839 2160 42
1364 4657 70
3236 2778 37
2402 223 60
962 1866 32
1405 3239 103
3065 1945 39
4282 4667 178
4366 4344 155
3838 1451 160
3438 3722 186
1551 1762 16
412 228 145
58 1755 126
3401 4952 115
3064 3154 4
1598 1508 91
160 1092 139
3200 3729 180
3048 1673 131
1464 3099 120
2874 3783 130
381 3640 120
265 519 168
2735 1495 47
4688 4964 9
2801 3346 149
2838 2999 66
4125 2672 114
720 3695 171
125 804 193
2580 2428 7
4030 1113 142
2892 1863 96
3331 1758 5
3229 3833 145
1652 2806 143
224 677 194
1124 4886 30
2906 1506 124
2990 2193 186
4919 672 22
1827 4123 26
3572 2831 1
927 2649 154
362 2918 44
1095 3444 22
2294 1551 146
51 1273 29
804 2631 68
263 4709 46
690 1449 106
2500 594 95
2772 2572 159
2054 4830 142
4990 4542 8
1986 1045 124
2832 3381 6
1118 1936 149
3177 4467 48
2985 367 77
4827 4599 154
98 4300 89
2567 4019 55
1571 2370 184
3171 507 64
3732 4258 108
1246 2586 97
3606 2829 162
2753 4979 143
806 2419 174
2331 3533 177
1768 1489 65
2470 2183 97
2661 4396 4
621 2853 164
2878 3289 50
190 3886 115
623 1872 158
4876 3819 2
124 3420 130
2996 2144 162
2398 4616 70
95 3710 162
967 1393 112
2618 4599 171
1741 4370 179
57 687 81
1566 863 104
1756 1221 166
2663 563 13
2326 4207 15
637 2047 52
3928 1809 96
8 2818 91
4687 2335 38
107 4031 171
2427 4819 178
3900 4947 135
1591 2742 96
844 2692 84
940 4166 50
4196 3653 187
519 3424 108
4480 3884 28
1269 2788 101
2632 1488 53
197 177 149
4812 4023 108
1651 3901 199
3038 3647 157
966 4986 199
2782 4377 15
2644 2697 56
4593 54 15
1859 1523 103
4611 1190 95
80 2717 156
1078 1296 163
4206 1903 38
1900 4690 55
462 562 198
3320 1792 90
3626 1374 50
4823 1266 19
4700 1648 161
579 905 2
4632 1996 49
2098 59 5
410 4073 91
4854 1397 18
436 4112 115
2178 2351 113
3868 2929 136
1914 4358 153
4581 1135 34
1097 70 65
1018 2195 183
1864 813 120
3890 4007 65
4533 3968 36
3565 2775 156
2408 2189 104
518 3656 111
3780 1780 135
1385 1440 147
204 3210 190
4706 4829 142
3541 1885 118
3081 4161 181
3804 1868 106
3282 1145 148
307 329 68
3556 2766 153
3859 3074 39
2590 261 117
18 2327 7
1707 3912 153
423 2029 116
4639 3319 4
4755 3668 104
3803 2699 95
38 3019 192
1195 4717 84
52 1400 86
1797 593 74
3892 3148 140
2494 2039 71
607 2371 106
4744 265 35
2490 3300 2
2582 1627 194
2093 3231 6
1560 921 22
3089 4910 91
1018 50 100
227 4169 48
3501 3791 142
1668 2857 198
4352 4720 193
2706 385 107
2186 1296 137
3356 1178 12
4089 1578 71
1276 2714 29
545 2535 108
1142 1318 136
4345 4921 148
2314 3023 139
2360 4543 43
4256 1147 36
1024 731 50
1371 4756 89
3954 1275 161
361 2602 134
3007 521 25
4254 1853 70
85 2490 175
2982 2930 72
3232 4203 23
135 2823 197
307 4760 164
4249 2436 7
783 32 174
1855 4208 199
1239 4551 73
1196 2966 11
3422 2515 122
1823 4900 60
1302 1676 38
1364 3263 180
345 4184 70
628 1254 49
1007 1061 53
4802 1423 30
2485 1076 90
2150 728 44
3553 600 146
2724 2744 27
4390 3099 180
35 4312 155
1080 4054 181
4529 3069 94
4965 1860 64
3709 4840 187
4036 663 77
3193 917 7
756 31 173
1636 4130 5
1974 1959 34
2403 4596 138
487 4599 85
2717 2749 35
2103 357 158
4881 4183 146
3783 3003 56
1809 4160 177
1247 3428 120
4527 3602 138
3269 2855 118
2402 1153 168
1311 4097 134
3641 4448 76
1504 4561 96
817 3425 68
107 765 85
4706 1774 178
125 3269 58
1531 1246 94
4040 3652 183
3457 4852 65
4937 778 55
4873 2358 139
679 3812 194
1415 625 142
2956 470 121
549 2388 100
4219 3913 56
2844 1634 120
4661 3037 164
1114 4162 40
4508 1300 79
4801 991 12
4254 2288 46
4484 1883 27
1808 3972 173
247 3778 71
419 416 76
3710 2090 19
4275 4604 25
4508 557 110
11 2707 52
2923 3915 168
1620 2980 154
4286 887 17
2859 3590 99
2795 1165 65
3931 2859 110
616 1395 37
4482 1529 11
3623 2066 110
1171 4273 136
4962 1917 72
3509 608 139
3888 2363 152
4960 355 133
1206 2673 71
3201 3182 59
2704 1997 182
3989 1719 85
4046 1058 108
1808 149 178
3324 1825 121
613 4038 1
3250 2445 163
3449 3641 149
1041 4923 88
2155 4305 127
4109 824 83
2591 2179 79
3714 2442 70
800 596 150
528 2067 153
3677 2506 192
692 4416 135
2353 1887 111
1975 1840 95
364 4044 11
272 1942 163
2171 652 26
4143 1354 139
1714 4906 48
591 1638 26
948 3498 136
4922 3952 60
1296 10 99
2308 3566 5
4360 3383 11
1714 1635 167
3975 3687 63
666 2213 46
708 2811 184
2321 4132 24
487 3372 91
2854 2244 94
3347 1801 70
2114 556 163
4901 4542 136
1487 883 61
4619 689 173
2777 4366 186
3215 4152 19
4785 2565 176
2522 3952 196
478 4096 136
286 4616 53
4505 4770 51
2290 3656 192
4592 4313 99
3064 4895 189
283 2473 22
3214 835 133
3132 903 177
2808 1206 70
4614 2976 132
4297 683 180
2493 4192 129
2820 1412 35
3265 3712 167
3210 3685 81
2846 2098 137
4698 3581 60
3598 3016 23
4790 323 166
1555 2546 183
4591 2758 19
4188 4902 131
2682 4272 176
671 4342 105
2021 1924 168
1915 1629 103
2435 2502 77
351 2336 151
3231 298 198
3111 2527 20
2588 851 96
3267 1696 40
139 3105 120
3455 1839 142
2660 2666 162
1453 4116 49
2500 1714 11
823 441 166
2977 4525 141
4587 2374 177
2433 2000 145
4729 1378 41
501 1952 47
3816 2754 33
3071 1610 191
3739 111 56
1932 3776 97
1071 2995 73
447 1509 108
4201 2484 95
2062 3506 130
3848 873 46
4060 3806 135
3466 1035 178
1751 4576 28
2115 1409 103
1741 4573 132
328 3622 58
769 1261 114
49 849 142
2859 1286 162
4128 458 182
4707 2858 116
3772 191 83
2839 3218 172
2458 3001 53
4385 1025 55
4587 3901 180
2258 1371 75
402 1163 16
2576 2950 141
2352 1668 73
2152 2357 116
1068 1609 180
2700 2292 133
2821 4762 27
131 2864 3
958 3815 102
439 781 136
4465 4224 43
2697 2034 12
1806 3516 96
4624 4468 145
1978 4005 32
3491 418 178
1124 592 153
2910 156 111
339 1616 107
2890 2335 14
1443 3034 122
320 851 89
1685 3822 4
2855 4728 77
1608 2548 83
3099 2296 157
2179 1250 39
2614 1550 103
3621 4325 51
4799 4928 182
509 3074 73
4903 2028 88
3375 3570 103
1918 2057 145
830 1947 195
802 3583 164
3066 4025 187
98 2997 107
1738 1939 161
3789 1353 140
3374 1315 4
410 672 98
3944 2535 11
3509 2544 87
3922 4748 15
1481 3916 70
639 1121 194
982 1292 128
1831 3009 123
35 4905 3
4259 624 47
1888 3638 51
1967 821 74
2677 426 109
3454 139 149
1902 1460 90
1355 2617 69
1744 4426 15
644 539 198
1725 4569 138
3644 2007 54
513 3045 121
3632 77 107
3919 4074 198
1665 4787 63
3896 1770 68
3051 1169 84
50 2444 85
3592 558 120
3708 1398 133
2707 3546 119
2481 3594 21
207 2079 199
2535 156 43
2376 1978 142
4718 4347 179
2489 3823 32
3731 1920 69
1498 4210 200
553 2417 173
4357 256 157
2521 3138 157
3687 4723 153
4065 3300 22
2241 1179 71
1402 1407 66
3801 3028 52
2118 1165 94
4318 3228 43
2709 2707 198
1229 808 54
4983 952 156
580 131 184
2459 2779 180
3942 1970 134
3565 945 169
102 2137 133
3554 110 68
4361 2281 193
77 687 74
1225 60 80
2324 2427 61
1922 3203 18
4731 4399 185
1789 4008 42
1283 3573 39
2044 919 70
3144 2616 105
2637 3499 159
356 3211 51
2159 2707 29
3858 4764 53
1859 2763 65
2685 2116 137
1810 2174 195
2307 3671 100
932 1840 149
4333 383 77
2729 1044 62
1097 928 187
659 441 142
534 3696 174
4384 1140 18
3841 93 87
3385 4661 166
329 1390 139
4429 1103 40
511 2356 101
1657 2520 172
279 1017 107
3173 2255 60
4365 1861 56
4273 4982 167
3392 3288 57
1117 465 22
407 92 182
1436 4857 137
2226 4328 177
3769 3081 32
400 4298 88
1165 4162 151
4911 3729 68
3419 3505 5
3700 2131 36
1685 3550 189
3643 1002 123
33 550 195
242 3210 97
3925 4919 176
3904 4212 177
1426 4375 166
852 4353 95
2839 3213 60
289 3140 66
354 2859 125
3758 2550 24
3662 3625 28
0 4866 115
73 3814 66
2968 1361 190
486 1797 176
4308 686 94
4098 4327 59
2729 2217 131
1718 2290 9
1522 769 117
1696 1401 86
1881 3676 103
2993 1454 168
2943 3497 47
1139 3796 32
3305 285 170
3859 1889 181
4704 4950 178
4065 2616 101
3611 4720 71
1128 2532 197
1406 4721 62
2664 2342 67
2473 3122 64
1672 1494 179
577 1452 75
3376 4235 161
1812 2388 20
4654 2915 104
4920 3060 56
3143 793 93
322 3951 82
4256 3938 54
4130 4483 48
1580 1899 75
4307 290 185
281 723 189
972 3962 154
3670 4478 25
458 4719 86
3465 1243 97
832 2330 132
261 1751 174
1764 4316 65
1662 4884 4
1903 1211 100
862 1237 82
3368 1901 60
4835 3452 133
3051 1342 123
4917 3963 105
4770 2872 73
1222 3505 123
163 1829 48
3147 4690 25
716 361 110
4384 1727 116
1995 3810 62
1744 4738 34
3707 3773 16
1045 1560 54
2911 1508 74
914 1187 117
1762 3130 82
1386 1846 47
621 1525 77
2044 572 181
1478 3636 137
4070 1302 24
2373 2480 145
4803 3286 81
2878 3491 182
777 820 164
3174 2407 58
2618 3550 75
2030 2008 150
3880 2238 48
1733 1571 195
4302 1494 186
3760 703 57
4730 919 3
84 1421 171
3115 2128 108
4391 3703 141
3789 3186 165
957 2944 91
2718 206 175
496 3285 47
1225 488 21
3763 2977 79
2709 4352 150
4358 711 190
3454 1903 170
3604 886 174
4905 2675 97
1153 501 12
3633 1224 92
1540 3747 78
4692 4587 68
4659 4411 82
3921 4283 108
4905 1388 184
3310 4989 41
3729 1498 86
1535 2258 166
1126 4788 164
2530 1635 73
521 2508 172
4811 1505 136
598 3572 193
1358 1757 93
4005 3134 78
4012 4966 187
4216 2879 61
4704 4512 194
3204 3016 9
2463 2930 118
1666 2257 173
3844 2326 11
1576 1506 199
1680 4459 3
3379 1551 97
891 4706 1
3457 1183 114
1366 2196 81
929 2193 78
4358 4319 76
3668 2940 155
2168 4683 121
2739 4187 136
1800 3292 173
4960 1498 88
1966 2070 37
3932 4300 19
987 4894 52
1246 1647 187
4210 4338 107
4997 1150 37
4233 1850 51
4795 3267 142
12 3840 64
3374 3139 3
1475 3813 173
4740 2551 103
1220 3317 200
2153 4016 77
2999 578 113
3598 3649 65
618 4270 83
1315 1218 136
2978 3111 168
4361 3666 177
641 1629 97
1200 2566 88
4094 4500 110
3711 1353 89
1282 1060 126
3866 3759 7
4846 3178 12
1630 2145 37
3372 2004 122
4222 1177 190
109 3180 147
1999 78 175
2401 3594 184
1891 3577 29
3453 3589 29
4017 3550 169
3955 2022 7
3768 663 169
1596 2246 150
2406 4627 191
4717 4640 101
4985 2243 139
4825 1874 191
1793 564 47
2015 3304 151
645 1132 32
2012 2384 138
4561 4620 71
2736 4017 190
3815 975 49
4316 1924 1
2326 2259 129
263 4443 133
2671 3940 25
4067 3482 193
4414 25 101
4572 4170 190
2205 4564 37
37 2056 44
147 3986 3
4457 960 178
2274 4351 4
2806 1783 59
1701 3451 140
4678 3787 32
834 2506 60
4033 1398 162
1295 1411 196
4705 1907 173
858 764 13
622 1396 173
7 790 85
1356 4163 66
3130 889 110
899 3968 56
3318 3179 195
168 499 44
703 3039 1
3364 4494 180
4033 2662 88
4567 887 61
1152 3758 133
1646 2096 44
1771 2304 29
3527 3975 73
411 4356 175
2117 175 127
2777 4267 132
4537 2955 171
780 574 188
1718 2197 32
1904 4962 156
1881 3705 31
3153 1458 71
847 1369 57
3694 1581 9
4969 13 113
293 88 115
2923 446 118
2675 4331 15
4342 2373 18
3839 2513 197
3475 768 173
2818 2281 100
1443 3720 115
2230 2000 16
1463 4539 130
849 2063 183
179 3225 83
4907 717 141
2434 3714 112
3194 2131 17
1321 4805 91
467 2048 134
2019 4289 188
3013 2885 71
4692 1013 82
2984 3114 102
4800 4672 35
4859 602 113
2878 3754 171
4963 2118 32
2454 1685 84
4289 189 122
2907 4084 11
849 3862 18
1253 1557 64
4198 1040 116
302 1213 63
1343 4898 29
2399 207 181
881 977 135
4918 2432 122
1395 74 115
4623 4085 57
4795 4535 22
2183 3289 77
0 1189 157
3207 1432 51
1230 1965 151
3598 1384 159
4205 4906 199
1522 1014 117
2088 2422 21
2228 2854 101
1003 3067 177
3457 130 173
4023 3495 163
2402 3163 84
2578 1833 75
4057 585 170
1690 2371 136
2125 2099 138
983 658 197
1498 1501 20
2568 2024 33
1161 4149 74
2749 3255 34
3794 4568 148
4057 1671 80
2193 3191 31
4636 4922 168
17 3375 74
1086 4377 143
4070 3392 41
3562 4124 5
263 3456 62
1062 3102 145
2861 4298 107
1061 2411 73
2472 2321 197
448 4208 142
3034 4802 182
3482 1138 155
2376 1407 44
2719 2828 88
1906 4671 118
1822 3339 114
418 3496 179
382 1881 143
4559 1020 114
1661 1063 146
1475 301 56
1736 3602 61
3436 3403 42
3844 1054 183
907 4984 124
4867 2094 47
3583 368 34
312 1657 18
1956 741 178
4554 1543 169
654 4726 68
4634 2684 86
1908 2505 115
2109 136 20
1602 568 114
696 1265 111
270 1260 143
1855 4440 39
3639 2359 177
2769 927 127
3726 3644 126
4019 4980 120
3406 4420 50
2156 2833 70
601 1544 180
1723 4489 62
2561 4355 138
333 2747 132
882 2069 66
3621 2647 109
4612 500 42
4086 1983 157
114 2105 192
3034 2698 20
3045 653 121
78 4693 169
2888 2249 16
4670 3971 198
570 272 149
4017 3568 198
3231 2634 94
135 3900 67
3769 1182 162
4155 421 180
3254 2385 123
915 3009 194
381 4702 122
4370 1966 188
3968 3679 153
2378 3738 182
2803 3397 51
2263 1077 141
3348 2212 192
4140 2405 195
3571 4075 63
1793 4820 43
4024 2022 87
4975 1009 11
4884 4374 53
4711 2608 37
103 4655 45
4120 3174 97
4504 4646 30
1392 181 2
1530 192 119
1797 4401 25
4086 2038 74
2688 1652 145
3555 1662 12
940 2899 26
2774 3795 169
57 3577 99
1389 2496 163
2146 770 74
4406 3123 189
1076 3897 38
4665 1427 30
2099 4200 21
107 3420 133
107 1264 80
186 3626 15
2410 3456 89
460 4327 86
1020 4728 149
3935 269 145
2038 3816 145
2088 4985 179
4556 4101 87
777 3765 97
3129 3592 36
2886 733 12
2526 2821 80
707 4712 34
3212 3529 176
909 3352 35
1798 3173 133
2528 1424 80
139 2097 169
306 2873 65
1335 1950 169
1034 723 196
4825 3331 177
3934 1524 24
1861 1246 4
796 3742 54
1249 3980 11
2778 946 90
344 2907 88
745 1483 72
2154 537 128
2281 2280 7
1230 2577 160
2070 4516 94
4941 2405 180
4461 2946 165
4804 3060 173
2556 3107 163
3037 3288 174
2006 27 96
561 4697 21
4321 1408 87
3675 1601 131
4741 259 2
2039 4519 8
2308 2478 68
4428 1940 14
3663 1740 36
2230 3771 33
3463 3747 104
2177 167 39
964 291 195
1063 2728 159
647 4138 20
3698 2294 157
4015 1166 182
1066 4980 126
2695 102 50
3142 408 96
4095 1407 140
4900 1367 150
1988 4389 21
4131 3553 32
3451 1924 84
777 111 79
4843 183 10
1845 4207 76
4420 609 20
2066 2670 15
60 3898 4
1822 2489 39
2900 2877 107
3780 4325 113
4250 3060 44
4882 345 110
788 4565 99
125 3017 163
2052 2236 143
3549 4539 135
483 519 159
4659 179 106
2219 3117 34
2763 735 159
2226 3046 131
3155 2093 69
662 2128 96
2058 3680 82
3780 1878 193
2355 56 20
4483 2165 124
2551 3944 151
2482 2461 144
2860 4218 20
3180 1934 193
2490 4091 192
1012 4285 87
2888 844 58
474 3752 46
1832 464 187
772 1417 16
4507 2306 152
2870 2847 7
3116 3551 80
4228 3419 56
3601 2723 8
2163 3413 125
3426 2524 184
1071 2478 164
1373 3152 147
1847 4118 95
906 4979 190
3044 4054 14
2370 4361 101
2441 4795 27
1068 3284 101
3375 1793 141
4408 4426 120
3245 3210 36
3421 4718 78
3321 4097 147
3708 1980 11
4603 2142 103
1342 2513 107
2560 3112 144
899 1488 70
2038 793 160
2532 2635 125
937 312 101
245 518 28
433 3202 158
3952 1429 191
4232 2301 148
1083 2979 68
1349 317 191
2564 1735 69
2818 2488 115
477 600 45
3301 1342 94
2136 422 45
2874 626 191
3947 3975 53
4363 2537 128
191 2247 128
4487 4051 38
2965 249 13
675 1377 46
866 4091 133
878 413 197
4601 594 148
1622 4507 37
1496 3899 170
676 881 33
3217 3077 198
2187 2495 8
4088 1270 192
1059 221 130
255 2412 88
3126 2650 70
4884 4350 35
3589 2807 170
717 3263 161
4003 1819 127
4858 4089 146
2470 1913 84
3765 3838 87
116 2111 178
321 1876 97
2915 4234 40
3170 4281 157
1502 44 18
1022 1483 153
4545 2774 42
674 4483 101
1514 3607 183
1945 651 9
3560 155 123
1042 631 175
3592 611 80
2416 280 131
925 3360 144
4555 3146 197
1390 599 197
4919 3667 29
4390 2875 55
3606 2640 41
4615 2121 58
873 4629 83
2056 3559 33
681 2659 109
4984 2933 47
4294 4839 149
4045 3783 66
2213 1173 46
4948 2100 157
1090 3690 82
2705 10 20
2158 2510 85
1432 4139 51
256 2330 105
467 2939 114
1318 432 171
3440 3010 126
4241 1798 32
2560 142 9
4199 4648 23
1321 2318 78
2883 4483 132
1130 3730 96
27 1303 38
3289 2652 148
2529 583 116
4271 2574 97
90 3302 7
4385 4898 33
4924 1987 97
238 3427 185
1967 4359 177
4820 2483 66
4837 1632 118
2108 3234 50
3512 3776 163
1727 678 167
3759 2786 144
4684 3403 40
4440 2106 158
3472 3612 59
1996 3618 147
173 3747 1
1218 3759 50
1333 3285 125
1044 3646 177
2685 2745 142
2828 1219 131
4010 2006 181
2228 2444 23
690 476 190
2766 1537 135
4548 2873 170
2330 2428 166
4281 4083 139
3278 1069 102
4444 1289 135
4763 2076 66
632 1754 53
1698 4273 30
2763 504 141
357 429 27
3765 1101 146
1665 2328 41
2044 1287 51
1559 3396 47
1297 4011 64
4838 1816 44
153 1473 35
3491 3851 48
4583 737 34
1306 2308 78
1932 2533 54
2148 894 71
2926 3657 166
3364 2079 138
2486 4551 22
2745 2027 36
1309 1958 176
4424 3868 130
4645 1010 179
3821 745 32
653 4870 7
2770 4386 193
2415 4724 87
3545 4889 162
3722 180 134
3270 2117 76
900 3661 68
80 1322 11
1612 344 62
4046 2735 174
4575 3589 142
1302 199 159
1050 3981 176
4582 2021 37
3982 3682 90
2645 2548 24
2021 1053 7
1439 758 54
2128 1659 141
3461 4687 200
641 2324 114
4151 94 49
3955 3796 89
3982 3802 75
3847 1407 47
1809 3816 57
4392 230 9
3108 637 23
2624 3376 91
3255 4441 155
4007 682 198
2199 608 57
4452 2512 87
4776 4224 25
3149 3947 89
1213 3358 109
4185 200 142
1119 3667 179
3277 2469 160
3181 3791 138
4119 2981 138
1323 3925 26
4147 1670 126
2066 2917 144
3399 958 5
1356 388 74
3435 3847 131
4386 4198 87
4498 4453 139
2377 1055 123
2616 1831 98
3361 785 85
2399 3623 84
2915 1643 187
2442 3036 33
3582 4994 180
3598 3721 129
1925 662 162
3416 4119 74
704 288 94
4698 1489 141
1235 604 147
4035 3795 111
4461 4143 133
2668 2645 115
764 815 115
555 3546 101
3416 0 187
3953 1178 183
422 51 96
1307 453 7
2006 1733 131
964 820 116
1468 3535 104
1241 3997 138
2253 4745 67
4440 4942 181
1006 3088 28
9 3275 185
1033 2140 7
2318 4238 145
4142 806 144
159 2137 182
3563 3221 27
2645 40 174
1914 1385 177
3139 314 41
1687 4977 172
4422 3492 102
1531 382 171
2991 3981 21
1313 265 164
4206 4350 160
1402 2003 21
4709 4553 21
1789 2472 128
1735 817 174
3489 3082 106
69 861 173
2889 90 136
4399 960 68
4253 3290 54
1499 4656 92
3184 3168 187
601 345 1
710 1752 34
3677 1304 55
3948 1225 107
2106 3328 110
2328 2724 77
659 1082 168
1392 1595 132
651 1869 139
4714 2336 41
2575 1877 182
1608 3696 45
357 1641 178
3833 1371 118
4804 1762 30
3255 4316 137
1643 2459 140
1112 251 86
2188 4 166
4508 699 86
2241 3267 161
3758 2185 61
818 1328 113
4713 1760 7
2170 1521 108
2076 93 156
4535 385 198
4225 616 15
3110 2116 10
138 2114 97
752 1891 59
3204 2318 188
2689 1225 107
4413 1524 166
501 90 103
762 448 166
4224 927 130
4151 1526 28
1469 191 29
2721 3127 83
4375 2213 88
1587 2472 98
4182 4951 116
100 3469 128
798 3528 94
1563 1189 167
1008 704 35
888 2439 62
1025 1619 15
656 3146 104
386 4336 33
2005 2506 55
1054 676 116
3669 2993 112
3629 3947 10
198 3563 68
4433 528 49
665 4581 155
3413 2737 36
247 4567 13
3251 3179 174
752 360 70
3415 4114 177
2177 3153 28
3616 4760 96
396 2617 158
891 1135 120
1516 2346 157
895 696 110
461 4888 90
1276 143 44
3369 1204 134
3581 250 33
1930 1339 175
117 1499 53
1609 3832 176
226 4767 68
3388 2274 167
1516 3183 85
3304 4342 32
708 4551 41
886 934 21
844 3245 114
271 1987 148
4378 2733 132
970 929 145
1610 215 41
3961 3092 141
328 4434 130
995 3910 4
4818 4329 68
3508 3953 181
4881 2250 97
19 2753 112
2250 0 122
1954 2510 181
1626 3800 20
3976 1928 151
1461 4852 12
373 4564 183
3715 2608 30
3176 4496 61
2866 4294 160
1900 2997 195
752 4609 148
3494 668 27
2595 2966 158
2158 1829 104
4117 2571 8
760 3168 130
4083 1483 47
2001 3492 1
2120 2531 144
1655 516 10
2559 3727 125
4086 1504 65
2736 617 14
1345 2452 37
1590 4279 149
4060 1273 125
1915 972 121
4807 3987 163
587 4797 64
3718 3116 44
2509 1155 170
4943 999 148
831 4547 25
3315 2137 77
420 432 169
197 1216 157
4980 451 49
2017 793 118
4895 3281 190
1947 2305 57
3453 4175 182
3470 2896 173
1150 2997 132
4937 4936 180
1019 1722 73
3588 3329 13
3125 3688 88
3731 2946 61
1233 4354 38
1744 207 78
2353 2972 24
670 2168 121
4655 4907 126
2062 496 162
1925 4134 23
591 3421 7
851 1529 120
140 652 39
2438 4642 93
4361 3329 133
1468 937 150
1248 1300 22
2586 1043 67
1352 799 197
785 2164 51
1455 3670 167
1952 4713 29
1710 3778 148
863 2770 1
1117 1509 23
4584 928 98
2554 4919 88
3537 2839 25
531 3479 48
4042 4594 141
2840 3 125
1856 1285 140
3577 4175 171
4547 1034 198
737 4524 171
4218 3054 61
3841 1 164
4980 4774 91
4257 3237 46
1895 2940 129
3116 4724 122
4596 3206 72
3846 3018 28
4951 2094 22
4605 3882 186
2470 2574 143
68 1955 84
4392 2873 160
2903 1323 167
4253 2581 154
3210 238 96
1005 3338 123
4308 120 200
3651 241 51
2088 2477 48
1129 2628 178
3996 3245 29
1321 2817 29
4633 2070 145
449 642 6
3487 4502 168
2144 3397 164
4911 520 1
87 146 113
3593 2339 61
4941 245 95
1855 3970 1
4379 2091 161
3512 119 110
979 2819 183
2226 2791 95
309 4486 90
4364 330 166
1362 4375 16
4604 3558 79
2542 1421 28
2834 390 159
1181 2198 13
4229 3550 164
3525 506 4
2430 231 178
2729 4479 185
306 846 96
3878 999 22
2276 293 34
4297 3475 200
2079 3194 77
1237 4181 39
1891 3372 190
2046 472 68
692 1841 85
3120 4731 192
1494 643 57
963 2985 68
3513 3620 141
2164 2269 94
3671 3025 152
3367 1876 95
3831 1040 18
3319 4151 6
2481 1852 24
4587 1681 15
597 3915 95
4059 2205 21
2801 845 169
3779 187 129
1388 4381 44
3618 2960 110
4521 2510 115
4312 486 178
3487 4750 91
2445 2063 12
994 2107 147
4475 2964 172
3691 3573 17
4016 999 63
2157 783 11
4854 3660 118
4407 2872 110
592 1345 123
1005 1942 3
3357 913 91
3519 3646 162
4645 1383 4
635 4544 104
1 4667 113
3635 3002 142
3786 1890 165
1903 4902 175
4012 3245 122
3463 2074 179
3314 1468 71
3359 222 14
3184 2116 71
3431 3717 98
3246 3821 134
2055 1169 104
4018 887 25
2858 2451 144
4241 764 199
933 1276 43
788 3113 146
3616 3637 76
1997 763 14
94 3148 32
1887 3640 65
3553 3901 159
1711 1488 75
4361 243 77
1078 4087 51
4347 2857 129
78 4988 100
4558 2407 11
4199 3335 197
415 1592 164
113 154 165
764 1738 199
2501 566 159
4289 2542 158
951 2406 4
3445 637 168
681 1603 91
986 3172 167
1128 2214 120
72 4447 116
1286 3527 52
1692 1520 115
1193 3746 82
498 866 175
4531 4408 162
50 3100 102
622 1500 19
3705 4261 97
1563 1555 162
313 778 43
3329 348 20
2278 2548 99
296 654 130
656 3764 112
2944 2476 181
1493 412 94
2966 3953 66
3450 1234 77
3931 3860 120
3467 1960 152
2575 3307 197
4674 63 160
2955 4109 116
1115 87 19
702 4077 58
1349 915 133
183 2083 29
2545 2081 151
4108 730 90
1526 755 38
4255 4836 151
1282 702 137
3392 3825 160
2666 4089 195
4151 3069 121
1827 952 152
2168 60 106
2926 293 167
1731 2669 35
770 4817 196
985 3103 131
1061 70 140
119 369 9
730 1483 148
2636 1941 37
3709 4567 154
1709 895 113
2736 333 96
4561 1037 81
2114 4720 130
3151 2560 79
4434 134 86
354 915 28
3091 707 80
4686 1581 34
359 3209 80
1423 1747 86
3097 3615 62
3150 4890 154
1761 1564 18
170 4680 169
951 2781 85
2695 3577 185
2862 2334 194
4414 4619 115
3331 4700 182
4058 2293 75
1054 4532 153
1273 231 105
4252 3411 119
645 1407 100
318 3430 54
234 4928 122
12 435 129
4332 551 5
2274 1732 171
3329 3267 188
1309 583 109
2485 449 82
4657 1567 200
2459 3904 14
4568 3089 54
2479 927 3
2747 1959 76
3815 4892 170
872 4994 42
4271 53 197
3093 3920 186
1087 1587 94
4631 85 106
2248 3184 68
588 2609 96
830 2482 15
4271 2152 128
1158 313 64
1367 4218 3
4803 3123 153
689 3833 191
3862 4215 129
639 4095 39
2279 4625 94
1220 4778 198
820 3833 128
2857 2679 172
4169 3050 114
987 1528 94
3401 88 172
2612 3251 83
4660 3500 16
897 3382 19
1745 4028 78
294 3876 62
4265 3023 116
2073 4425 183
4390 2709 97
1247 701 69
367 1298 117
678 4511 89
2619 3507 33
2033 73 94
395 386 158
1650 593 44
3024 2312 79
1599 2066 77
4350 3245 160
4267 3026 44
4246 1497 87
362 2606 185
1546 812 142
2064 2427 11
2391 4765 111
2738 4311 39
3744 3918 190
2034 557 153
1476 1357 92
913 1871 161
58 3281 24
4710 2082 137
51 2954 162
1155 2277 71
1151 690 198
2239 2784 136
4652 4052 151
3705 4511 174
880 2462 175
4929 2812 64
136 3727 61
2949 4605 111
3239 3777 145
1520 3815 58
1414 1409 3
287 1487 14
3231 603 153
2400 663 178
1563 711 199
4277 3404 140
3228 835 25
4182 3149 84
1244 3582 170
4065 3871 127
472 3171 150
1892 486 132
906 1189 72
1852 943 93
1255 3010 92
4666 2280 59
721 840 114
2896 2706 17
1272 2696 184
3465 2068 13
1518 992 58
892 4126 116
2944 4643 49
650 3562 63
2636 543 59
4368 3549 69
4308 1032 3
2955 2366 165
874 552 58
719 563 68
4748 1637 89
2834 461 33
92 1236 133
2739 3663 200
1271 627 13
4051 3940 95
2260 2144 135
1187 2251 98
3494 1457 181
1796 1221 117
1108 4577 149
2946 2560 81
4233 2203 133
2832 4662 24
482 658 128
3025 475 109
4720 1953 37
4409 625 177
2119 3605 32
4468 453 16
3528 2915 15
4535 634 110
3429 503 121
3762 1018 134
4954 866 174
974 1992 44
3892 1415 69
2749 3569 6
3537 3242 172
1308 1563 34
2071 3541 173
4825 3700 33
4032 3106 1
4585 1790 121
3713 4407 77
2529 1500 24
2622 2726 61
4311 554 7
1127 1647 76
1221 3467 147
1519 2235 25
1841 3127 138
1266 2289 5
2127 1302 52
1160 3009 167
1585 224 105
4339 2201 21
2140 3382 59
1911 2775 84
2490 1506 174
4890 2906 9
4080 3939 58
1821 2335 134
4997 4728 167
724 1745 195
1106 3757 169
2777 2731 104
3584 3198 100
4487 2593 81
901 4327 29
1730 1511 46
2793 4280 99
316 4968 114
3016 3465 42
2713 4389 181
759 566 6
569 3408 78
4605 4034 177
4433 3758 52
2786 2031 30
3745 368 73
4838 1440 147
2612 78 64
2770 3455 152
2330 1192 100
3646 324 163
3450 4488 24
2715 3414 116
1786 2948 161
3226 4765 66
497 2136 93
4058 4991 167
4694 3289 65
2919 4169 180
3124 2504 4
1831 3066 198
2591 4540 11
751 187 17
2570 834 43
1802 4631 139
2171 1393 123
3949 2612 199
4132 2547 141
4435 2887 52
4220 2463 108
1568 2945 179
2434 2288 131
379 1017 29
3392 3009 52
723 2958 70
1163 3994 159
671 1566 151
3742 3296 107
1386 4485 77
3487 1548 87
1866 609 74
136 1524 176
3945 3007 146
4331 869 92
1234 1310 110
754 938 72
1374 4701 31
2680 1233 149
747 2886 23
2231 3415 12
3503 4866 97
3553 1689 172
1753 4564 150
4035 4083 54
3766 4799 41
2951 562 124
2427 2232 156
370 4315 143
3760 332 86
3099 3228 44
2041 4950 185
964 4837 160
4940 4671 167
1551 56 84
6 2378 194
3538 511 99
4888 4731 126
4657 3148 155
4793 1915 184
2680 1825 38
1934 4080 102
4630 3554 89
525 1672 5
3008 4311 108
1982 106 125
95 3716 22
898 4771 137
64 4932 200
909 1768 6
90 3012 55
4099 2905 179
1480 4960 30
2795 2714 54
3055 2999 74
295 3339 35
516 2859 63
2442 3231 102
2774 3625 78
2260 2317 108
3137 4458 41
2161 769 32
3026 1323 193
1301 3328 166
2879 4031 186
2624 1943 115
3708 4105 174
3773 542 152
1882 213 79
3222 662 42
3935 3304 146
1341 2586 100
69 4090 70
2550 1179 74
2067 1269 26
304 4921 117
3517 2670 84
4327 1897 177
1521 168 148
4910 2129 83
2575 2151 11
1466 763 194
2218 1102 136
854 4101 167
2519 3080 67
1678 2102 77
3627 1989 1
3436 2762 73
2869 471 108
2408 3853 4
1450 3322 5
3027 1017 30
156 4291 102
1878 4681 145
4166 47 6
405 2993 151
3601 3231 101
2841 3420 123
1630 2464 60
853 1800 68
1341 3945 45
3874 1930 56
1376 3523 105
2583 4767 55
1257 2956 14
3781 612 93
3908 639 39
4006 3568 125
1285 396 84
602 1161 169
1517 2197 48
4635 1380 79
4012 2616 37
1490 2362 161
1996 3755 115
726 3469 69
3566 2554 136
2070 3745 84
3289 1528 23
3893 4733 84
2594 4163 47
155 1551 39
3662 1481 46
1075 3633 78
4175 4802 89
1065 4432 195
4578 553 161
2035 4086 104
1687 572 166
2075 2812 83
4839 4631 91
442 2397 193
4344 949 160
1888 2987 195
2681 3089 44
4626 2318 197
1135 3549 90
3008 4445 3
3716 3006 195
1187 3376 113
4994 4118 16
3890 437 129
2153 4392 112
4773 1353 40
1729 1803 180
3417 1025 13
2092 1392 84
4969 3398 172
850 899 160
2270 4576 118
2645 4795 182
4014 4360 168
535 2667 148
1864 3591 98
3937 3194 125
4512 1536 114
1614 3 22
3680 673 92
4084 4080 92
3219 2497 133
1500 1703 57
4161 889 191
4613 3179 46
4598 3289 100
2741 182 19
4925 1790 103
2278 2517 39
3171 4556 18
3155 4384 80
2586 595 47
1351 788 91
179 4342 198
322 4633 93
666 3490 6
1143 1685 30
192 1786 132
509 4914 178
1146 668 91
1990 4975 120
3098 4355 142
2576 3103 190
3066 1102 16
4906 131 28
2107 4855 1
3761 2092 169
2642 3090 147
3828 2809 37
2839 339 155
2893 1057 73
2630 4896 16
2293 4462 68
387 344 98
1564 1189 49
2512 1248 154
27 2161 137
895 2192 48
505 4264 156
3539 1518 81
4395 1724 61
303 2932 178
1858 321 90
1551 1355 158
3226 4335 146
3459 3005 143
319 2486 29
1656 379 51
1787 1679 191
167 2797 182
2881 1763 123
681 2351 38
3623 4469 170
941 2474 63
3538 2386 121
3966 383 149
4036 4428 131
4712 4190 163
4356 2969 167
3134 1868 44
732 834 154
362 78 32
4175 3466 30
1462 754 145
3236 3807 53
2397 1797 195
4652 891 43
2707 286 161
293 3203 161
4808 1245 178
1032 2599 46
15 72 28
4987 3657 140
623 1674 185
175 3597 93
2429 3103 156
3391 4305 92
1014 2474 18
766 3948 86
1663 2276 84
1827 1923 167
1039 4733 41
2836 3265 100
1579 4197 108
4009 1239 199
1447 1965 141
2901 4471 154
181 4888 129
1769 2424 152
672 4266 18
595 566 93
2768 489 185
3910 2225 72
2647 4085 51
3706 4280 57
4246 2730 69
2579 440 147
4190 4622 181
2223 3644 179
647 2141 96
2911 3414 50
1789 1021 133
1414 4798 94
4998 647 156
2978 4272 191
3026 3266 187
4023 4910 28
1061 940 133
1212 4400 198
4760 2673 144
3923 558 11
3571 834 93
1817 708 74
868 1470 115
815 2192 129
2099 4684 183
634 4583 154
1275 2432 121
325 3700 126
4205 4148 112
851 2790 63
2912 1837 10
1386 543 5
3483 2565 104
3884 1810 92
3506 4339 120
97 4264 103
4929 1284 47
1575 2700 146
2874 3830 146
2490 3805 60
1479 2986 163
1094 4623 70
2323 1091 198
1727 162 134
2138 1312 118
4654 3791 17
3563 2480 21
3837 2595 164
4662 317 148
2164 4622 163
14 62 103
4546 1359 136
4023 4056 163
3649 3887 4
1562 2620 135
1688 949 150
2463 4102 100
2885 2347 87
2037 3313 17
3493 4947 146
3673 168 95
3646 3752 92
3236 3309 24
262 577 12
2115 3260 75
948 689 74
429 3621 36
2503 1845 98
2187 757 67
2123 2720 142
2261 1170 79
1760 3625 163
312 2041 157
1188 1184 92
1253 4236 32
3991 2335 100
545 3085 84
3713 4423 96
4893 3360 81
693 4541 33
3953 1016 103
2514 3945 72
4363 2580 75
527 3436 105
4625 371 41
481 4271 121
1653 251 185
898 3602 150
1680 745 55
4878 2293 51
842 1729 9
1163 4809 120
173 703 129
2376 2274 163
3735 341 134
3706 4087 6
4485 2338 183
2449 2602 77
1102 2918 58
4105 1605 32
104 3336 94
3685 3352 147
4842 3084 177
2238 4196 147
2069 4638 147
1671 3719 69
4151 1676 160
3442 1089 59
3077 1077 108
3943 607 70
4541 3407 148
4372 4154 166
165 2048 80
4837 1212 24
2779 1359 183
4166 3521 91
3060 2446 115
3155 161 68
4784 3984 156
218 478 166
2620 3911 68
2994 2275 137
2501 311 4
34 2393 14
3397 1574 154
4707 1433 64
151 1209 65
4850 1414 142
2733 1002 96
2296 1962 41
2409 1451 167
996 906 84
3804 3490 11
4830 1423 196
1679 2081 186
2159 2634 162
2595 1604 153
2954 63 119
661 2478 2
2715 3211 118
1908 4937 18
2686 4352 176
671 4896 66
3301 4469 120
4892 4033 67
3750 1386 183
3242 901 176
234 737 192
1900 3669 62
3443 640 147
3720 4653 166
995 1466 170
2407 285 150
1555 2927 158
378 4365 55
4309 2337 79
3941 1976 126
1396 4577 54
1302 686 37
563 4856 137
4358 4226 10
3555 1163 82
4168 2896 167
4090 529 50
4691 4814 102
1237 3737 39
4318 886 199
1567 3959 98
253 2993 83
3889 4851 69
4884 3991 73
2808 4707 3
1280 3856 64
968 1881 90
4374 4622 151
1444 3594 35
3866 2910 182
1146 985 154
4013 2240 105
3321 2306 134
1109 3021 28
263 1761 16
4249 536 122
930 548 197
3348 1599 122
1463 4975 61
2677 1184 5
3138 3779 175
2929 1529 146
1166 4445 59
2489 1078 70
4440 4275 10
1269 4164 185
311 378 93
3073 1928 149
912 3166 135
2809 3289 43
612 2515 134
1923 1630 37
3003 4496 183
3368 2591 125
2608 1321 12
1383 3619 73
3299 1691 190
2535 3035 132
3489 3891 40
2184 376 40
2886 613 138
3060 180 51
2590 3316 52
2895 3765 111
3318 790 32
4459 441 131
3928 2199 145
2847 2548 164
1994 919 196
1904 4849 156
1968 134 138
1427 4652 139
867 4548 170
4750 4790 129
1286 3666 41
4836 3679 25
2246 4386 174
4717 1230 8
3153 3387 150
3647 208 157
3514 3492 165
4754 2950 15
2176 873 111
844 4717 22
1070 3744 86
2624 2724 74
2299 1739 119
3770 2693 183
2185 2880 73
515 2136 169
2983 3469 110
3335 2719 15
4431 3219 146
173 3664 24
3605 1143 138
1260 2319 133
2076 122 170
2882 870 175
277 1279 200
4517 1061 176
1599 4847 170
1830 3799 64
1756 4199 66
3663 4276 44
2349 2504 61
3374 2626 103
255 3731 166
2250 4483 112
552 3970 33
4299 1786 52
3100 3723 128
4406 2556 180
3284 4752 82
3706 2025 77
4556 2334 172
3979 1911 200
3805 4124 91
4840 2130 151
4967 55 51
1490 1971 151
4847 4141 186
1706 1834 172
1716 2217 88
4016 2560 41
4418 399 79
1162 1012 87
4842 509 71
64 67 192
376 4650 80
3622 3911 195
1472 4044 178
4520 4935 194
1950 1968 4
2659 205 81
870 3864 137
2197 3173 53
4709 482 139
3270 4577 113
4559 1420 4
1217 2208 177
4995 2589 191
4194 797 9
796 3612 23
2395 4992 174
281 4751 56
13 135 33
4461 791 10
1646 729 149
1035 1766 58
1708 2782 176
3238 472 11
3361 1646 4
4103 456 107
511 1526 184
204 379 122
958 2143 43
4555 2262 52
2967 1165 188
3619 4692 23
4680 4885 35
1599 1961 102
1195 4464 146
4382 2883 35
2980 3927 70
4530 3127 118
466 103 93
594 2476 33
4937 882 177
3341 3936 23
4306 2672 122
3752 2763 56
1723 985 158
2802 2057 187
3879 4619 114
213 4179 184
625 4727 62
943 1875 181
3895 955 80
3895 4903 69
3590 4533 179
892 4492 78
1665 1541 89
2990 946 171
2974 1109 187
4814 1291 162
1037 4335 17
2940 1136 111
2423 2769 23
3502 4506 78
4111 4375 133
2852 2551 87
4551 976 59
3411 2252 145
4685 206 115
643 4848 191
677 3847 152
200 1839 108
864 4688 134
2829 1695 32
2440 136 77
4250 4060 39
3006 3114 166
3262 2425 174
2501 1707 108
753 818 121
261 2520 197
731 205 142
2132 2837 193
4089 3768 188
2348 3241 13
1669 4427 17
746 2585 36
2909 706 132
1723 745 37
1186 3960 16
298 2266 119
4032 2571 66
138 2602 67
384 1996 157
3117 3769 67
3344 441 129
4207 4230 156
1359 1474 74
721 849 108
3865 2951 100
1848 2868 151
234 3638 146
4479 4565 100
1059 1301 73
4280 2742 57
2417 52 162
1181 1699 125
3856 1731 158
223 4300 161
1063 2789 18
2810 3584 64
1469 1722 143
1993 4160 28
1027 4380 69
4641 904 50
2746 4276 178
2224 3670 68
1292 4094 74
4893 4847 30
1561 3178 143
2973 127 153
70 4520 77
3931 4497 93
2177 3284 167
1361 394 59
2692 4010 102
565 3083 25
2533 2238 64
794 2966 70
753 1609 5
1707 1572 121
3749 1238 34
1312 1367 116
3504 1873 72
309 1700 118
2511 4299 74
2519 755 65
1268 2689 26
1132 3159 100
138 4632 144
1791 3649 112
164 1840 144
2592 2877 60
1609 4079 79
2374 4447 44
3095 3830 10
2250 3314 62
352 2369 89
2511 4390 161
3560 773 180
4002 4453 68
325 2938 68
2812 1587 146
1982 1773 79
2540 2239 136
4764 2457 22
286 3259 195
3635 3622 24
1355 443 95
648 1494 32
1156 3115 167
3159 2800 155
1016 500 134
1867 2229 193
770 490 117
3056 1678 5
3588 3456 99
337 1631 122
3016 3660 4
3537 4345 36
1226 663 94
3550 2489 98
3435 4542 102
2284 1697 76
1457 4671 94
4625 4092 126
2801 3944 153
2269 3829 8
973 1367 40
2357 3252 87
1973 91 121
4988 475 90
1846 4518 33
4140 213 199
2595 3120 81
3231 147 17
305 2840 157
4623 648 121
1053 3114 178
4498 453 125
1539 933 23
4221 1860 132
4051 272 19
2404 1995 185
2068 2174 112
2646 55 196
432 1969 158
568 2313 180
320 613 101
1076 2885 14
1800 2446 132
4900 2304 125
4122 4736 72
615 1024 62
2304 1406 15
3681 3370 170
1994 2633 184
4610 518 87
1030 4361 182
2776 4327 12
2646 3045 109
3030 377 174
863 332 111
1613 941 154
989 319 139
2258 4255 91
4439 4668 189
1419 3174 119
3326 4752 63
4661 4627 110
4401 3738 169
1405 3123 66
24 3734 159
3561 852 82
3704 2203 69
916 2414 18
3820 630 91
1548 3258 72
2071 2873 108
2929 4357 99
2413 1783 57
2957 2895 82
371 1427 190
4369 1114 192
3456 1333 102
408 2546 194
1808 1797 176
3112 4199 53
1911 2359 40
640 1823 71
2688 4997 57
108 4478 49
2687 1334 104
3071 987 180
4879 2186 55
1615 831 158
986 4466 45
2612 4149 22
4675 2706 144
4000 474 118
2192 1938 67
3953 2935 199
4200 743 102
4791 195 155
4487 2720 129
3215 1970 115
2914 4062 138
3459 357 66
4730 1399 58
1040 1312 175
3859 3142 50
82 3239 100
126 3995 115
951 699 89
2228 1464 110
4532 4555 49
3096 1851 155
2911 4851 113
4448 408 20
1421 3549 163
4955 2701 65
3437 3157 26
27 1159 12
4597 2688 4
294 1054 14
1196 0 12
906 4099 94
605 4083 172
4971 2853 98
2229 2682 137
3340 1221 31
3929 3371 9
1586 1323 196
2496 2207 162
2653 2686 164
3253 106 124
4204 1713 67
1267 3291 86
1522 1311 150
1853 1196 198
2844 814 73
2077 4933 103
4721 2866 164
1357 1890 109
105 835 200
4262 4564 17
4263 2833 111
410 4383 197
1175 2558 116
646 2158 191
237 346 31
4723 4279 54
1620 1903 118
4016 764 51
148 300 196
3023 3032 15
4774 3171 146
4241 3098 154
4588 1955 102
868 3592 142
2794 1426 136
1210 3090 75
3021 2379 182
730 1781 37
4169 1455 7
4687 1921 90
2644 3539 119
2778 1491 169
403 1580 8
4570 426 37
351 4152 29
3423 4767 153
4750 535 6
1560 4815 130
2315 1827 46
807 2059 88
3112 2277 162
4703 4110 11
4561 1874 39
789 914 96
592 681 100
842 441 16
2697 3640 165
3695 4242 156
100 1034 21
42 4318 135
2351 2009 148
3191 169 9
1612 2319 145
162 3830 171
4146 1212 133
4080 3688 1
3908 4551 162
3822 4554 46
3739 862 145
1239 2028 197
4607 2857 55
4296 3303 76
1593 2120 139
2115 3979 118
15 3469 84
3087 547 141
507 3846 27
4611 1299 191
1466 4661 82
1366 2784 150
1478 4589 93
915 29 82
2072 3948 110
741 2030 94
2894 4871 192
4939 2144 108
3479 2625 95
3175 4118 40
338 3197 195
508 4090 159
4616 3857 113
1481 2657 170
2663 3832 66
1664 233 107
4675 342 14
4275 4791 33
4270 1805 167
2036 2887 73
3157 551 124
3565 3525 46
833 203 188
2237 3764 173
714 4598 9
1288 4902 2
4616 3836 93
2172 1269 167
1414 2824 154
1783 1594 146
34 13 11
3607 794 5
1454 3549 19
2281 2341 30
1167 275 44
830 589 191
220 788 65
2437 3431 28
201 2595 103
39 653 15
4841 3026 19
4793 1330 52
4882 749 124
2943 1458 180
339 887 110
4904 2424 143
1553 4606 112
1765 4795 132
4911 3990 46
4743 1459 146
4910 3151 199
453 323 186
4544 727 34
3468 975 137
236 4958 114
1406 3097 50
1085 2954 113
4187 1506 162
1493 4368 88
2905 3606 39
2602 3713 16
3253 1732 47
1761 1697 138
2318 2137 14
141 619 69
3166 1082 79
3336 1425 23
1220 4590 99
1322 26 45
570 317 185
895 3972 87
2637 397 125
561 3512 73
4164 2464 87
2271 2605 76
484 3223 31
4051 426 95
3300 4168 59
4352 4151 43
4076 3106 125
4780 1856 173
2124 2940 113
4188 3824 176
2663 4445 136
618 3257 32
4126 4532 41
2695 2699 24
3704 1303 95
4309 472 66
1709 535 38
3476 682 57
1533 4017 28
2872 2589 97
3438 1692 161
2667 3478 36
1004 3356 103
3204 50 35
1497 1147 83
3031 3068 99
4465 1389 82
4588 3256 135
3673 3029 147
4555 276 102
2585 4396 9
2419 1486 88
3964 2542 68
828 4088 128
15 1020 52
1682 1757 194
3328 3243 138
3921 1694 191
153 3236 124
2822 4419 158
1804 655 154
3918 4444 73
4901 699 199
4295 4226 138
4144 721 131
3495 910 90
3886 3802 121
1565 245 144
226 24 4
1482 3038 114
541 1651 96
1379 471 105
4428 1422 27
269 2104 21
3613 4184 107
677 47 58
4006 3035 88
2574 4927 83
528 1893 72
3959 3252 36
3180 1537 132
3154 345 190
4648 3382 7
3699 504 153
4677 222 169
4900 3267 42
1203 1189 39
1589 3693 50
3481 4927 191
79 1201 55
910 2420 36
722 2625 6
629 8 185
1134 4277 11
3788 1057 171
75 2999 196
1021 3848 194
1664 459 75
2147 3366 123
2145 580 16
4677 1250 39
3305 3494 161
2820 640 113
945 99 36
4414 567 18
1467 3706 112
774 31 55
4286 1174 126
4241 967 8
3987 199 99
1942 11 144
1551 3392 86
2434 2351 104
911 2669 12
4476 1160 124
3694 2308 147
2643 1485 17
261 4185 137
1357 3800 20
4432 692 139
1986 279 23
1279 3667 9
4992 3198 130
4691 2559 72
1289 4451 122
4930 258 180
4992 1706 80
3514 1195 18
2274 2704 139
493 4102 169
1334 4944 2
4661 3122 30
3020 3073 171
4110 1249 138
783 1595 97
1196 1916 141
253 2306 114
1648 2482 66
249 3542 30
475 2554 153
2925 2963 41
2136 3814 167
3934 3763 72
1943 2898 171
1628 3259 133
4143 4445 20
3075 4444 67
2391 572 136
169 2639 25
1330 3846 134
1984 2166 87
3119 2440 9
2375 1624 110
2228 3487 159
3820 934 185
166 3793 200
3605 1595 65
124 4700 191
1788 4771 81
3735 482 8
114 3490 138
4434 2379 198
4144 4714 137
1990 4891 181
2770 2273 77
3517 808 135
3970 2688 101
49 433 170
712 1563 46
720 4827 23
4236 1618 196
3262 1256 82
4296 707 198
3003 1867 108
4077 4512 138
2804 4149 13
4600 4343 109
629 1973 25
2520 2375 73
3114 3612 28
1981 1240 43
4214 4367 183
641 1326 139
2597 3291 136
4741 2429 63
3627 3147 166
2717 3064 182
1766 2866 35
53 4549 3
954 2609 80
3453 3183 180
4200 1264 194
9 4220 122
3253 2245 79
966 4409 20
3382 2547 98
3378 477 7
1906 2129 78
3736 2012 9
3996 1835 94
1096 3743 148
3992 472 27
3178 677 70
3085 1835 43
2125 3723 131
3215 2816 101
1263 3846 172
1354 4453 178
4930 1305 28
3974 3545 153
4223 1734 113
4812 4218 124
4545 395 13
759 1455 94
3948 2945 54
783 1659 108
599 3282 63
2039 753 33
4383 263 76
3863 2215 29
885 4357 139
1471 925 12
4902 2827 179
4751 1129 84
2396 4401 184
3367 4986 40
1765 2570 80
2076 981 168
2873 2211 175
2098 3464 162
623 4931 153
1856 3615 77
1131 3776 37
388 1374 82
4535 1732 119
1811 1360 56
1183 1854 5
3623 1081 158
3255 466 56
941 3959 37
1989 52 176
2893 1389 190
2508 3587 159
2832 1544 27
4978 3277 129
4224 2651 18
4668 1486 34
4081 3195 177
2906 251 18
3229 4415 182
3854 2865 103
2765 4763 73
4313 4831 149
3254 595 166
220 4186 75
1384 4602 34
846 1181 200
2806 3212 172
4128 655 168
1417 1302 28
4108 3589 120
4175 760 15
4208 8 65
1803 3282 83
2068 2588 88
103 3418 55
2791 4644 180
221 4595 86
3931 4353 134
4281 3490 84
4922 1200 35
89 1253 25
2661 3597 115
1847 4213 77
3563 4011 8
3530 2970 78
4181 2370 101
29 2302 140
4422 854 109
111 4447 147
2513 4469 11
1448 815 127
4326 1489 164
1268 3019 116
1821 2263 109
1189 999 74
4731 321 152
2297 2653 192
403 4845 29
774 1200 161
3483 2853 88
3787 4217 89
2437 4839 78
2574 2477 162
2410 463 85
495 3671 52
4328 2391 143
4598 54 31
1454 1903 192
3421 2368 169
1702 104 36
1568 1632 18
452 11 113
433 4165 12
2063 1575 57
3080 285 178
521 1523 71
3054 4374 153
492 4334 28
1498 892 194
462 4608 145
3676 1668 118
4649 1803 111
965 3870 105
4187 2107 94
1305 1131 17
301 4288 199
3439 310 141
3791 291 182
1780 2168 42
1840 3188 180
2050 1610 193
1770 1689 173
3037 4979 132
2193 767 189
4020 1900 150
687 2725 8
1025 3570 36
602 3579 79
1972 4167 14
2369 2699 159
1433 4154 28
570 1623 89
1311 3543 60
2728 2616 39
4299 2842 81
470 3014 160
2579 1521 104
4856 1413 89
3737 766 111
2452 3380 66
3650 2994 119
2263 3942 123
4814 1036 70
1964 1049 129
3008 4880 80
2082 2492 162
3423 4559 77
2148 1335 23
1247 1035 185
4051 4317 89
678 2054 93
2840 3230 152
2359 4191 145
4633 2325 178
3371 2376 88
1756 983 193
2723 3104 199
1915 2806 200
4196 1423 8
3263 4518 83
4958 1465 168
4314 3523 174
1357 1678 75
1444 193 11
2708 2521 70
4803 4090 38
3993 2496 147
2895 782 105
276 4868 36
1622 2206 185
1958 4942 85
449 1898 28
3883 3499 15
4758 988 175
1559 3501 111
2073 3028 183
1300 3577 135
3182 1742 59
3827 4594 60
1648 1408 74
643 1906 36
2388 4923 149
3875 3235 99
4696 3287 199
3696 3977 100
308 2671 156
3506 3467 34
3362 661 182
1969 109 50
4820 309 119
502 1106 2
3994 1979 48
2663 2912 112
4199 3114 160
2003 4839 124
4712 1668 189
1346 3525 109
1233 4790 37
1151 723 48
1093 2523 179
928 644 154
590 3075 59
3081 3259 150
990 1066 196
1640 4364 7
3271 1255 113
2499 2922 101
1649 4678 50
1253 3909 148
4435 2142 5
3503 2793 33
4723 438 194
2206 4952 10
133 632 118
4343 4067 41
1875 2380 50
2794 1605 184
1496 289 46
4157 4002 181
2046 363 185
4184 2240 185
4548 1079 139
4617 1727 103
4079 2303 98
1284 4223 68
907 3822 98
113 3122 40
2754 4754 84
325 460 100
2453 1559 175
1323 2319 27
1052 442 16
179 4643 94
3932 4855 76
3806 1713 190
2569 3313 96
2677 3816 2
2925 2851 5
808 2479 52
2858 3117 97
1808 311 9
1021 2336 157
3305 2423 56
1459 4879 141
1796 3504 157
2139 240 88
1517 3283 27
2102 816 176
488 1638 199
4871 3889 165
1216 4294 22
1494 2621 45
229 2948 114
328 4775 78
3578 2203 115
155 788 196
3032 2108 86
3906 257 47
794 4587 29
4310 2135 34
3721 3508 31
4020 2122 56
1559 4897 136
1153 3110 37
4952 190 180
221 1485 79
242 1036 59
3333 2746 115
966 3244 44
37 667 118
1296 4256 97
272 4565 86
4985 4941 99
3544 3112 30
2061 3065 102
1450 4197 150
3937 2559 115
3034 2880 14
699 4581 54
4180 2831 155
1927 3954 62
879 3377 84
2791 2550 65
2261 1649 198
1229 1198 161
2563 2034 93
2605 4857 10
2785 584 147
3088 3922 138
1809 57 67
1026 3198 191
3063 1913 29
2610 713 139
242 1370 3
4472 235 19
679 1124 118
788 4497 191
3203 1811 153
2040 2911 6
4813 1739 137
1007 4250 178
2571 2347 18
4897 4105 86
1998 784 158
4971 2817 94
2912 2874 165
1709 4115 46
165 2501 89
4273 2904 143
4126 3940 198
1779 231 4
2401 4742 176
1331 1380 193
1571 4367 71
863 2700 49
14 865 136
27 1033 168
2954 611 20
1493 4740 33
4278 4270 155
840 2308 198
690 2473 27
4966 342 193
4027 4170 191
324 4189 59
3618 4764 38
3002 2787 128
3594 2487 94
4450 88 132
1900 1931 21
1717 1151 134
1647 4950 22
3852 4873 54
2 1920 76
1037 2262 8
4136 548 140
4923 3745 157
826 2891 69
3455 1313 53
2600 4659 83
1032 3008 22
4386 4735 58
3713 4020 35
458 2576 195
3535 1615 115
1023 965 91
4227 1572 26
1279 3842 71
1258 3041 77
1760 2055 167
2992 2443 66
1901 883 135
371 1775 164
4659 2309 162
2441 4151 16
492 32 126
267 1831 35
3137 1739 67
297 2156 19
4967 3194 2
3478 3927 87
2770 1971 40
4219 2640 140
4925 320 102
4761 834 94
2935 342 39
3920 1540 179
4723 4684 142
1820 4439 53
2544 3581 98
2422 414 191
1183 66 110
690 1026 74
1675 3318 24
4011 1864 109
2346 4273 87
1439 129 194
4744 4369 75
2407 1804 169
4066 3600 135
4440 4539 43
4443 4122 138
2816 3151 146
4114 634 116
2533 4440 50
2534 3448 85
4655 2479 119
4600 1381 173
2835 4568 127
1210 3244 103
3137 4898 24
2658 3492 37
4254 3626 68
3075 4214 4
3032 4997 151
2612 3981 78
107 1092 198
4958 4928 25
760 454 12
3834 2093 165
4163 2024 74
4448 3413 57
1030 3478 79
566 632 72
2107 514 41
1564 4036 170
851 3527 120
4662 2181 193
4704 3148 200
4768 1374 132
3432 2038 122
4252 3559 133
4039 2187 47
4093 1959 25
1650 149 118
3018 4535 174
1803 1353 138
3537 1784 15
3493 3392 131
897 2125 81
4616 1022 180
1635 1858 175
1285 833 19
3005 1086 173
1875 3117 95
1842 2543 88
4639 3195 161
3057 2136 72
3612 584 200
1138 291 188
3911 152 149
473 570 200
19 3553 16
1861 63 149
3580 1359 66
1537 743 99
679 4909 55
3290 2949 109
1702 1589 6
2649 785 60
3534 3389 50
1989 296 121
537 4503 8
1841 3066 171
269 4547 35
2834 442 88
3658 1201 120
3464 86 64
4593 3815 64
567 1920 188
4509 2847 48
684 4182 132
3862 2173 53
3078 4282 29
4442 3678 136
2191 574 43
2740 3516 179
2155 3788 117
2357 4245 126
3270 4975 34
897 2276 34
4984 2754 197
4018 1814 140
1845 79 145
3193 2428 163
3683 4312 91
3203 971 147
4651 2524 61
3386 2878 198
4657 3631 93
4848 3823 69
2231 3120 93
60 3712 75
1874 1682 118
1662 282 176
4325 119 151
4029 4914 157
3480 4872 131
4403 2736 101
273 4852 47
3826 4454 178
1012 2740 185
3805 287 64
1645 3778 187
2833 304 94
3183 3704 190
660 651 99
4425 2935 14
4339 3579 45
4035 4296 137
2045 712 35
4488 4844 151
4302 1531 191
3932 2090 184
301 4740 11
3186 2592 157
1224 3966 54
4454 4314 30
23 4838 62
3394 3482 169
1560 4866 108
1364 1115 110
2541 3631 63
1205 3494 120
3870 3514 73
1475 1842 184
1931 2220 69
4524 544 188
1347 1777 81
2449 4172 181
4746 1917 186
632 284 78
786 2346 162
3389 1752 153
2897 4253 130
2857 1406 51
469 4731 131
3483 2647 182
2358 4238 56
4337 830 192
3292 2517 81
4580 4895 72
427 2424 91
3723 4700 179
3311 2354 132
4241 3622 65
3204 1542 191
2274 321 127
693 4339 126
931 2611 67
1276 1774 25
3001 4855 100
3069 379 84
2048 2720 148
177 2675 50
4654 656 97
4729 1565 134
1716 1291 82
2293 1209 76
394 1009 190
4138 382 145
2537 564 12
499 3148 9
4729 2082 187
3766 607 85
3804 3424 105
1803 3213 200
897 3038 119
2878 451 73
3294 2995 16
4214 2386 11
3075 1669 158
2772 3351 98
188 2844 149
827 4305 3
1370 2986 58
1609 4204 195
4828 4947 180
2298 1449 37
4787 3223 132
3691 1230 143
3516 4861 140
2103 3757 77
163 581 24
4645 2008 75
41 3767 43
2095 1430 120
2231 912 67
257 4013 95
2321 1833 8
2367 1460 144
4443 512 106
464 1644 123
3709 4161 66
4002 4481 112
89 1211 136
4394 3969 23
1367 4280 164
1617 330 190
4172 1470 123
912 1811 147
1588 1089 114
406 4099 120
4545 2842 3
4102 2270 62
902 4469 156
1793 3630 191
1571 4324 49
550 270 114
4561 3836 37
733 4768 144
2161 1245 72
1319 709 69
2895 1854 168
3299 1376 49
4213 3329 99
3500 1531 171
26 3703 150
292 2468 95
1419 348 155
2281 2352 72
134 4504 47
3509 1178 94
3763 559 194
1232 4728 130
3329 2033 180
1459 216 89
4675 2393 73
761 179 44
1657 4412 199
2583 4529 177
2797 153 11
151 1271 13
3792 2701 167
4403 2525 187
2546 3360 124
3287 4876 39
1022 3021 34
1914 4884 18
1329 1628 10
4395 3483 117
379 1294 152
2639 3166 123
423 1792 174
1869 4867 12
295 2704 88
4869 3170 78
2555 207 191
975 4928 34
344 482 115
1516 1137 74
3198 104 164
4910 3841 173
3320 1556 67
3507 2494 129
4541 1131 12
326 2525 171
2121 3256 190
841 2870 162
2756 3266 187
3232 35 87
4142 1160 116
1527 2254 29
2640 396 163
4864 3316 84
1567 786 186
144 2085 64
2615 4956 173
2939 2094 50
4552 2504 10
2930 1742 16
1031 2151 155
4661 471 198
3879 4852 32
3844 4761 20
3985 579 132
2920 4323 111
4840 1329 170
55 2592 171
2450 115 154
3712 2443 28
2079 1164 36
2274 4498 61
2749 470 123
1275 1083 41
2602 4432 167
1366 1806 62
1375 3576 67
366 2552 168
3216 185 117
17 4165 198
3183 66 130
2994 1643 189
4418 2320 138
1287 3636 109
2632 1051 136
1005 1029 179
212 3117 161
891 4445 60
318 953 122
1021 3368 107
4072 2394 121
2683 713 6
4675 4137 135
2046 1367 179
2776 1075 187
2434 1373 173
3364 818 11
4068 1499 11
3870 2347 74
583 222 154
1100 3488 71
4852 1345 27
2978 786 199
4932 2657 67
4851 4148 172
1997 1636 169
1087 4714 31
2369 4500 16
4707 3338 91
4596 340 191
2339 4377 11
575 4451 152
3136 2211 50
3700 2913 42
4985 2592 122
834 4080 46
1771 218 60
2915 2951 166
2292 4985 78
822 835 1
1827 3643 38
937 3702 141
3227 487 65
4483 4201 88
2839 1861 154
1668 2550 159
4891 4783 19
3963 3828 188
2323 4441 106
1550 509 116
478 668 115
4800 3191 47
4926 2739 114
712 3054 53
4382 135 150
900 2828 114
3789 2630 194
3671 3246 193
189 2941 24
4713 4548 116
2534 2732 80
2108 4189 60
669 4131 124
391 3843 166
1580 1539 198
4497 1919 186
1792 2132 83
1860 4590 171
1555 3493 61
4871 3949 137
2411 1787 174
3766 905 92
2409 4030 157
1140 3812 174
4931 2051 161
2781 3873 41
4832 2233 120
3161 2545 143
252 1003 166
988 1603 44
707 1780 43
4698 2958 166
2250 4151 41
1495 2160 79
3491 1568 200
1406 3373 157
3519 1400 86
3031 1318 13
1726 3094 106
4614 3183 181
3720 2293 197
1696 251 37
3068 1388 54
3378 3640 89
1140 332 70
2837 1385 123
4126 1374 43
2094 4554 1
129 2936 14
250 1289 32
1765 175 70
923 1244 49
1981 4382 85
4807 4285 50
3980 3191 77
2842 62 184
2534 3586 179
2021 4806 110
1010 719 117
315 3555 141
4367 2291 102
1025 4695 160
2767 4920 42
923 3874 28
2104 3599 25
4318 4020 21
2081 3899 187
203 610 39
1920 4609 147
1457 3651 112
3754 1010 176
1853 3601 64
2674 1375 138
3316 4973 96
4778 3084 129
2658 1728 28
2817 4039 28
2564 4049 26
2483 4838 156
1918 2758 186
2242 4625 129
359 982 131
862 3725 83
948 2815 169
549 3927 120
781 2867 69
2448 2073 160
4134 2512 192
2359 2352 163
864 3580 18
1433 4652 166
4348 4392 39
967 2964 16
3286 3883 6
4163 4632 29
1590 837 147
3563 2186 86
531 4041 78
4875 3167 129
3708 4225 184
3390 3981 41
2277 1271 55
3174 2429 151
4561 3833 192
4417 3333 132
1656 3494 121
1442 128 126
4328 2722 176
2371 1713 146
3209 639 25
30 177 7
1014 1919 58
3470 2113 183
4999 3888 117
536 179 184
3095 2186 78
640 1241 161
1763 2005 2
3587 1304 123
2213 45 81
962 505 53
112 2558 82
105 43 13
2130 3509 152
2681 2218 128
4255 1875 105
3644 41 190
190 4195 135
4071 3963 109
4946 4273 86
12 3529 133
1051 2183 11
797 1681 12
640 23 118
53 1579 133
1974 4531 127
4975 4492 54
4609 2409 171
4712 2094 16
288 1345 2
4972 2317 155
3560 3240 11
4148 1794 173
1386 4265 69
3625 3221 5
1062 4029 117
3536 4460 130
3510 1538 26
3873 4297 12
630 1640 54
2750 104 73
1474 4963 153
3235 537 30
3188 418 153
3918 778 200
3447 3013 53
4824 4696 26
2575 4603 5
3933 3629 105
3168 472 4
4920 1526 32
3189 2624 112
666 3053 51
1342 720 196
4584 2296 176
1670 2509 153
2468 4913 187
4383 2379 138
2906 2968 85
1226 2219 122
2506 4128 66
3070 1129 172
4577 4352 5
4829 1271 20
3728 1821 125
2909 3720 47
551 745 110
4905 3951 77
3882 4654 3
4103 4434 155
2357 1186 135
906 1737 67
3791 1966 15
250 1412 66
2647 2901 106
4485 4393 124
1516 3483 10
1049 493 161
4545 4003 162
75 2583 70
1227 2754 52
4807 3624 126
2986 750 166
3690 83 128
3407 439 87
2823 2279 64
1588 126 33
251 3047 52
2502 450 56
1040 4901 164
2621 2205 164
399 4152 51
3011 1108 178
1342 2903 164
3645 581 122
2611 1736 152
3974 1591 57
3859 807 115
4861 4594 159
2019 1570 25
762 1467 17
2708 1342 60
3120 265 173
3907 3587 15
209 2957 49
3008 173 49
3960 4655 11
281 946 86
3343 1667 55
1907 3712 128
128 2718 20
4271 1483 151
377 1780 41
1656 22 176
1250 2513 65
460 3606 123
416 4947 149
3404 3160 42
2868 1385 123
1491 4328 131
1408 4930 126
4782 1653 19
356 31 47
1172 4747 154
3839 1364 20
4780 1998 109
3589 929 55
4135 3022 91
3683 1339 6
4657 1316 70
4149 1090 19
1872 131 62
1171 3768 135
1699 715 26
1461 2666 129
653 2729 108
3329 162 146
1473 2283 10
1460 4764 152
3339 3143 164
2962 1070 131
2192 2986 190
4425 486 115
654 2220 78
3683 4493 172
4662 2104 119
2066 538 45
2840 4861 85
4802 4852 193
1135 2168 94
366 426 193
4505 2084 34
4268 2205 73
3437 3342 49
1235 3043 67
1790 4233 146
1129 308 146
1741 467 76
1013 1720 72
3309 2600 200
3330 3869 119
3819 2306 44
1093 46 70
1629 3390 55
4883 257 161
3055 157 55
2881 504 177
4427 2202 144
954 1263 63
3632 1712 121
4526 2584 122
3303 1996 106
3619 3208 163
3070 4264 32
743 3886 37
238 2685 70
3894 2555 187
310 3576 23
2872 3525 78
1728 1931 193
703 56 72
3358 4250 64
1220 2912 105
3137 1736 23
3080 1390 99
3567 4211 140
4968 3477 32
3391 3226 65
1427 441 148
625 1197 145
2945 3671 13
3879 1041 185
3884 3636 185
488 2651 93
4092 271 129
4100 4098 83
4707 3558 169
4336 4751 7
1754 1991 173
624 2914 92
722 3649 73
1010 2312 199
2681 1687 43
1604 4316 177
3312 4885 105
1382 4507 37
401 3874 75
3237 1929 119
3 1404 108
4103 702 177
3850 1877 4
2452 4568 141
1612 1618 45
4690 572 69
3259 461 56
80 4142 89
3891 4879 29
3418 1764 180
4606 2156 7
4475 1072 102
1971 1020 81
4348 4628 198
191 2616 101
4639 36 104
89 79 105
1242 2531 67
1420 689 200
1796 854 73
2813 4268 140
829 3524 129
2542 3821 57
1720 1190 36
1154 1962 39
796 4550 170
4838 2514 171
2442 4783 155
2730 862 85
108 2856 158
3700 4535 41
1533 3995 103
3858 2054 129
2915 177 194
2098 1254 65
3925 4099 92
748 2565 112
3909 205 162
29 1546 71
2224 3748 134
4748 2135 90
1298 3587 153
76 1314 188
3458 2331 148
1529 3601 55
3994 282 91
2786 800 188
4950 809 184
4829 3952 55
2183 4524 101
3462 1257 199
4197 1682 72
3000 1931 58
4165 4779 57
3770 793 47
2038 4888 180
661 4022 159
144 2487 112
1761 1257 119
4954 741 164
3912 1966 41
3083 474 125
2274 2920 92
465 998 85
1390 59 107
752 4082 123
130 1956 117
1949 4332 169
3812 4110 21
3345 3861 4
2903 2507 62
3178 476 184
3116 1040 191
3406 2895 92
4353 1896 192
3806 1362 12
658 3657 108
4355 4471 3
4190 1270 5
1939 404 50
1575 523 17
1117 4048 35
1705 2084 67
2649 4839 151
4536 2852 200
3435 4644 150
3297 916 51
3926 199 180
1924 3643 25
3643 1543 122
3466 302 91
127 4645 58
3646 4280 197
3534 3049 114
3391 4101 62
2581 1204 96
4213 2659 150
2722 1296 33
4322 2610 183
3495 2879 43
1095 4874 25
4998 3163 52
1496 116 101
4747 449 136
728 2454 111
8 4618 131
2541 3393 9
3890 4224 24
4407 4435 75
1732 3386 179
351 1341 59
1279 2020 72
4607 1155 6
4377 2557 90
3109 3406 19
3468 3128 138
2579 2405 38
2965 3270 64
1911 3320 195
4746 603 21
3667 4239 180
4730 4282 7
1953 3515 194
2866 1351 13
1244 3406 148
2549 4755 48
225 4222 149
205 2448 127
277 4622 111
4970 1807 2
4239 4031 167
3740 2961 45
2005 4563 172
1422 1006 143
3075 3049 96
4917 1655 113
1520 2402 189
4882 3881 172
3738 137 10
3539 433 41
2465 1997 21
3800 4751 101
299 4151 31
3081 3654 119
1490 641 126
3405 601 147
4334 1589 174
3675 2262 130
750 3157 17
1906 2765 131
3659 2230 165
1025 949 133
1008 2106 47
2367 4056 189
7 1341 33
1625 4273 83
2670 1418 91
4790 3989 61
1907 1487 9
4607 2693 29
4446 3479 178
3056 4179 2
446 2743 185
3540 109 65
3833 2401 186
1103 652 177
2115 2990 179
1224 1697 80
2685 1123 63
1217 1017 61
2581 2692 128
4214 3551 27
3036 938 101
2005 593 53
1766 4271 5
2699 1081 83
715 1227 47
1644 4816 122
991 3822 193
4026 3773 130
3310 1168 70
2838 3349 51
4729 2393 123
127 2186 130
3632 3471 60
2207 660 79
137 3928 106
3430 2199 73
4694 2328 127
477 4443 39
2418 4117 132
4928 2047 6
1699 385 11
856 3985 158
2860 3016 121
4617 3401 20
2351 287 144
333 1329 126
322 4614 56
1897 2348 177
585 4275 91
4776 4237 184
4249 4334 119
4845 1863 171
501 2639 160
437 3221 71
1964 1593 113
82 1678 95
2319 4132 76
819 2183 130
644 3957 120
2405 1144 39
998 3937 144
2301 2385 101
4964 4277 195
3817 3118 38
1772 2466 121
3220 1067 26
4051 1487 122
327 2997 130
4266 2059 124
94 4761 41
2594 3355 60
2643 3691 190
4137 1720 102
1372 3220 1
3661 300 162
753 3008 34
3676 546 154
804 32 74
3661 3622 133
948 1476 112
2314 3344 11
723 433 2
571 123 67
2966 2582 61
3199 4256 145
2461 3983 48
4769 4362 16
1457 1524 129
4331 3272 144
2749 4161 152
2307 4693 191
4881 4141 188
74 2869 44
2082 1487 51
4066 3031 72
691 2732 31
755 3224 56
3949 656 106
1760 3432 92
3695 4215 11
2157 4952 61
4716 4034 167
4071 3614 69
1510 1589 8
260 40 151
4843 1984 104
1020 3328 73
3703 3502 77
2227 3110 123
3223 1103 26
3025 81 54
2676 3299 89
834 2173 5
191 913 30
663 3758 167
2300 1966 115
2830 1744 189
234 1307 67
1569 3269 165
3021 3333 148
4360 971 49
3286 1875 39
4541 1148 186
2640 4879 125
4215 944 189
2003 3321 35
3102 2514 39
1761 2864 111
4335 115 103
3803 1455 162
1885 2493 182
4402 1793 174
836 19 198
1029 515 14
1925 880 121
3722 2328 114
4832 1109 171
3734 4074 175
3357 4640 10
567 4063 131
2520 4295 31
2460 1224 153
4024 1875 197
3694 4960 135
2486 2622 91
992 3106 177
2800 397 113
3667 3053 91
4463 2260 95
2870 253 195
4233 1423 180
4522 4381 179
4237 42 18
2515 239 180
2649 2629 60
968 1650 151
2032 381 72
1018 2244 191
3004 411 50
3054 1392 131
158 945 128
1380 1916 167
645 3076 26
76 63 26
682 4975 13
1780 2560 56
2705 272 126
62 1841 70
1817 4500 12
115 477 154
3525 1928 9
1750 935 152
2023 1824 19
373 4759 155
1248 2249 136
2533 3517 32
1633 1319 99
648 3831 183
4602 4138 83
1279 774 9
1269 2760 132
1030 936 134
923 2267 42
2803 2169 59
596 3799 95
2887 3955 131
2568 1459 98
2620 3138 109
817 3625 48
3749 4764 77
544 2877 135
2719 3053 87
4426 2748 113
3644 588 188
3125 2831 133
2673 3637 48
4203 2193 107
2276 2661 179
4269 1031 7
3012 2195 178
1418 4455 79
4918 1653 20
2984 3220 42
4294 1122 111
2973 3333 187
4360 3826 180
1635 2990 178
1903 614 62
2264 1756 48
4110 1500 163
1210 1475 154
4365 1852 32
4996 2567 87
4462 3057 104
1332 669 105
3637 2228 121
2163 3672 75
511 3922 87
3049 2180 96
3904 4443 172
1318 4856 162
2622 3700 136
1294 2972 194
2439 1621 119
4095 4322 173
2118 3082 95
3504 2116 107
461 4640 39
3595 4189 38
2450 1134 193
3726 1492 9
1161 4211 88
1544 3380 169
3626 550 161
497 1656 144
1477 756 188
4181 2476 122
3991 739 96
22 1303 119
4341 816 127
3904 1258 165
2427 4350 146
3124 2114 57
407 333 60
3337 382 181
4890 2004 131
4225 4538 135
1347 1916 47
4467 408 140
4374 2689 53
3589 2794 178
440 4441 79
4020 3877 193
570 4473 165
3306 517 181
3764 1180 102
4635 4878 15
3190 2530 146
3507 3021 127
2597 3586 184
2119 3046 122
4427 1414 80
2713 128 95
3872 2316 69
4855 2886 44
2099 2109 7
3932 4920 32
2237 3225 188
1931 4855 21
2423 3975 59
158 4895 140
1470 1255 101
418 3699 128
1117 4768 128
4331 356 110
1955 180 18
1270 2424 130
1453 2821 52
3044 3917 104
2259 4586 162
1947 1803 69
2368 3027 161
3355 1930 180
1568 2656 179
4414 2701 170
1917 623 198
888 2491 182
2519 4565 10
4488 372 149
2593 96 17
4001 4399 71
3524 2496 33
705 65 138
3361 2306 27
2528 3465 157
886 4411 149
4290 1113 85
1525 261 104
2118 1024 78
1740 4805 66
4924 4803 39
4140 154 17
718 3586 108
2988 3470 69
3141 3045 164
304 726 16
2804 4253 195
2748 4324 117
3361 963 73
3789 1287 40
2075 483 119
3919 4628 150
4494 2677 58
658 668 175
3157 624 129
917 1524 170
592 1116 137
1651 4162 25
3284 3507 160
183 3213 182
515 4201 146
3178 2217 137
2927 4294 45
4558 3414 157
2032 3121 91
1081 2374 111
1617 4538 175
1655 4379 4
4999 3426 65
805 194 113
2507 1171 6
1493 3164 11
2771 1451 101
4226 4408 119
3961 77 179
2508 3449 59
2420 4803 149
3726 4124 79
2226 2617 197
2414 2267 153
1382 865 118
4421 4216 2
3776 2631 55
4755 3414 47
3143 4202 127
1735 984 50
2463 2440 134
1306 4650 147
1590 4285 161
1000 30 8
618 2768 127
350 2408 133
4600 2735 82
4165 1544 86
2729 1478 190
1647 4696 17
229 4252 200
295 2102 46
3438 96 154
1495 2849 54
688 2211 18
3879 688 13
4302 1143 147
597 2018 98
3260 3348 178
3157 3253 136
3037 3459 46
305 4398 51
4706 3425 103
4126 295 65
1498 2516 16
3725 2236 187
719 2350 118
4328 2266 62
2209 1629 175
197 2459 121
1979 3999 8
692 2124 46
3662 1326 63
122 4380 183
4941 685 102
40 2806 129
2038 158 144
3513 4697 189
2715 2116 169
3559 1785 155
3706 1690 61
1667 3523 64
358 4412 150
1191 493 197
613 2822 176
177 2768 175
2858 3706 126
2318 1308 113
4284 4758 66
478 3251 163
3451 2090 123
3937 4900 96
572 665 80
2496 3518 169
372 2091 29
2769 3194 185
4655 3265 175
589 3251 55
634 1359 85
2291 625 104
3448 4994 88
4759 3447 176
2006 3415 145
3956 4795 65
2574 510 143
3499 1855 188
2272 4087 85
4847 3879 159
1660 170 78
1275 4116 64
2855 1235 162
4867 433 142
2686 280 136
2598 769 191
4870 2109 176
3885 4440 1
1880 2833 64
4633 117 19
681 145 87
1918 201 25
3912 4102 47
4534 3300 171
2781 1128 171
3401 722 147
1860 1066 53
373 1935 25
838 4790 165
2781 2977 44
2494 502 40
490 4043 168
4650 3824 46
2003 2211 60
1683 3225 168
3429 4928 87
2460 2741 70
3948 1745 5
3642 3724 4
424 2319 46
1283 1160 10
3440 2093 70
4417 4551 85
2369 1414 51
841 2328 27
4694 2683 168
42 4011 121
1829 4399 177
777 3396 99
4332 4827 141
1685 3252 43
453 4028 125
648 2718 123
4556 4331 136
2903 881 62
1663 1591 69
3237 483 15
4107 4155 109
680 4418 113
4276 1461 119
1299 3204 18
262 2504 38
1090 4862 197
4961 1474 82
1276 3501 102
1602 2914 191
3244 1191 154
2948 1815 60
1512 503 83
662 4706 54
1246 1116 176
3486 1832 8
3603 4468 80
4921 3220 107
927 1850 130
1503 3730 58
4989 1407 159
2339 2707 24
4194 3046 69
3339 3330 130
4220 1141 107
2442 2698 165
150 1411 63
2895 560 19
925 2548 4
2691 1391 99
1660 900 123
655 2305 126
1951 1631 179
4441 2922 59
1475 1550 57
4920 851 110
65 2939 160
3134 2172 82
3912 740 107
3965 1619 57
674 1409 16
1389 1948 27
785 4503 138
4272 4811 73
231 2033 116
2417 2515 74
287 4249 192
3607 1671 46
1723 3103 76
1044 79 32
4699 4326 48
545 3261 82
2831 1300 74
807 3414 160
4865 3327 24
4771 1700 63
1681 4180 83
818 2033 13
4993 2779 79
3588 69 95
466 3296 8
2247 1312 134
3012 1019 185
1577 78 25
4920 4239 18
4729 4365 127
115 3393 112
4670 670 92
4842 3326 107
2508 4896 109
1107 198 85
1554 3594 154
3962 1537 184
3960 2067 158
924 134 77
2229 1141 156
3229 1173 141
4870 1159 139
4777 385 40
4657 2238 53
1279 4404 169
3695 4188 179
2409 4463 195
3482 635 85
2931 884 104
2397 4502 5
4900 1416 77
1627 4971 131
2662 2764 71
831 3659 121
457 511 87
799 3640 14
2027 3268 169
3677 4458 132
4155 3410 45
1257 1195 74
2731 1192 176
2093 3014 103
1539 1408 58
1801 2641 123
2931 2513 71
2577 89 11
4272 1406 33
3140 643 153
4400 3689 188
3999 1651 107
2451 3502 54
1766 2644 79
270 4512 26
156 1354 69
4631 4902 171
2326 3314 128
4836 2904 116
740 2645 191
2454 2090 79
1830 3495 175
1580 1921 157
3537 769 98
4758 2166 74
3639 4537 51
4943 3762 196
4198 2941 174
3721 27 163
2685 1757 165
2518 1853 133
49 4010 10
1420 3525 163
1716 1554 70
4716 2758 18
2666 1274 46
3567 3110 59
4710 4497 81
664 4656 32
3043 4009 87
282 889 89
2279 1538 104
4318 1116 29
774 314 174
1641 4678 73
984 2746 143
4158 4151 127
2396 2233 157
2486 1653 119
4900 4760 147
4940 2782 72
3192 2495 152
2804 1506 89
3947 3854 78
943 4393 133
1496 2891 28
3403 2245 193
3137 652 170
4951 4449 182
4716 3195 14
1575 2324 56
2226 2983 134
4126 1280 175
77 1378 99
915 3191 39
260 3241 192
4575 2284 156
668 2477 48
4483 879 80
4929 2018 160
4452 1576 186
1550 3166 142
3718 2195 170
1240 3019 182
4890 3535 154
2176 546 123
3538 1047 27
3462 379 32
936 3941 177
2924 2431 191
1289 3346 54
1406 4370 43
1517 4179 178
1287 2085 170
912 980 156
1827 4427 157
192 783 60
741 2918 103
3633 3497 151
2086 1030 28
186 3351 144
1851 585 95
3486 142 57
2969 1643 166
4678 1880 10
4535 4464 69
4973 3774 28
4959 2866 45
1313 3207 57
775 1914 1
3259 3984 28
4677 4679 149
3788 3275 113
1621 2868 43
2000 1880 200
2969 250 180
1223 4109 101
4299 4120 102
481 1935 14
2781 2924 150
3129 1022 106
1887 3768 23
2861 3378 61
4769 4966 28
1235 4907 141
1333 1253 89
4271 619 92
3419 4962 135
2275 615 86
1180 2256 62
145 3926 39
3403 61 22
932 3725 110
1664 1098 148
4658 3684 43
4575 508 57
2299 1329 124
4491 4760 162
950 4869 144
832 402 176
701 11 69
599 1190 77
1946 3068 12
519 1732 52
852 3871 25
2100 1933 68
467 1108 23
4144 3723 136
2057 4803 34
1481 472 140
4172 2802 96
2817 416 141
4477 1366 127
3202 1384 48
2765 4991 199
1527 798 24
1208 1553 118
534 4041 9
2483 595 141
942 4441 154
435 429 176
1458 292 134
2186 4328 119
4459 179 91
4433 50 109
4711 2243 105
1302 4194 152
2816 727 155
3889 1855 144
1036 4716 6
4889 1711 149
2771 4254 141
2999 2539 85
512 4197 161
1374 3672 90
3851 1486 25
1664 30 31
3976 671 66
1523 915 186
3136 122 102
197 3125 78
3784 374 120
2814 3147 13
3750 3916 185
4471 81 140
1304 2284 151
1022 3366 90
4262 3600 141
4682 1267 48
950 118 191
4586 985 44
129 1913 56
1717 2118 84
4259 4158 171
1909 3619 41
410 4534 39
654 3496 169
2628 3585 59
2656 3564 6
3023 1759 79
4787 1014 66
3734 2482 167
242 417 96
940 1408 105
1203 868 109
750 3299 80
770 4511 28
4252 3184 128
1548 1582 133
4932 4197 164
3853 4849 86
133 44 16
3614 4942 140
3170 1053 165
851 4126 167
4791 140 22
4389 315 142
1246 1407 176
4667 3554 136
584 4966 111
2804 1706 200
2120 3855 102
2470 4793 4
192 3625 23
3461 3052 167
2482 4555 40
4745 1979 186
1060 3833 56
4558 1756 101
1571 2941 188
2227 1671 145
4345 3017 155
3486 27 6
966 1493 6
1046 3288 156
735 2886 135
1774 697 144
1933 2420 109
1506 3029 93
1431 3975 180
3491 579 136
3580 371 140
3685 3513 71
4347 3859 5
1216 452 177
3340 2546 73
1895 1632 28
865 2011 151
2177 161 71
1127 3277 182
4801 401 158
2003 1366 9
3507 325 194
4306 2514 10
373 1517 81
398 2010 161
3543 925 141
2835 4998 90
3184 395 142
253 295 63
2270 2865 46
1759 894 106
2419 2983 3
2450 2808 122
359 552 79
1695 2434 178
561 1534 79
3336 3859 172
1147 2416 35
3272 2763 6
3546 175 18
696 4831 187
4467 2119 92
4253 2134 15
2606 4193 145
4726 252 54
2528 4456 185
4347 4553 32
2614 844 111
4119 3717 26
1264 2085 4
2335 235 190
2243 1734 176
2314 1018 151
2705 3038 57
2687 4793 23
2353 2683 40
1152 3147 139
495 2268 11
18 3075 117
1086 4505 81
4746 1734 138
4696 2964 143
1046 3374 199
2036 3599 114
3981 465 47
2783 99 51
3726 459 37
1254 3888 59
3524 1770 155
1359 4458 145
1365 438 78
1423 4337 142
1354 2907 104
3702 1743 62
3642 1345 200
2429 1971 47
2347 1139 177
1625 2505 175
3025 2766 172
4148 1782 117
742 2095 1
2150 493 34
4419 1372 139
2270 2060 49
2905 2048 54
1788 2353 161
3938 2137 169
4488 2783 116
330 3910 57
3184 685 131
4956 4591 68
2488 3351 126
4661 4497 4
850 2521 165
3770 2026 57
2290 3915 97
3927 3351 71
3757 2095 189
4326 3974 60
4714 4930 29
4158 3185 72
2804 214 119
1798 2935 34
1027 3557 125
530 2856 190
3096 3640 192
1240 4600 141
2013 3100 126
1308 4668 18
799 1337 79
4563 4757 122
2317 2683 192
442 4813 89
2919 1812 99
3710 220 123
2014 3185 167
421 619 49
3368 2596 167
2824 3110 156
1276 2308 33
2639 3527 47
4967 1340 138
3213 1605 84
1330 2035 82
3428 2076 186
519 139 187
1753 2526 187
153 4551 76
2571 2999 143
2972 128 17
859 430 75
4256 4832 200
4018 2818 152
4888 3406 184
400 1290 148
523 969 139
852 4577 107
1759 1493 191
2034 1623 103
1675 3105 187
1311 3252 11
4014 1541 46
3124 745 111
3597 4783 62
1102 4882 119
902 1767 5
1044 1383 183
590 3567 44
928 4118 85
2655 4049 63
3997 3356 157
4723 662 43
4364 1475 177
1992 4469 69
4879 1065 177
559 2927 89
1186 282 87
284 2256 54
3277 926 105
2917 1833 32
4823 2604 113
1655 907 179
674 1792 37
1237 582 50
268 4819 102
2326 4727 1
1359 3805 138
315 393 140
1259 4515 113
4981 2722 104
1653 2395 141
778 1316 79
2791 3861 163
499 4112 16
906 4055 78
2872 868 35
4344 4267 141
1656 4232 170
4178 4034 54
4186 2715 117
2672 1903 189
2359 269 28
574 1206 199
616 4810 87
597 4485 42
4087 2725 54
3041 983 14
523 2128 191
4843 3905 143
1588 1105 41
691 4182 88
98 3010 24
1421 283 194
1771 2738 55
2886 4447 135
2580 2679 85
3744 3119 79
3931 1005 141
2279 850 143
2543 2856 101
332 2857 109
4223 363 165
3355 3207 137
1687 1778 121
1440 3636 123
4073 4631 72
2064 4027 107
4914 241 9
4497 3283 56
161 516 200
4428 296 82
3879 1617 149
2751 681 141
1723 2299 115
1973 2650 77
1663 99 96
1501 3954 24
2095 3894 186
1132 2612 168
4851 4490 103
3491 1004 175
1211 1413 121
4927 1817 82
2084 3744 120
3465 1112 142
2220 3266 177
644 3247 36
3770 4257 158
3330 4034 38
1106 3323 161
2460 2590 46
43 986 33
851 223 51
1001 2116 187
587 1455 160
2309 3007 3
1766 1534 177
1668 1342 187
3722 2801 154
2511 4735 174
2008 1927 124
2037 3872 113
2341 621 72
169 2798 34
2259 4343 18
1791 3480 15
3663 466 197
3235 3581 19
1601 574 30
502 2582 158
2118 2051 35
3195 1585 111
3174 2615 50
4741 3590 106
654 956 181
4239 2086 21
4232 334 145
3861 4896 13
2175 1756 161
2778 3911 121
2879 640 144
1119 3750 65
4058 3325 126
780 676 29
3763 4851 143
1375 961 63
4206 2064 173
409 879 83
446 693 185
2584 3144 196
627 1852 127
1027 620 5
783 1458 93
4151 247 43
3129 1502 147
3483 3172 198
3175 2903 119
4408 215 149
4151 2314 11
4210 3285 18
4324 2604 183
4334 4024 116
2251 2856 10
4958 1481 129
2017 2518 61
2039 2824 55
1329 2083 52
1399 2553 1
4310 3465 135
188 4063 192
3259 1755 186
1625 4476 170
4793 1692 48
1974 1705 200
2821 507 184
2684 1153 20
2977 3727 101
692 775 139
4211 4533 197
1102 4430 3
1290 1847 86
178 4194 152
816 3217 150
146 4795 3
1730 2505 174
3612 749 161
3020 430 137
2754 2879 118
4128 3172 81
553 4150 184
4955 1232 145
2175 2967 115
108 1368 177
284 2680 74
958 2008 90
2336 925 106
3350 1877 179
2868 625 116
2727 3985 43
2825 1164 155
1319 2694 67
2763 4547 92
2949 1119 90
2930 1053 124
4398 3676 66
4635 2713 154
2521 1731 161
320 1790 82
4432 3815 97
4341 3920 29
4907 4322 116
3417 2615 7
2968 1094 60
3749 3008 10
2222 2764 4
3400 105 122
783 3423 189
80 4814 46
2131 2657 179
4961 3805 190
4264 842 35
1190 4079 29
1870 2246 84
4678 237 161
3402 3096 198
3587 795 178
1131 781 127
823 3523 13
2851 1112 128
56 4547 22
2299 4428 38
2543 4219 196
3894 2345 67
3663 576 126
1248 4196 183
4634 1327 108
25 1451 195
2387 1794 132
3681 3291 86
1013 966 147
2886 1824 199
2942 2490 72
3636 2971 149
1798 1152 37
1859 1832 184
3805 877 15
3119 985 188
698 4825 48
2160 1937 181
3759 3326 160
4610 2371 152
453 1777 81
989 4717 185
4620 2382 199
4627 585 81
1195 4230 48
3245 2573 19
3177 4435 106
4598 613 12
372 4782 8
3139 547 121
3231 1730 113
529 542 129
3798 3043 113
4720 3877 34
2684 1675 98
449 4615 58
2821 2836 118
366 269 150
1729 2759 18
875 3869 129
4149 1261 91
1212 2581 42
307 1520 95
2001 3093 13
320 3963 151
3071 4823 165
2119 606 138
2984 4356 153
1466 3152 169
585 4867 25
4541 553 194
1652 1745 74
2881 214 173
4457 4641 168
3102 2545 27
152 469 171
4785 3395 173
4487 2613 92
4888 4502 189
3533 220 6
390 1393 157
3866 330 26
3326 1972 136
964 2116 200
1186 703 135
120 3063 171
3309 2302 188
4779 4234 50
542 1193 78
1474 4094 79
2042 926 191
2961 333 32
485 1168 159
1 4195 24
4896 3150 32
239 4803 96
2795 3894 146
776 945 111
3270 2927 32
2597 4216 17
4445 3513 87
224 4656 71
2645 1980 71
3677 4806 166
2210 4754 12
1882 3466 171
3408 1194 116
143 1030 118
2174 1082 163
3533 1276 69
4701 4806 142
153 3780 104
2262 2793 145
4677 1425 85
3064 2843 7
1290 1082 72
1360 1460 58
587 474 83
1279 3647 177
4650 4124 193
969 2546 184
207 2586 115
4617 2136 24
137 3673 174
4090 962 154
735 62 11
1872 4521 69
2209 1081 130
3292 195 162
763 1665 83
982 2163 188
3330 3106 48
4320 2880 32
4327 2228 185
1764 1898 197
2138 1350 151
43 4855 163
1707 1236 7
2462 4469 15
4022 2279 126
4869 4895 166
3387 437 138
979 4049 67
4256 2011 8
995 4251 152
414 2892 40
2273 3275 44
2133 2419 52
1010 2597 4
2333 3075 31
3678 2097 83
571 2494 100
732 2395 47
2331 205 13
1402 1964 56
3389 2435 191
3878 3207 153
3731 3065 153
3120 1203 12
3652 108 62
3487 4871 43
3250 1250 165
1483 2815 107
2851 3622 24
1069 666 151
2546 1236 156
1942 951 79
486 3509 162
3969 4499 118
833 3411 31
4205 4319 23
1199 1446 15
2890 180 155
500 4285 199
2280 938 135
4853 780 47
55 881 133
2035 2688 167
2014 1210 24
1506 3149 16
1661 1407 27
3426 4661 113
1974 2160 199
305 4254 46
3928 951 176
2464 1811 146
4873 3108 35
3594 1312 32
495 124 158
4128 1088 148
1916 2610 88
3643 3695 40
2599 2150 80
1443 2658 143
1122 2279 121
1364 4192 166
1033 506 168
2071 3100 108
1311 2087 65
717 3304 131
39 272 144
3062 3731 15
600 3180 17
3839 2061 165
4409 4471 141
4045 511 47
2142 3205 125
3821 316 100
2486 4544 165
582 823 101
698 1466 9
1982 34 80
4854 4837 34
4189 1053 54
4227 4584 146
1105 758 156
387 796 191
1516 2680 101
323 1621 23
2892 1820 67
1839 3421 7
596 1200 41
2040 2273 149
2554 4582 38
1993 1812 46
3177 1092 95
1006 4766 177
1152 3316 103
2177 4333 16
1960 3439 149
3915 3222 159
1780 1778 85
2098 3675 119
3711 2344 116
2107 472 113
578 713 133
1238 2124 200
2929 4264 184
114 991 131
419 70 97
4701 1668 165
1461 2934 166
913 1199 147
1203 1191 96
3191 4419 141
3003 1838 74
4896 3109 54
1134 1997 10
1489 2837 40
3954 1648 155
2514 1202 149
831 419 62
2716 4509 24
2776 3797 108
599 3060 78
1046 2125 34
3304 237 41
3304 1115 17
4139 4729 175
717 1261 46
3231 1094 74
4009 4833 3
4093 1144 77
3558 1135 133
3301 4744 69
4217 2222 105
2 182 34
4916 4253 178
4822 318 168
2533 203 5
984 194 60
115 4302 3
2199 1657 110
3123 1897 183
3647 3006 177
2838 3295 4
1910 4270 121
2847 517 105
2466 4123 96
1908 2620 43
101 3213 150
4167 279 63
2460 3744 60
4551 4952 12
3409 4480 75
2395 290 65
1519 1319 41
2194 2665 8
2865 2477 53
524 213 40
934 3243 176
3565 2392 199
281 4241 186
1279 3679 114
602 1594 63
1776 1036 159
837 2315 14
4127 433 35
3570 4323 144
4569 3727 175
1187 2425 194
4597 1781 153
3484 1012 172
1986 80 117
1897 2171 79
1997 2277 139
1457 75 32
459 1344 57
2533 1129 16
3118 661 190
77 1303 69
744 945 28
4156 4450 119
645 4090 197
2213 2947 141
4552 2305 1
4265 4594 134
3231 2643 84
3402 3942 137
4779 1525 70
319 1232 30
1713 2661 16
3978 3770 104
4838 1305 94
873 1979 149
4222 4597 182
534 3822 25
4957 1132 38
4190 1016 24
4981 2702 125
3326 4363 8
2788 4289 170
50 2866 97
1012 106 1
4497 3200 199
3660 3169 84
2735 4989 3
3589 2412 31
2146 4930 36
2806 4420 34
3938 840 1
1372 1139 191
861 2748 175
4350 2207 185
4209 254 53
3442 2499 10
1128 4462 103
3813 4784 65
3394 864 132
4625 638 65
228 3669 42
1060 4693 54
3407 1850 103
292 2551 102
2123 2887 154
4754 4723 95
3685 1688 110
2050 950 130
2437 4442 23
825 3707 183
3899 1659 5
3871 527 27
2227 1641 182
4699 904 175
2471 4740 9
1048 4085 154
2205 3538 56
2947 3756 116
4372 1453 93
777 563 86
38 4278 184
4146 4016 98
3743 4320 53
340 3451 119
3454 3918 180
2296 4250 29
1529 4566 36
1744 151 9
4201 182 180
1836 2722 112
3351 3870 113
2092 3556 179
483 2721 64
177 1726 156
1532 46 173
327 1719 13
2069 1225 130
3134 3020 79
3951 1290 89
3998 1975 44
178 1697 61
1113 3374 6
3864 4303 67
3209 2907 107
124 2360 88
1263 2126 5
1606 842 59
3325 3914 103
4676 669 22
2784 2276 134
4745 3267 40
2635 1946 149
1695 613 105
3630 1042 78
2137 691 97
2520 43 50
4502 2580 152
1860 2871 103
697 1893 11
4142 3764 152
935 3920 51
337 659 88
3545 4173 197
2759 2353 94
2790 2519 51
3044 1851 83
611 4552 130
4009 4141 123
4565 3982 151
1039 3101 104
2273 3255 4
3501 4658 168
4646 3233 200
4237 2795 67
923 3872 73
1837 3852 186
3393 2273 125
410 2019 62
3868 801 63
3337 2292 185
2208 2054 169
3133 3196 188
1021 2361 59
525 1953 72
4632 3929 56
3668 526 18
2930 541 159
850 3649 26
3770 1246 26
3268 1192 107
4624 4292 154
302 957 5
3703 3196 55
4715 4732 192
3129 1392 136
4562 1012 197
322 2825 136
1292 4143 113
2567 2 114
4823 3390 16
3214 606 151
967 506 92
4573 1473 200
2725 1265 2
720 1987 117
3707 3253 47
2507 3758 42
192 649 180
4311 4184 122
1561 3459 101
88 2015 30
4385 2233 6
1959 1497 75
2991 136 130
1627 2958 75
2334 2783 126
2637 4764 180
1453 4710 196
523 1525 43
430 1996 187
581 2617 141
4191 879 175
2397 4689 167
3436 3673 51
4815 3589 81
3368 1381 76
3900 97 93
230 78 181
3231 1964 42
383 501 158
4627 809 67
2962 3540 125
2250 802 153
257 3897 178
2206 2423 63
1957 1939 34
3454 981 146
3291 4852 178
4536 521 87
4464 767 133
411 578 100
3962 4936 164
2966 713 3
793 2059 184
2117 1434 199
4961 1899 189
1097 2086 74
3018 1520 153
747 232 103
3638 3376 157
4009 4864 145
1753 2504 34
3969 4537 189
338 2033 119
940 425 31
3477 3051 182
3362 1191 94
372 1266 199
4191 4355 78
1520 2051 106
3593 4331 171
816 4208 175
197 4433 147
143 2076 5
4373 2166 16
3977 1088 134
1491 4478 158
674 1219 134
452 4067 1
3328 988 54
1876 1060 173
3329 1120 32
1008 3004 175
2768 3807 90
1032 3906 114
2868 4423 93
1782 2278 137
3928 4842 9
321 2382 78
870 3545 133
166 1971 46
1436 4471 83
894 1282 52
1295 4688 113
212 1515 23
217 1970 183
289 4566 143
4332 2672 1
4812 2383 177
3587 1455 133
3189 4898 95
397 1577 126
2284 2978 73
2012 4381 118
1031 47 22
4865 4113 53
1019 2470 73
2387 2650 76
2957 1161 80
2480 143 176
750 544 168
4631 2424 56
12 747 97
4974 2274 91
4299 3008 55
4007 4637 88
3420 4951 25
456 2897 144
4239 2816 158
2416 952 99
768 1808 33
6 2301 119
3281 2007 28
3274 4398 97
2656 4438 169
1684 1921 78
2217 3818 70
79 2661 90
2720 1902 153
742 890 105
1106 3071 176
3625 1639 107
90 3956 45
3175 250 199
2660 4422 152
519 1152 192
2933 3597 30
3357 655 72
2678 1925 144
347 4010 74
2994 2949 170
3419 3049 110
2049 1344 162
1724 2661 12
4780 210 5
3739 2857 143
2639 3691 143
4931 2636 164
2470 2068 97
2088 4605 29
2818 733 97
372 2322 132
3561 4018 137
4309 4168 187
1472 961 47
4020 1939 12
4907 3345 59
3644 2487 196
1244 3402 174
1353 3102 118
4052 1876 27
1542 2351 193
4784 3859 101
4594 4688 44
714 3483 3
579 3571 183
3213 1715 42
1324 3908 145
4461 969 200
1062 3746 147
4085 2809 113
86 1214 65
3501 3902 160
4927 1014 131
4231 3024 100
1306 1374 78
4184 574 39
4549 3183 43
4593 1681 164
3753 3362 154
720 3124 112
3727 1790 56
4548 1424 38
3369 2763 83
4586 4671 24
1007 1743 60
113 3229 129
22 2217 79
74 2759 191
2611 278 95
888 4160 196
218 730 189
4106 3788 199
3048 1034 31
2617 2561 13
4667 2797 197
706 2803 118
4717 664 124
3987 2603 37
3968 485 108
329 3102 16
552 2895 178
4450 4212 168
2519 281 151
2202 2248 13
1360 1305 68
2349 1795 160
3838 2472 122
339 4385 97
199 3282 1
164 4317 122
4643 2377 101
3040 4860 162
3523 2130 94
1929 4101 185
1707 2704 11
269 1507 28
2464 1812 120
821 1255 127
4900 1468 95
769 3499 72
4549 3562 20
4619 1704 27
2096 597 37
4742 10 51
1553 4496 133
1922 3708 172
2350 1626 113
3900 314 90
4801 2493 129
2786 4068 108
814 1712 15
3647 3928 82
3632 4209 25
1345 3212 72
1241 3343 143
4902 798 149
1346 760 115
3728 2790 164
3179 4814 36
4443 3369 81
1438 2829 150
2797 501 157
1303 4543 113
1249 544 26
742 3387 145
1013 1729 135
2397 3932 160
1279 786 192
1789 4982 200
914 842 125
4266 912 151
1892 3042 195
902 2446 197
4224 44 167
853 2650 48
291 802 97
1884 1940 15
4614 280 110
3657 4091 68
3631 1226 50
4250 2973 18
4735 2074 155
2955 4201 181
144 1619 66
1753 1748 155
3975 4275 79
2522 676 126
1636 501 165
472 2069 78
2770 3292 172
3687 4717 128
2274 4977 89
3013 3189 29
4968 4324 168
4848 4902 115
767 3419 85
2477 3701 159
4500 4063 187
2052 3028 61
548 2608 167
4362 4990 107
4292 4740 39
4029 1017 35
3551 2800 91
449 2119 88
459 1587 116
3053 1238 123
2335 920 183
1022 4170 2
297 4728 182
1735 2268 83
3380 3023 74
4374 213 187
2980 400 47
851 3491 105
11 3875 20
3200 773 156
1975 2918 79
2686 4100 183
3008 3696 41
504 1973 71
1648 3497 74
4139 1121 162
428 2117 135
3992 12 59
2840 3845 185
2562 2028 102
167 474 6
1420 278 187
2491 1411 105
2244 2476 120
3264 1121 15
2642 906 3
870 3080 80
1144 2163 200
831 2968 61
428 4377 48
144 4014 15
2869 2436 2
516 1881 39
2242 334 18
2505 4106 177
508 1937 74
2953 3031 23
2952 369 121
3158 1858 171
1786 3555 129
1059 3949 69
1008 4430 106
2790 2065 100
143 2499 87
3534 1044 172
1820 1676 172
863 3666 36
2366 4021 21
3215 4385 174
1628 3888 84
993 357 170
3673 4315 62
44 2409 178
2844 146 166
2120 1279 51
1190 4962 139
1081 1028 13
29 1273 13
3895 3810 2
191 4063 196
3481 744 96
2627 4955 131
4073 1585 41
4591 72 199
4852 3717 59
2207 1248 19
909 1719 11
3177 4916 37
1283 2445 126
2241 4125 91
2059 2596 71
3675 4228 63
4413 2877 143
2688 1840 196
4690 3837 57
2467 3565 27
4145 4982 184
2697 1786 189
1978 2733 62
1501 305 161
972 4253 139
4200 2793 48
3290 3737 152
2498 1219 13
4314 3249 85
12 696 60
3493 2849 12
2603 4062 167
4316 3187 52
4620 4229 82
566 4658 115
4324 4265 109
2117 1303 175
1344 1781 108
2949 1480 76
4684 4705 186
1625 4730 24
2186 63 168
1932 4440 132
1656 10 151
3436 3005 136
2498 3900 19
1403 4395 128
2240 683 111
2796 4894 168
3112 4231 17
3876 2534 113
1626 1590 1
92 3118 143
4420 2221 26
1692 126 154
1819 1890 94
332 4461 61
2105 1675 134
1063 249 175
2229 2629 194
1865 3298 83
4832 1880 17
3999 2807 189
3851 744 70
2630 800 29
3864 726 59
3993 2255 97
2976 617 99
4124 4051 158
2987 4185 87
3156 1309 183
3718 1488 43
1005 2673 174
20 1875 60
4287 673 65
1803 399 154
2480 884 154
2131 2851 176
4965 3115 136
2126 4344 50
576 4227 64
4859 778 32
560 3082 28
4359 2884 90
4695 2001 150
3026 3648 189
3240 460 155
4309 614 56
2761 3902 6
543 104 186
718 6 176
1890 1547 45
2184 4730 120
2506 4486 161
3801 4997 51
4234 2062 78
4475 1817 172
1397 2481 35
3564 765 88
2233 628 99
2531 1440 82
4880 3650 79
1107 1934 102
2242 3025 104
1602 382 72
2345 465 114
752 1926 141
3173 877 145
4041 3703 128
4554 2423 69
4150 4065 196
712 1742 82
294 4378 132
292 2020 181
3618 629 101
4215 2139 36
1823 3763 135
2969 1495 172
4441 4418 166
3495 2731 58
399 2083 65
639 3748 38
4434 4774 182
812 3720 99
4370 4308 126
1831 1318 62
1184 2006 42
2915 3844 90
2080 177 108
3150 3114 40
2692 3312 170
3130 2317 193
300 2850 104
4147 4885 8
53 3925 188
4357 4528 28
806 478 44
3806 3979 159
3189 2763 156
490 2144 161
2260 3434 182
1761 19 38
1098 2640 181
3860 4810 156
3249 1631 176
143 1603 28
2950 507 176
685 1654 24
1168 2608 56
1243 4133 107
460 2340 31
324 332 26
2961 2465 187
3316 2459 31
2431 12 62
4879 3249 72
1317 4523 99
4908 3117 30
2096 662 134
3748 2740 118
2760 1908 42
2551 1525 116
1435 3708 190
3064 2778 56
1459 1013 66
904 909 62
1983 3710 87
3864 2074 155
4989 3684 139
1198 3373 87
721 2989 75
4254 2997 189
4421 3232 57
4454 3388 128
1077 4501 98
452 2862 21
3605 708 191
1186 97 104
3448 1360 10
2773 27 165
4814 3579 67
3294 1942 60
2516 1943 170
3802 2285 147
2195 154 96
2403 3193 73
3481 2931 131
1536 4409 159
2995 2716 50
3627 3375 117
3708 3794 35
2663 3636 126
1560 1583 178
4741 2878 156
1359 4237 5
1662 4773 84
4542 1380 38
1891 102 110
2005 590 169
178 761 16
3290 1324 68
2310 3133 174
641 3350 29
4350 4568 42
2976 3991 107
4907 4341 46
3922 3115 166
3877 1736 7
55 3271 86
4302 2412 79
1636 4232 55
171 3907 101
1276 1065 134
3037 4590 173
190 1535 179
4291 4570 105
1017 1644 75
855 1314 23
4268 1401 121
4178 2446 116
3522 483 175
2058 4431 125
2745 1150 108
4201 1406 126
1763 165 87
811 4809 35
2963 2823 165
1208 906 138
1104 188 15
3664 965 187
2043 1984 56
4853 4067 49
4761 2187 153
4674 1222 23
1711 899 159
1461 1805 99
3953 2841 34
3350 139 164
277 4479 165
3747 3658 144
1610 2963 177
3026 3566 43
1143 2016 161
3612 2365 36
1288 3862 165
2755 2002 17
4014 3943 102
3300 1432 112
3616 2338 137
2997 1849 183
3605 3761 13
2089 2450 180
4228 1827 47
1011 169 172
123 4821 119
4253 744 138
4565 3218 30
1062 2722 55
1571 1127 154
1530 4478 70
333 2889 2
2043 317 121
1868 4425 158
3287 3507 145
3271 2748 135
1053 4964 183
4784 41 60
4727 1055 125
4235 971 97
1273 2321 126
404 3133 50
89 4274 50
4755 2076 179
3823 884 56
3548 2562 183
939 4187 119
4701 2270 74
4006 4614 76
175 4308 103
2640 4449 52
4292 4489 158
1512 3724 43
4270 4487 10
3409 3969 11
382 2010 180
2692 938 21
4413 460 23
2073 3573 174
4323 4155 163
2338 4773 26
1740 3503 23
2273 3853 83
2256 3575 49
712 3675 53
2556 4669 88
3114 2733 20
3879 4875 57
3211 2098 90
409 2826 152
857 299 107
4156 3113 60
3658 1035 161
1561 3720 83
3597 939 67
4853 3415 25
908 370 68
3190 1211 2
4244 2505 185
4670 3101 42
2041 3133 147
510 3457 41
69 259 57
3616 3332 165
4637 293 144
2005 1711 29
2295 1816 124
2156 2970 132
640 4533 36
3508 4478 127
663 2233 86
1073 2842 41
3970 2829 73
3360 3244 152
3967 3923 46
2039 993 113
3780 3122 185
2561 1143 50
1698 998 142
2509 541 60
4585 2765 124
3213 4123 176
3942 613 58
4495 2031 143
4483 4926 8
4721 3308 178
4289 4394 197
2693 1351 167
3331 4500 97
3171 3871 32
1780 4941 87
2017 4014 82
3407 2995 81
2439 4739 130
3357 1193 194
2920 4855 11
4991 970 145
1053 3701 57
1814 3139 60
1130 3912 9
1106 4126 158
1459 4336 76
1436 2016 30
3217 2901 181
2803 1232 80
4805 3330 10
3507 2435 162
3412 4333 87
4785 599 35
1869 4443 192
4917 4696 187
3318 1716 188
827 3834 97
2872 1721 191
914 3392 198
4327 216 134
3042 3813 95
4319 4662 117
1362 4945 6
2326 4560 160
4304 142 173
3015 459 45
1878 3361 5
4976 1174 60
2606 3045 90
950 2381 28
437 3087 149
2456 4726 124
1595 3333 156
1578 1789 138
4682 1638 22
916 760 73
3504 2538 38
2039 221 123
900 3655 50
729 1120 163
2232 2472 186
1541 2982 128
174 3954 148
1716 3301 102
4668 3684 103
3245 1534 190
1917 3689 167
4078 518 109
1956 1579 196
3206 3854 121
1761 1921 106
321 4825 174
4762 2877 179
1112 1754 30
787 3918 169
3228 1190 137
1328 3836 10
4412 1465 3
4350 233 62
608 289 78
569 3246 171
3638 884 165
1624 1137 150
4645 4134 91
4188 2147 19
4040 3611 5
680 620 119
4262 4421 87
4325 4396 56
1788 4818 126
1202 1512 30
685 3389 14
1270 3378 52
4902 2498 70
1894 443 95
3907 3790 130
2538 1800 191
3852 2108 8
1047 2179 166
71 2647 114
3737 2525 34
3803 64 195
3088 2883 122
3082 4286 73
4310 1801 23
2128 1099 138
4634 1779 177
4292 1934 166
4614 3018 124
3631 14 89
4304 691 102
2413 2043 147
1252 3098 174
2923 3899 55
4676 4275 199
179 1786 53
607 344 107
3020 4147 133
4611 2922 10
2108 629 175
4852 177 193
470 4466 130
1763 1601 111
3848 4930 67
1272 3754 10
787 660 1
2166 1243 48
4933 4723 127
3101 1660 169
3423 4464 121
4183 2892 100
1823 665 111
4845 1284 23
588 3657 113
1026 3163 115
628 2739 85
508 549 111
3594 4518 29
969 3422 156
657 1475 178
783 1900 137
3765 2047 184
4921 496 146
3251 2136 40
4107 1382 33
3083 367 199
4219 3002 197
3269 3894 101
3760 4080 144
4608 2609 22
2703 4131 180
2641 4530 174
995 4892 83
3848 3410 123
2468 21 127
3998 274 142
1746 2693 32
4592 1766 53
3570 1150 130
3374 82 33
2842 3686 96
1050 31 15
4801 4455 13
2002 3818 50
4893 4796 111
4044 2631 94
2899 517 9
4460 2907 101
687 4158 191
2035 1774 123
4005 1882 21
1023 3377 98
4855 3421 131
2289 2806 190
2516 4599 46
2302 3419 167
1146 125 16
4864 4604 17
906 3848 124
4215 3302 80
2194 703 150
1770 2409 77
4144 3492 80
955 2264 30
837 10 28
1167 4030 61
238 4336 3
1956 2538 82
1122 3693 138
538 773 100
3183 4239 170
3450 629 37
1510 3074 129
2704 2404 12
928 3969 14
3731 669 101
260 3441 69
4494 588 126
1888 1957 191
3702 3283 77
4155 1327 188
103 2344 128
3882 2451 104
1987 109 49
2105 1547 79
1703 1993 87
1101 2122 157
3962 4121 53
1109 972 21
1807 2013 161
1165 3371 112
1246 1727 178
137 385 184
2733 3047 158
4299 2425 131
4644 1885 157
2678 3669 192
3062 569 148
2176 4838 183
3701 2860 36
4298 3527 171
2627 1054 189
632 4723 131
349 1 117
4107 4523 111
1310 2732 62
3602 3188 193
4022 294 61
3895 31 119
3152 1246 53
3683 1006 194
3998 2263 177
1588 2157 177
4633 2599 200
4523 1581 128
4617 562 141
1737 4352 185
891 218 69
1528 998 36
2795 3982 119
112 4702 78
3203 1862 179
856 1886 13
1437 196 87
723 2834 123
1533 2783 108
4819 2358 81
2306 3964 126
4314 3724 137
1066 2903 19
4373 1172 16
1430 3726 191
2046 3838 169
545 507 97
4825 1510 194
3811 4146 103
2383 813 102
3080 434 23
1553 4486 187
4560 1298 61
3737 674 47
3997 4824 64
1962 3892 29
3264 1595 158
2454 3739 50
382 1584 78
3430 1589 139
1163 948 192
141 2457 188
1321 4943 47
2706 4447 190
700 662 56
2639 2335 183
3761 2852 195
470 3493 127
4960 714 10
1921 4149 163
2126 4045 131
2196 4766 164
3383 2896 181
4157 1240 21
4711 2989 16
2696 68 200
466 4748 89
715 1080 30
1239 578 174
1022 2372 187
3143 4995 182
340 853 2
1401 4451 36
2882 1649 160
2068 3716 154
3887 277 138
482 190 123
441 1093 69
711 4203 134
3900 2597 100
4634 3558 24
1173 1094 36
1848 1839 134
830 1234 94
2334 1490 142
4414 3576 143
2971 2580 188
3886 4388 58
4501 3171 92
52 2733 171
300 4491 120
2017 3224 12
1284 1510 136
4690 1469 139
3616 1542 70
2371 608 167
1297 815 141
1550 4924 173
3165 3144 4
2964 4184 103
4497 3214 199
1580 1408 73
4143 2617 14
1136 4278 104
1046 4010 57
2296 3827 148
215 3056 192
1565 4926 43
641 2539 41
3746 107 165
3673 4306 151
4972 2688 1
192 2374 192
1197 2203 71
1777 4400 116
3978 2263 113
604 4361 128
2065 4406 69
4802 2973 199
2985 2121 85
4818 2398 172
254 232 91
4556 2093 60
367 2877 73
1948 2916 70
810 2137 104
3729 2506 61
3720 1325 100
4483 4920 88
955 4599 33
3804 3576 4
3806 1513 167
3395 322 81
1630 3822 176
2037 4305 123
1646 244 187
1819 1556 82
1409 2831 4
156 1691 106
998 2543 40
1344 2773 46
2171 755 130
2288 1101 164
2697 1727 168
3301 4915 156
673 194 184
108 594 158
4517 3844 106
585 1327 105
1301 4788 193
2383 3213 157
2580 1528 67
2669 4121 45
408 1340 92
661 683 76
4302 4594 200
1840 3500 81
1167 156 103
1422 863 79
4487 1933 198
545 1885 147
1194 1761 161
3978 3615 126
1197 3257 11
905 1044 159
3432 3996 189
2687 4844 89
2473 4404 95
4283 1140 163
4599 4529 66
3023 2384 69
1214 2317 99
1761 2815 7
4296 4944 191
106 2976 185
2151 655 82
4132 4482 54
591 2638 11
2172 2993 80
2530 1701 21
600 2951 4
2656 2512 194
3748 4920 155
1987 4735 112
2681 2418 117
4494 2395 195
3330 4666 161
2955 1641 147
118 1682 166
126 4899 102
659 3122 54
1239 219 123
3585 4977 51
1193 990 186
2635 3442 166
3948 802 80
3264 1239 54
1887 996 140
2919 1433 181
223 2369 120
4931 1399 40
3751 1302 91
237 523 85
4818 4580 1
442 3165 127
1195 3551 105
1193 159 186
2042 3315 69
2611 942 3
1617 4804 84
1550 3562 29
1278 1982 165
2901 2471 149
1581 4652 186
30 2817 43
4410 1018 193
628 2154 102
4123 3227 50
1392 1004 50
3169 3087 142
2521 259 48
289 465 22
204 4928 24
1 3548 63
565 3656 141
3514 4538 78
4860 2659 8
4471 201 55
850 662 33
325 4834 104
3714 714 34
1026 1488 187
3431 1569 197
444 3176 172
1577 4840 45
390 4041 29
1734 4506 114
410 4940 19
50 4382 172
2918 2511 195
4915 2308 135
12 1134 191
1869 3392 18
4804 1619 120
452 1634 33
4889 812 149
1473 2198 179
1925 1044 129
2176 328 77
4548 3511 6
4386 3880 9
2461 256 23
2261 737 140
430 4467 29
804 2162 176
1218 4371 188
3010 3872 59
2274 3386 163
2993 3632 55
3435 1266 167
1237 3303 52
449 1364 182
4412 1405 27
1872 332 19
2554 4381 190
132 1381 47
672 2372 50
205 3062 93
1626 2900 165
3256 3834 170
4794 1440 105
3064 4800 51
4507 1192 78
1204 1778 96
4086 3711 74
1825 3816 152
2137 2844 11
4734 853 48
3433 2665 182
1689 3577 156
2057 2293 22
261 3188 28
132 3615 187
4754 3672 57
3599 1698 133
4088 1125 23
1625 927 194
790 3845 144
2715 3930 34
3084 825 196
557 2220 144
2492 1698 123
1636 1349 76
2132 2788 153
4233 1212 134
3188 2034 4
1945 1591 150
2545 2744 114
2837 1778 87
4819 4520 59
768 2270 171
2841 2774 81
3547 4418 111
4034 841 110
1125 797 36
3820 2898 51
2548 1491 186
3256 4952 50
4697 2136 103
1027 3803 182
4314 543 80
856 3918 198
2517 1200 181
914 1332 134
3203 350 131
2885 555 151
2377 4888 175
132 90 151
2622 3618 106
3105 3869 142
2229 3869 125
910 2818 44
412 1108 78
2973 2659 126
2571 1780 20
620 3982 166
1581 819 143
1930 3037 131
3624 2740 11
312 4877 31
1556 3326 42
3101 778 20
3141 476 49
3130 684 157
585 344 160
1457 4895 26
4182 3215 109
2202 3260 76
4651 385 190
1558 3376 177
2679 884 114
713 4778 180
4968 4323 133
23 3990 92
821 962 86
3718 3013 138
2730 2930 110
2938 1045 6
2489 2640 79
3989 4303 114
2926 102 21
1103 4527 83
3940 267 26
1714 1299 121
4234 2827 182
363 4921 21
1359 3480 25
1700 3336 144
3083 280 144
2278 3401 75
4162 600 199
1509 3432 12
2442 2109 93
1295 4002 76
3382 3498 26
1006 4023 18
1506 3325 58
4121 2581 10
1962 1724 93
4624 3499 39
1704 4908 66
1295 2853 83
3230 1851 55
3325 2269 142
439 2555 50
378 518 113
3888 4330 85
2926 1081 178
1525 1590 8
755 2682 81
3481 2079 8
23 3168 147
4766 2016 133
220 3600 41
2987 4280 156
3501 1943 45
4996 2005 76
3793 514 60
3290 4268 54
1152 1844 132
4881 3821 182
4539 4819 168
4004 2150 111
4732 3381 67
834 217 116
1996 4347 31
2862 2388 114
3441 4644 43
4089 4767 57
2918 2911 130
1564 3493 183
4747 59 185
2846 2656 193
1230 3841 90
1740 3569 51
1644 3440 47
4522 3289 1
1134 1608 41
3600 3010 182
1326 1894 44
353 4103 44
3935 2261 174
1671 4295 151
4990 2744 31
2042 676 160
2885 2291 30
1487 1345 166
1555 419 46
1590 3382 115
3739 2233 150
4794 2918 111
2996 1446 197
2706 3952 142
847 3830 62
217 2186 152
2848 4128 98
1345 4040 60
937 4080 40
2673 630 46
1311 4287 93
3186 2360 151
2133 218 167
1417 80 73
663 2353 28
3698 2601 128
3455 3897 139
3133 2306 89
1193 1553 179
3023 970 168
2557 4667 97
2482 718 44
4098 3135 163
3642 1536 23
1936 2300 95
4286 1670 79
751 1388 153
2143 3109 33
3780 2213 22
764 2337 158
4832 1633 23
1451 1755 121
2319 2713 41
4297 2033 97
2549 2028 80
153 2090 19
2173 2751 114
1926 1922 4
750 534 67
4690 926 161
3681 3231 132
3067 4140 170
1557 3075 35
4008 2101 129
3824 1834 156
1420 1441 77
4999 4175 197
4671 348 162
815 1849 98
2659 4930 94
4985 986 175
4416 418 106
637 4065 51
194 4643 157
1702 1512 26
218 2061 165
3026 3521 25
4410 1103 125
3597 3760 126
119 2241 44
3366 881 43
709 997 86
1143 2583 180
1807 799 55
2726 16 167
197 913 175
3278 4416 112
1283 1738 153
785 3913 79
4583 2103 168
2730 1418 172
650 3669 71
3649 4810 159
1968 2210 32
2750 2765 65
2681 842 92
4020 257 173
658 3131 65
2088 3755 184
4289 3244 172
1082 685 106
995 4085 157
3855 4392 111
1507 1364 155
2752 4198 14
3899 1052 51
3237 2150 23
207 4914 98
698 4657 16
3016 4037 156
3780 3927 113
2047 66 37
407 4691 91
1743 4977 188
4437 4423 168
558 2062 44
4519 3712 93
4105 2522 182
636 3526 106
1285 2635 188
375 4448 177
1920 2480 63
1024 2496 32
4131 723 97
4236 3326 69
197 1629 70
2119 473 132
1951 3218 19
245 2709 134
1263 3515 71
1598 2648 194
3525 4214 50
2411 441 152
2074 487 98
2047 150 134
1714 1030 23
4572 3246 139
1218 4982 132
3708 1907 149
877 2275 105
972 4217 200
3146 2270 176
3824 4542 127
746 109 144
3572 536 65
2958 40 194
2630 3271 65
3614 133 98
2500 1543 175
3497 3960 49
2113 3323 81
1465 3936 80
275 4793 5
2276 4838 183
1403 1924 82
4660 3003 148
1319 2464 186
3212 671 72
698 266 184
2815 3707 162
1264 3538 36
3623 1324 156
2469 4490 157
271 852 63
1622 4521 145
1979 772 58
1629 601 89
2538 3602 50
3363 3262 128
3122 4885 122
3367 4805 7
4999 4541 70
1059 3619 68
1726 269 158
1630 2817 100
3390 981 34
2983 3955 17
3805 182 109
3478 634 34
1448 2438 69
1985 223 88
3826 2927 52
91 2867 10
1084 550 153
993 1791 174
184 1040 27
1569 2034 40
318 3050 67
2150 106 129
4699 3157 65
3461 2941 40
1302 3999 93
47 771 186
2741 4579 108
2905 1909 142
4289 1076 160
2281 4129 38
1394 3408 192
4325 581 115
2135 3165 1
3067 2186 24
4288 1764 122
298 4206 51
1121 1219 175
3916 4596 50
3391 445 105
3305 4867 163
2414 576 93
438 4577 32
1561 3072 193
56 3388 199
234 1167 131
4435 3581 117
2734 3635 100
4965 938 41
1090 2137 44
1541 1462 160
3807 2863 55
4420 1382 13
655 4971 155
2339 3065 199
4909 1971 69
2979 550 177
4814 2675 72
720 3228 37
2166 931 131
2837 4925 130
9 2145 145
189 2892 174
2075 4215 96
420 381 1
4405 3659 142
1598 4205 7
280 3271 160
2912 220 140
3800 3458 54
1322 1608 164
2481 4940 101
253 4153 128
77 3248 71
4979 1205 1
2614 2890 146
226 402 196
3543 3060 110
4461 3621 186
1315 3177 28
1196 523 57
4823 396 36
1323 3667 7
2638 1314 22
2369 3525 37
2563 4034 176
1941 376 136
3014 1701 65
2785 2632 102
932 4786 55
4605 1001 133
1631 4398 171
4387 1240 189
1928 4192 188
802 357 15
1965 3070 118
3784 1215 159
450 4619 57
2598 124 80
1094 210 126
1279 3956 47
4330 283 6
1648 893 95
3823 4639 88
3217 3450 19
4436 2027 144
2895 247 188
4350 1278 117
4564 783 115
4500 139 147
3132 1931 89
3507 403 94
495 4709 45
3279 490 56
513 979 118
2347 1921 20
4709 4211 174
2446 77 88
2866 4800 88
897 4216 68
4828 3330 47
2676 2376 142
1999 1377 142
4072 613 31
3962 4004 145
4326 4623 91
467 830 57
229 4884 7
620 6 71
985 1288 147
4205 180 70
3201 4117 52
555 4863 152
1295 2760 30
4848 4396 155
3266 3456 159
2996 1538 173
1779 288 34
1193 860 66
113 4454 6
1596 830 69
3156 155 124
4749 1726 198
3838 4301 158
1174 3078 195
2941 1518 22
2124 606 153
1856 1160 37
4537 1443 48
1402 4955 26
4654 4158 47
881 3506 134
3194 2389 90
4143 2002 53
2688 2493 81
2143 3261 16
4690 2753 65
210 2870 48
2955 423 17
2447 4162 71
2884 2764 178
2625 585 40
1162 2421 150
354 4647 148
2463 887 194
2334 4469 150
2078 4820 115
2482 1529 40
4723 492 146
1222 1967 90
127 4540 138
2478 3893 187
947 2180 73
264 3601 48
4842 1150 184
617 1319 146
2895 4540 130
3874 139 197
3498 4680 92
706 1605 54
3284 1077 195
1598 3950 107
1724 4740 96
773 1873 145
969 4464 70
1172 4261 1
203 1996 124
1423 1154 60
1504 2243 72
2393 2826 199
3085 2338 131
2407 1341 59
358 1445 181
965 1690 149
960 1011 91
2416 110 113
1855 4318 28
954 100 83
2956 3235 53
3035 2349 40
4275 1699 68
4543 4333 196
135 2403 175
2099 135 192
3926 2710 179
2388 3824 125
2239 4559 74
3377 3930 64
1632 1338 182
4840 2142 161
2328 1748 91
4342 772 146
4097 4677 130
3398 897 127
4250 3263 98
4535 3538 105
1343 4471 94
677 837 108
637 272 137
35 3616 117
519 3343 115
2991 1301 115
4348 1308 123
4929 857 87
1092 1877 186
1712 518 76
3036 2905 19
2725 4284 119
3336 4050 56
3872 1963 89
296 4436 101
826 4529 186
270 3412 9
4732 2445 36
1523 2639 124
2922 224 25
4881 1903 46
1109 1238 164
3360 4182 48
225 3493 4
4331 4990 172
4708 2218 151
1321 4031 170
1912 4482 181
1285 3839 154
701 2442 130
4819 1649 135
4093 3496 57
3958 2925 22
1584 3533 172
2986 2005 134
1824 2267 121
1507 2247 46
1918 4988 50
2190 3353 126
2697 3161 182
3868 2071 199
4280 1865 27
42 2716 97
3982 2991 138
3029 558 147
3539 3756 20
3869 4827 30
3090 1689 27
3393 4211 83
111 1531 47
3591 3137 158
544 356 122
1574 3603 15
671 3413 4
4530 4973 38
3237 3034 17
2333 2930 158
1378 3179 98
50 4317 197
3083 273 131
3610 1896 143
872 4643 104
1811 1240 59
4834 3248 61
1524 2560 107
2536 177 100
3069 1128 45
306 2191 162
3961 2858 92
1133 3771 30
303 4270 168
2524 2578 52
1296 4520 118
656 4423 53
1573 711 56
3439 3362 182
3075 694 105
2912 2797 71
4567 1212 180
1887 3825 54
3352 2788 120
4710 836 39
2360 4448 194
705 112 55
259 3590 50
3013 3579 56
1392 2569 26
481 4310 36
875 403 170
2095 3078 79
767 1969 56
1093 2359 64
1423 3163 4
714 1993 140
238 4294 146
3986 2478 50
3147 2898 55
472 141 97
835 2325 51
4429 129 126
1940 3625 58
3046 989 188
945 1245 116
317 528 150
4197 4044 61
4340 4014 103
1618 1311 45
44 3201 95
805 4519 181
4690 1720 168
4706 27 108
3734 68 112
1910 3554 155
1820 1299 91
3474 4182 106
4344 630 28
2956 1917 58
2700 4898 171
3198 343 141
2186 2020 112
1247 1173 107
485 3686 168
2715 1096 31
480 4246 176
2014 3188 103
879 1480 115
648 4081 129
4634 550 4
4313 432 200
542 4006 14
1240 4175 197
4292 1771 80
345 266 60
221 1536 183
4097 3484 182
4945 1222 120
3511 439 119
3336 1039 132
221 1888 189
3193 1825 33
3480 3164 68
1038 802 129
1019 4652 33
313 2519 4
4633 4643 112
1629 4045 4
2361 3095 147
634 4092 158
3612 4938 164
47 39 154
1088 1849 109
19 2954 90
4990 236 197
929 936 75
819 1885 118
2689 732 63
443 2488 81
3085 3116 97
1566 3611 4
1789 2755 142
4936 2165 169
1877 136 159
4991 3723 93
4212 3379 59
1731 368 93
63 1367 117
228 1493 10
522 969 45
3074 2213 24
784 2512 144
4145 3005 2
2617 2340 192
4870 625 162
2368 4887 158
2844 51 152
335 1877 159
4516 2953 188
2452 3237 192
512 1680 81
4683 4309 7
4303 1164 139
1443 4358 89
4762 3733 165
512 3105 37
2220 4947 84
1008 3199 67
1515 3820 96
2019 1620 122
1962 4522 185
477 4161 178
810 666 37
2751 690 196
821 1239 142
3353 2285 144
1797 924 72
3729 484 173
2791 87 42
3080 1197 88
2837 3621 45
174 2245 169
2098 937 37
4240 596 151
3363 442 113
1105 2576 56
1998 2939 146
3771 3099 101
2067 2788 140
4761 4683 92
274 4833 81
4687 3392 18
4428 2612 200
1863 3621 156
1410 4220 13
4219 1411 196
1384 2261 194
3766 544 134
2269 4503 29
1684 2751 77
1198 3699 51
1612 2923 147
4368 2030 145
2446 3051 113
2650 2816 75
3989 2790 187
620 920 195
3453 4532 118
3070 3167 25
2975 2930 145
840 3276 7
3435 3912 133
4080 3425 99
4160 3133 169
2699 464 112
1779 312 174
2359 292 118
245 1760 6
65 3988 169
4163 3290 144
3379 3779 89
4005 2229 104
4225 3806 85
121 3761 118
272 2232 68
3698 1440 113
3440 4104 28
3308 4098 118
2471 1543 143
480 969 105
4941 1892 66
163 3725 164
1281 4707 81
190 3027 47
4657 440 189
4466 2838 4
1129 4683 127
3250 1164 191
121 4605 20
935 2638 28
909 1967 142
3562 4706 139
3210 810 135
1724 4394 16
3409 227 103
4477 4774 17
241 2982 103
2567 2687 40
3072 2726 53
2240 1944 68
1605 4642 42
502 495 85
4808 1421 124
382 3911 158
2115 4342 3
3558 4468 89
4305 4768 152
2952 1267 179
4645 11 20
1505 4487 44
1122 4149 121
618 3889 152
2727 3382 113
3183 2020 132
456 2195 15
3966 2290 66
199 3693 19
2925 2574 85
1931 3838 175
82 1416 163
279 3906 53
3242 3281 6
471 145 18
717 4038 143
3946 589 167
4096 4297 5
644 2809 93
712 3236 20
4263 4526 93
3303 3141 145
3195 317 81
2328 3548 183
710 2577 162
2693 664 54
4926 2452 192
3472 900 179
1197 4555 199
3042 1886 134
4155 1943 18
2700 3536 132
694 3873 50
167 2790 194
3180 1533 11
2160 3787 154
809 3057 157
4878 633 177
3566 2132 74
120 3002 32
1928 3488 125
3508 4558 41
4476 4756 199
105 2414 84
2172 4098 115
4906 2417 57
4968 3880 40
2829 1652 16
571 441 130
1299 4359 87
4766 2230 194
4541 1690 159
3987 4222 94
3320 1671 149
2996 309 136
1983 2408 83
1471 3667 157
1822 4744 111
2209 1437 10
1151 4129 59
4715 2658 5
4561 3722 1
3441 3977 124
3659 3701 81
2559 2647 178
2569 1907 148
499 497 65
1079 1500 97
4901 1368 82
2234 2479 128
1744 3693 172
31 489 190
1632 4189 159
3202 3180 147
1737 4251 58
4580 1753 77
2451 1587 17
3571 3264 192
2827 2137 30
3870 1047 188
4642 3995 61
960 3017 179
785 1301 129
72 2013 21
2103 3792 62
4612 1784 177
3310 3329 69
3954 2297 165
28 4886 31
4197 3450 30
4726 3796 61
1232 1369 177
2465 4103 25
2647 1740 62
4129 2324 20
4961 2493 47
851 4543 144
2292 4769 94
2315 407 80
4642 992 25
2833 1032 116
4713 2283 163
4690 1280 82
849 522 70
4778 2377 87
2756 2322 129
692 1302 20
3726 1037 3
719 2095 58
185 4917 183
1949 3671 46
2948 2755 150
1833 4862 156
204 4731 29
2875 84 86
3774 3448 107
1793 4449 41
3224 1365 184
3822 4294 179
4029 3537 71
2306 2949 155
341 2523 165
3736 1638 53
3774 1737 153
1827 2597 200
992 4729 186
1820 553 100
1425 3308 32
4982 775 23
1564 4957 155
78 2266 91
4461 1874 127
4375 1813 88
118 2720 185
1383 2969 32
2752 1513 101
282 3126 127
2758 2069 189
2675 2833 33
4395 2520 17
654 2635 132
1816 1785 130
3826 463 173
4850 3988 66
1351 1086 19
2442 3377 49
855 1270 102
4714 2585 188
2155 3645 44
160 1753 142
4936 567 167
1107 614 150
2652 1229 166
1291 296 57
3970 2605 87
894 4293 200
277 3042 36
1128 4229 8
3249 3462 169
2520 1238 194
3588 835 164
4500 4708 48
273 957 38
165 2607 135
1564 2779 152
4620 4218 59
3884 2053 18
497 4379 152
3101 4994 179
2331 1810 20
1369 776 142
1087 20 44
2098 3667 131
3100 2858 150
4349 1972 16
4069 3894 140
686 3848 173
2615 230 50
3065 1462 44
2216 4041 197
4850 4199 161
408 105 64
343 1905 94
1994 595 47
2094 1065 115
3890 3171 62
3362 4766 23
2242 952 90
1611 632 139
4363 1194 140
2650 3791 192
4987 1111 103
1946 582 26
4080 2008 121
409 4638 126
3349 1867 76
2404 2909 138
3097 3070 63
1453 3103 35
2008 2178 9
4582 249 65
2399 4803 121
1514 1430 191
375 2022 135
1368 1514 121
1257 4092 118
3539 3931 97
761 3389 24
1994 486 87
2142 256 22
837 2474 189
2348 3287 74
634 1405 198
4732 3744 185
3056 4007 154
3268 4068 196
4517 3637 23
4743 3825 184
2564 4926 167
2856 4719 10
1 4308 40
1781 4198 187
3980 807 171
3092 1236 101
1316 3740 158
4021 4678 18
1513 3768 39
3913 2889 115
3171 2824 113
1856 1439 200
4925 2084 97
2064 2836 93
4290 2989 67
1287 1853 10
138 3409 39
1374 4177 135
3604 2733 35
275 2778 174
2903 1200 149
1946 1542 42
3007 2191 140
28 818 175
1391 1629 28
4659 2997 165
2103 4393 198
4984 778 85
503 3446 200
4230 3245 114
29 2589 86
2757 2726 122
266 2567 197
3563 1006 117
1818 705 119
1554 2213 32
3370 2451 103
791 2503 38
1908 921 140
4663 2722 166
1101 2295 140
1677 2206 111
861 400 17
732 1089 26
593 2872 167
4518 4876 169
2828 2108 5
4631 2516 25
102 4636 50
161 2098 128
1850 3737 166
4478 3288 122
775 158 56
2476 1404 118
1730 2484 73
1788 4383 66
3940 1547 157
4504 2360 109
797 888 189
4889 4188 32
255 2961 44
1387 2171 6
3136 2621 28
4809 1966 65
3849 2222 77
1184 1032 142
4884 3933 188
1614 4746 87
129 3806 23
3690 1846 16
1969 169 96
769 4296 147
4537 238 57
382 542 69
310 2377 110
2043 1713 42
3805 934 152
14 2182 119
1137 4306 60
1810 691 35
96 1579 197
642 4501 141
4126 3719 133
4911 4387 151
3517 4625 5
2058 4818 153
2023 3899 130
4659 1077 178
31 3247 77
4679 459 68
3344 1757 71
1769 417 95
4821 4893 146
4553 1392 178
412 3018 12
2831 3356 121
3534 2288 82
2386 4666 10
2241 442 12
3285 745 36
4869 613 113
3031 1996 14
476 4905 125
3752 3724 3
1737 3427 130
615 4452 40
3090 391 188
920 1219 82
3012 3826 153
4940 1646 29
2547 2481 76
3173 2344 140
1958 778 139
3839 285 138
4932 1086 92
2400 3734 96
1877 2799 178
4753 2494 109
3505 2335 107
2797 3870 109
3859 1311 160
2773 308 182
2372 2470 176
4029 4421 189
3013 4701 94
4482 1498 108
2429 255 106
3481 598 166
4028 2391 176
4757 344 28
3895 4061 81
1627 3911 164
1993 4923 152
2067 2357 171
427 4052 16
2975 1778 2
3745 169 36
2557 1645 80
79 3321 97
1779 2626 47
1420 1320 141
1313 3647 113
1355 1382 120
915 4365 72
4691 431 12
3392 3584 87
3438 4493 169
1044 417 82
1005 2108 159
2348 4604 79
2404 791 53
1006 4526 160
2693 1420 136
2812 2589 5
3226 1237 38
3082 4790 51
1587 2060 7
2070 1897 4
2894 4767 51
3862 3969 172
4773 4021 1
2128 3674 193
4445 1239 74
258 389 31
4586 4829 85
4514 383 116
1611 2878 62
1414 3188 195
3465 2925 127
2026 4824 44
2324 3449 64
2461 47 20
705 2808 61
4428 2751 78
1632 3760 82
3427 176 89
3091 4775 167
3662 3291 130
2741 1837 143
3550 3877 16
3906 2742 75
2204 422 155
3743 2605 55
252 1144 19
4211 4114 190
2030 4471 9
666 4821 127
2025 179 71
376 3498 22
1171 3755 172
4944 1706 126
4114 4392 153
558 1966 92
601 1340 23
1245 2694 122
1876 1047 124
3519 1281 135
2196 100 38
1039 91 57
4899 4848 2
1867 3151 67
863 772 38
3019 1951 189
3920 4503 165
848 4979 176
3042 77 64
4074 4060 103
2682 4503 17
146 3728 54
4017 1249 122
4033 73 85
1695 3479 2
1108 3993 173
4262 3122 26
1176 3322 31
2055 3961 109
4515 4920 27
2764 2704 40
3066 1112 155
173 17 157
4020 1648 15
425 913 95
2299 1797 49
92 4714 51
4781 823 18
1750 3473 47
328 1687 121
3618 1492 97
1176 843 21
4581 1585 122
744 3943 161
1076 2233 133
541 3488 188
2878 4229 177
3943 1558 195
2125 1918 150
477 4748 137
2159 3614 59
1610 2988 123
2500 1198 29
3260 1511 94
223 2366 161
343 4926 151
242 954 74
2446 1946 82
2438 3331 145
2396 4019 56
4172 949 105
354 3315 156
4236 451 86
847 1202 142
4379 1884 40
3709 786 148
187 1735 32
996 2442 41
238 2442 191
1526 4627 54
1483 4467 117
1363 3982 50
2001 680 44
1439 745 10
1233 4433 83
4049 2540 160
549 1867 177
1620 4963 127
3460 2630 17
1990 4858 6
3987 3759 163
1444 943 54
4518 125 114
4375 3581 122
3893 1657 8
4149 3920 106
2986 4152 141
2393 2127 154
3100 1315 133
1325 3052 44
2287 2445 132
4334 299 112
288 1656 155
4075 2806 44
1192 4782 87
1019 895 92
951 2751 133
4069 2341 115
1030 4257 196
495 4414 113
1246 1451 80
1819 3687 5
4884 967 125
144 2536 9
1005 2936 55
889 614 20
1677 1433 70
4759 3216 90
2986 642 193
1426 1358 183
1310 964 162
723 2784 51
1772 535 24
281 2128 146
3179 1878 26
2251 4404 168
34 3453 55
1617 4086 166
103 4225 73
693 3457 192
2032 333 192
1813 2459 184
869 2589 174
3658 2656 57
1726 2806 136
3499 2798 47
2061 2011 127
2716 2668 186
3941 1382 57
4321 1779 175
4789 1916 135
1447 4565 95
4310 171 59
3138 2711 35
3396 2233 44
1956 3744 66
505 1232 103
3650 3022 198
1813 1524 55
4637 3853 77
1919 2738 89
2965 1715 137
3494 987 33
1778 2291 28
1157 817 24
1639 2379 104
3283 2742 150
3282 1315 192
2118 2956 141
2677 1294 136
4578 3558 113
4773 1926 47
4483 3101 93
1385 4963 171
2629 4070 100
4493 1829 56
826 1427 195
556 4407 171
4919 4327 171
4604 3613 195
1960 222 118
908 1594 124
228 2195 108
2465 2675 69
1372 2845 163
3102 1614 187
4369 1140 172
1836 4755 34
1962 2675 184
2453 2501 84
156 1766 177
1792 3712 11
4889 2343 150
3968 4006 73
113 2847 152
2240 56 191
409 3714 145
3371 2500 174
753 3047 99
3409 4071 167
1749 2963 54
2076 1435 153
3248 2139 65
1126 4821 123
4249 646 97
2903 1224 55
3114 4860 2
187 709 40
3216 3123 33
244 4756 73
1746 3318 157
761 1188 35
4813 1299 65
324 165 85
1088 2315 72
544 3980 176
4259 3940 141
1203 2057 41
4246 1413 179
2362 4484 76
2932 1269 198
1136 4448 130
4934 4347 90
4084 4477 105
1570 2773 147
4344 2308 146
3099 3772 61
2799 4826 24
4014 1870 181
353 1896 39
585 3287 141
707 3252 33
4219 790 191
4763 1875 200
4211 1180 118
1941 1288 150
853 3317 183
2769 2015 42
3176 4868 115
2839 2598 103
2284 2466 29
3750 4818 64
4554 1947 155
726 3608 127
4063 392 38
2723 368 24
1452 1894 15
1433 708 68
3815 4414 68
3782 1124 50
1006 768 108
4300 4215 12
3298 1123 53
1589 201 196
4528 4360 179
1011 1744 19
4544 4096 125
4184 1201 200
1511 4165 131
540 3085 10
2965 3983 10
892 1289 63
1136 354 32
141 4725 170
2084 2186 43
3517 3080 142
1936 1524 130
236 2379 150
2180 590 117
1972 4618 118
604 3456 20
398 1410 199
3490 701 43
1894 3845 178
4395 3027 160
4494 3026 98
3547 2386 185
1014 415 88
2149 4010 140
2303 2943 132
2877 1526 44
2977 3026 154
790 4881 3
4356 145 102
49 1393 200
4848 2014 102
1597 448 11
2108 1197 29
2102 3637 71
2524 313 153
2859 359 174
3859 1614 32
861 4492 106
2290 2045 66
3529 3426 87
4043 4976 21
4380 3417 30
3166 886 194
2650 769 99
2689 3346 94
402 3051 38
1420 503 8
3585 4590 41
4347 4719 29
2639 2454 24
3153 2344 107
4000 1138 64
1567 664 40
3693 828 78
4793 2679 9
414 2819 68
1127 3088 166
3287 2272 114
2579 3896 44
2291 4156 29
792 3749 63
4588 3026 13
1103 1082 116
3665 4743 108
4217 3464 162
1528 3502 197
720 2031 62
2546 182 186
4304 1064 25
1120 599 114
2629 1335 68
2473 4701 199
3640 1136 103
4504 1064 21
4970 938 134
3223 3877 100
1430 2034 179
1163 2979 54
2044 4073 157
4308 1170 45
3611 1855 157
3454 2466 31
1178 3128 56
1007 3340 175
3580 2438 69
2673 2322 72
824 4618 55
995 3219 66
2412 2773 108
1763 2256 25
957 4065 180
1679 372 84
2906 856 66
3056 2371 159
317 4928 34
1041 3913 10
1631 2308 111
1587 2344 108
2113 432 109
4063 4774 195
2311 4544 86
4187 1468 55
906 2555 48
4899 1118 139
1312 4304 28
3323 3636 12
3533 368 6
330 1156 193
961 1414 199
4170 456 120
3258 1468 128
336 1862 181
2977 1607 138
3834 509 173
3253 3073 188
1290 3741 130
176 4223 30
10 4722 77
4182 3766 118
4577 1144 4
2067 1593 147
3851 4530 69
1437 323 32
839 2486 174
4320 3949 156
665 1455 89
4477 2855 52
1728 1387 11
4705 2319 184
1833 215 135
4826 2711 122
2720 1330 38
2157 49 13
4513 3824 187
2725 646 172
1900 3226 200
249 558 160
2584 759 134
236 3692 55
4590 1084 86
1333 3499 192
3523 3366 113
3880 3148 12
4770 4552 141
698 2811 162
881 660 13
4471 654 76
2351 2800 83
633 4927 54
132 3669 183
2296 630 170
1827 3589 196
3087 4647 22
4165 226 3
2046 655 113
1135 4070 69
2429 1008 183
2691 1075 136
2220 2624 182
4899 4616 65
795 59 177
3560 640 75
1391 1425 112
4575 3040 101
4988 1015 89
1039 1063 123
4585 2658 195
247 1395 130
2532 2668 119
1389 271 119
4602 3241 92
1625 3727 7
3485 4820 18
2972 3466 198
3306 3693 135
3645 1211 160
482 1295 111
415 2129 123
3507 4732 20
864 1842 88
4666 4730 17
1621 1186 164
1002 2414 199
3822 214 6
1189 1916 187
2284 4156 159
1628 2084 126
3595 1384 135
1116 4342 57
1649 1498 97
3725 4680 116
541 4996 56
154 1478 69
2842 3613 99
4748 3954 108
4449 3186 134
1 4367 86
4345 1068 27
4020 1469 185
2208 4175 60
575 3567 196
254 2342 147
3132 4884 178
501 1186 49
2463 990 63
87 920 17
3262 4164 123
1301 4516 147
3475 2015 134
3630 3097 76
3045 3167 23
4874 1359 36
2231 1413 147
47 1787 70
2680 730 49
2149 3336 200
4096 2780 188
2637 3556 20
59 1108 168
2871 1200 39
2067 11 77
312 441 190
4878 3140 66
3611 3772 101
3610 2242 18
4813 2171 52
2702 2518 129
82 2261 164
176 2628 41
2834 779 126
4672 145 90
3188 2642 11
1982 3635 148
4589 3266 111
1068 2208 189
4511 3225 14
4542 4588 197
1184 1139 15
2087 4788 118
3399 886 154
308 3895 147
4475 1793 19
3689 386 193
4337 59 99
2380 4684 185
567 3628 146
4517 4998 124
3092 838 43
1717 83 198
3826 1798 198
1584 4820 102
726 201 113
965 4129 104
1315 1084 196
4809 2423 68
1936 1819 164
4262 3108 154
4220 2591 129
1176 1136 188
3886 3836 155
214 1235 125
4111 2986 10
3298 3516 83
774 3238 59
3572 804 147
1591 2349 143
280 3290 176
4339 4512 28
1702 1722 79
2997 2512 100
2848 1561 51
1550 2845 128
4343 4858 129
3755 2179 197
4820 3026 47
4289 2170 145
3533 2778 134
4512 3258 53
4263 4839 60
3920 3828 174
4440 285 13
1401 2134 81
4014 1519 65
2486 896 178
2422 3414 148
312 3989 135
3 4309 63
1048 3245 97
3795 2272 170
323 2747 6
4574 3549 16
1385 1149 168
381 319 46
3092 3106 82
2933 3225 102
258 2025 16
2206 174 85
3969 3749 13
1428 3758 80
1262 2458 14
954 1917 17
3200 3602 196
214 63 174
598 2117 42
936 2270 53
305 5 5
4753 4931 133
550 2375 178
4973 2747 182
2215 4448 105
288 2335 181
3532 1271 107
2316 2750 157
3716 3576 66
714 993 196
1145 3422 23
4896 547 99
432 1578 165
1824 1518 95
508 2218 45
1191 3165 80
757 3488 10
895 682 189
803 4933 145
436 4145 105
4335 4861 168
2101 246 69
991 2517 101
598 2892 112
4946 960 136
2738 1669 176
608 4376 64
4045 4478 147
2221 2650 90
220 2323 68
204 4509 123
3897 2921 127
676 2928 22
1828 2119 11
4762 2740 46
2944 4691 3
3197 4108 67
4805 841 87
3309 3642 41
2593 2752 77
1918 153 181
4021 3752 149
1300 4676 165
194 2608 44
1308 4370 3
4107 1579 195
1838 4494 81
1514 279 50
4472 94 70
2060 928 32
2474 4336 72
3124 4747 156
1418 50 53
4387 362 158
1348 2293 193
1314 4600 177
3616 371 124
2219 1283 102
35 1224 167
1738 2511 93
4320 566 197
1059 2001 121
2959 3493 119
2511 1909 184
1002 3854 159
4103 838 79
3055 3376 41
3774 2127 158
1745 145 58
1422 280 126
4729 3141 190
4771 730 61
1784 184 172
1476 3280 136
4938 2564 32
1976 3520 37
2810 1649 158
845 4607 105
3316 4520 120
3066 4279 200
1475 2851 94
348 3683 155
1016 3652 161
4816 2307 56
379 1038 153
3166 975 41
2880 4426 187
521 1740 70
4889 404 161
3927 2041 117
3951 768 82
673 3122 117
2916 1855 170
56 70 6
4876 3072 189
2687 4603 35
4789 57 179
3834 4095 73
2656 2875 83
1110 671 136
4362 1906 175
3444 2264 99
4129 2675 80
990 1506 166
476 3682 18
3772 4326 97
383 4459 110
2511 3192 196
1784 924 192
1451 4590 148
131 140 159
3954 3215 47
4090 4498 25
3386 1334 100
3631 1606 128
4299 950 175
2278 1043 96
1981 4779 136
2624 4775 128
4807 1931 43
617 806 51
1025 2722 55
864 1796 198
2070 122 105
4830 10 69
1382 4587 126
3296 2283 160
1950 4801 157
4531 1556 30
747 4224 55
1329 1410 153
3308 1391 148
3218 428 108
1673 4363 35
2459 1415 171
743 3828 108
2516 4124 114
119 2958 164
4687 2492 42
1114 492 100
1408 4958 174
4321 3493 153
535 3445 162
3350 3989 67
2586 1984 193
2980 3574 150
2733 1849 167
1146 1856 14
4431 4119 31
1841 1082 31
2104 314 19
1801 4251 194
2077 3110 61
1061 4420 50
3610 2489 94
1119 60 11
4360 2882 138
2794 1382 95
3478 3938 61
254 3865 73
2768 1276 86
252 2995 61
4175 3136 197
1483 324 69
2958 1937 198
4284 1583 121
3155 1847 66
1536 4685 60
2054 4873 81
18 4572 37
1038 1387 33
3246 2255 88
2839 666 37
337 4167 115
91 2161 76
3258 1364 94
2046 4169 170
1132 1047 142
4660 4017 92
145 4803 145
4321 2013 56
3224 942 156
4299 3405 90
4257 3295 90
1040 2784 116
4270 1889 121
4593 3066 142
4861 4275 161
3702 2867 165
4479 42 18
2747 233 176
2565 4385 107
4766 4636 133
4635 1261 173
4524 4874 53
1424 3890 161
1978 103 66
4942 1279 50
1588 3245 26
2479 4647 138
4277 558 43
1697 2123 81
1184 4525 166
4975 4758 181
1176 1486 47
4186 1736 144
3179 778 171
3330 743 151
466 144 17
3104 997 14
3306 2563 34
3475 1662 148
1785 3233 136
2174 2429 113
3829 2549 175
1869 4339 148
4662 4911 116
4681 4622 40
1225 2108 170
3599 4548 61
302 185 90
3321 3411 70
4370 3420 141
1398 4124 144
3811 3161 7
3746 2514 132
717 3283 141
855 4804 42
4305 104 138
3325 2416 130
875 2470 176
487 823 41
2973 4711 163
2720 57 90
513 4654 133
1801 444 24
696 982 138
4885 3388 113
3172 310 89
2851 740 103
2883 2139 82
954 4572 115
2354 3426 22
4901 147 43
2899 3304 140
581 4298 138
163 4119 39
472 1930 6
1548 3744 167
2195 814 187
4310 794 31
2623 1050 12
1330 416 125
69 3509 37
1624 1479 128
3197 3293 3
2426 2447 129
534 3821 135
3414 40 183
2523 2479 94
4440 1914 179
3357 4093 77
3571 2542 157
1348 4906 165
2283 2255 86
3082 216 102
2205 2016 106
3663 2398 179
764 4516 16
3600 4624 101
1090 3199 99
4823 4094 132
3484 4979 64
343 591 82
2959 3891 107
2115 1286 66
1195 2220 46
1116 4385 13
4169 1501 101
2214 930 92
4333 2671 148
4758 239 94
2572 3928 128
3282 2946 18
1047 668 178
1102 2717 124
2128 870 76
4678 1714 185
2968 2666 6
4603 684 89
2715 2932 169
217 2030 47
1443 1344 66
3425 4762 142
2841 1361 200
3818 2474 11
2834 19 47
4661 1565 48
2280 3354 41
789 679 83
2358 2037 183
1615 4447 38
1168 498 61
340 680 2
3345 423 8
3355 28 182
4103 1761 109
3392 4988 156
580 267 196
2676 4127 195
4450 1052 39
2715 4094 177
1557 2112 125
2463 1363 86
1759 3347 41
2620 2112 83
161 2834 181
2977 1102 110
2239 1452 62
2597 2278 117
3056 1797 195
4253 4265 30
408 4699 150
1548 2366 58
2334 4895 161
2157 179 153
4640 2267 83
4925 916 46
4366 4391 115
4908 3372 172
1422 2501 143
2081 2627 180
3930 2702 129
172 253 33
850 1091 178
181 1448 131
614 4113 173
4578 1541 83
1621 2185 80
3217 3369 31
4235 4272 112
1443 87 67
2434 48 15
411 2642 193
4296 1478 110
794 487 78
147 2423 174
3288 1927 91
4955 1165 114
3457 1181 65
3192 2543 2
2007 1317 20
4174 2621 131
4792 785 194
4322 754 19
554 3290 123
2573 2777 134
1862 821 52
3301 688 140
1545 2789 186
2740 4294 125
4730 2608 126
2699 2271 15
2445 2736 146
2878 3314 28
1302 2887 161
2693 3998 63
3862 105 102
1856 4165 180
2264 22 21
4373 3798 56
3698 2592 101
4269 2759 143
4621 2965 199
2782 4684 34
315 4186 121
1139 3117 124
2147 3775 145
3492 1878 92
2851 947 46
4771 2601 101
2210 580 78
2712 3025 12
1711 2851 145
4294 4325 83
2088 455 33
1859 460 154
2469 1279 62
4779 4388 187
1839 2498 81
2724 4388 29
4947 495 28
2486 4421 49
3605 2926 139
3763 227 94
502 4728 80
3636 4421 123
1038 2871 139
2861 4615 64
3212 607 148
4490 3328 32
2745 2549 120
2738 4404 122
4006 4357 12
3291 1412 142
3957 2262 172
658 2654 100
3070 1474 100
2512 859 34
2038 1431 109
3550 4406 70
1192 2058 184
2491 4530 2
4217 2673 100
4722 4895 39
4968 2571 112
2445 3282 47
633 2761 159
1176 4053 89
1433 1568 167
2774 3306 126
2877 2257 85
1095 2099 10
3902 56 183
1450 264 125
887 4738 13
4539 1686 103
2407 2263 92
3153 3467 9
2690 4516 11
4365 386 73
281 3750 163
264 4526 70
3168 860 193
3434 4496 65
610 365 190
1756 2027 176
4663 2476 126
2561 3193 73
2479 1606 54
2006 946 22
1159 50 70
1710 2075 56
837 4741 44
4608 4764 101
4729 2816 181
875 3030 104
512 4355 62
285 3440 82
4014 337 17
4118 1898 28
3203 2434 193
336 2041 25
2971 3131 99
3261 3048 137
3470 1194 80
156 4219 154
3821 3760 186
4797 2835 70
1989 3330 193
2577 3840 100
206 3895 197
4194 2579 110
1010 3746 31
895 1331 145
1955 1912 90
2880 2733 178
4585 3316 184
4506 2720 192
3167 910 112
1728 3464 68
1572 3362 92
558 4742 145
3601 4005 110
4710 648 135
499 538 168
366 3131 67
1535 3499 78
3423 1624 11
291 438 38
2517 1011 136
3677 3252 41
1919 2903 189
4439 2264 194
565 1300 146
709 6 8
520 1633 100
2887 4219 170
22 3488 47
2155 4588 189
1814 1743 63
1188 1244 138
1319 1385 95
1172 4710 188
3703 4509 194
652 4719 42
4201 1946 78
3516 3885 89
4720 4543 184
1073 4533 166
259 2032 100
802 3349 15
4794 2825 10
3488 1354 65
4126 437 161
1874 2836 58
3179 3049 142
3721 4325 46
4944 3932 54
2294 1464 162
3961 1042 28
3875 3432 60
2534 4462 63
1312 1070 37
376 1214 90
521 2879 20
499 359 107
1512 557 136
116 816 88
3997 925 82
3070 2302 30
3637 569 138
1970 709 158
4791 2170 92
4097 2624 29
2219 4372 189
3433 4798 178
762 2721 83
4172 2992 176
2585 2559 89
2246 2811 63
2291 2589 100
1777 230 142
788 1359 94
324 4902 183
2256 3290 18
3273 2201 130
4308 2011 23
89 4331 97
1673 4313 52
3891 3121 67
658 2242 198
2573 672 71
2173 4581 77
3678 1229 16
1965 186 152
4134 2078 190
3180 1995 181
916 4663 98
1255 4308 110
1342 1490 105
1620 1478 194
4247 4039 115
583 60 157
2430 3265 104
2491 1136 20
473 4227 132
268 3501 91
3891 312 186
1600 3484 187
1652 3153 164
2676 977 78
1734 3981 67
3518 439 54
2088 2214 12
4800 3398 131
4953 3780 7
3390 1358 34
2587 2942 159
741 2118 72
3253 785 77
2936 3691 84
4147 3656 126
1520 2733 22
3384 1910 119
4822 1153 172
728 3790 1
4286 1782 118
4491 4616 14
4901 1935 111
2222 462 90
862 831 111
514 3268 195
2169 2073 113
118 3208 67
2861 329 162
1764 3184 72
3348 2145 4
3604 1885 55
2269 1469 19
354 1440 38
690 1228 144
715 400 141
1050 705 156
276 3824 144
3028 1672 160
990 3972 1
130 4713 48
3286 3536 54
3032 4427 70
1617 993 125
991 2776 81
3273 3671 20
1377 3278 19
2412 156 140
4507 1622 21
4974 3911 185
4049 1960 198
640 691 6
3264 44 132
2685 2426 4
1247 3839 104
2810 1690 199
2338 931 87
2843 2712 73
3663 1689 152
2062 4093 193
3707 140 134
1601 2061 75
2445 4209 49
3782 1250 66
1186 1705 193
4449 2867 105
2605 909 46
3783 306 64
4159 3257 112
876 104 51
1482 1747 70
1237 1580 177
2375 2529 41
1631 1468 159
1905 307 41
94 2966 191
1615 4038 110
1075 1682 108
2073 1359 189
3346 1193 175
792 2288 48
3146 4473 105
2218 126 150
2179 3169 114
3063 3177 60
1406 1504 46
2256 1360 2
4047 221 196
1303 4395 9
1014 1115 184
2361 700 22
835 4249 74
1012 800 3
866 1613 195
211 1349 167
1306 2470 65
334 4524 16
2997 1803 49
1387 3283 144
1196 2523 17
2831 4070 60
4338 1257 55
3388 2813 11
842 106 7
3178 1788 131
4670 4557 127
924 3299 199
4270 4729 122
1401 212 59
1165 3965 129
3444 4809 126
2536 1435 44
2738 3687 163
857 975 43
4085 2631 81
2083 2259 74
2615 3865 180
2484 4628 168
1753 2966 194
3544 3373 71
1784 3844 42
2006 3769 44
541 3437 84
105 1969 18
2926 3315 111
913 1971 86
561 1753 26
1733 3133 64
4237 4186 189
3226 4837 64
2314 2186 2
1692 1590 43
1462 3811 62
178 616 1
4357 3921 141
3297 3707 65
1743 773 66
1922 3799 154
4056 39 13
1189 3549 49
4601 4414 68
12 2293 21
2430 769 114
2283 3175 144
2142 3600 58
4550 916 162
1254 752 2
7 3382 145
1732 4815 151
3746 1325 108
2505 4676 188
3696 1141 91
3457 1905 110
3328 4318 17
3846 320 144
4180 4945 108
1091 1167 61
3388 3211 199
3061 1848 150
1396 2924 179
1220 240 124
115 2237 187
3589 3558 200
3709 4432 66
1128 2358 57
2568 2465 3
4625 4004 46
3494 89 170
4107 3088 58
4293 1765 108
1334 2516 70
1776 4175 169
739 4599 158
2045 4733 158
882 3667 165
2279 3655 181
1438 1325 120
1302 350 115
4713 923 125
1056 4942 36
2394 4984 9
1763 2388 32
3058 4111 164
3116 4322 148
326 557 56
4791 69 131
3305 1368 29
2417 4252 28
1849 2856 113
1269 178 171
385 2647 71
2184 4517 6
3054 1865 112
3892 4927 93
1840 3571 200
410 1364 132
761 4577 153
1656 2823 91
942 250 44
3332 1298 166
2530 74 174
3259 3861 104
3195 3316 54
1450 267 157
267 1676 139
635 4282 7
2701 3065 19
3512 3137 89
4449 3564 81
76 959 90
3907 149 95
3868 342 182
20 600 150
2709 2287 39
3937 506 77
1024 1966 22
372 31 133
4288 4276 61
1920 1443 40
3227 71 168
1554 1012 192
218 3244 29
2913 1945 192
3368 3358 93
4175 969 30
474 1750 108
1327 4037 139
2703 1495 74
2244 537 162
326 1654 117
3494 3702 73
3024 3329 33
4534 510 34
2313 2930 179
2396 468 146
4023 2060 2
2741 4633 41
3185 1831 109
18 2530 87
2474 1464 158
1312 689 147
2029 4092 187
4015 1298 147
1694 3611 164
4920 4035 194
3147 3426 77
537 914 133
2239 3239 85
2047 1216 57
3038 2078 132
521 3628 196
3415 3005 121
2843 1661 180
1886 195 177
922 3794 55
1318 562 44
3236 3693 146
4353 2520 122
4654 4497 103
1529 2989 66
871 889 113
4575 1434 83
2966 3500 98
3030 4362 191
4237 1040 100
211 1615 161
3459 1681 174
4068 1551 59
2605 1266 187
4725 3688 162
1350 2424 191
1016 4016 10
1738 3086 96
1276 4385 42
4360 1182 126
1314 1553 114
1016 2477 73
3656 983 63
2255 3314 103
135 87 100
106 2766 199
2262 1526 116
3591 3119 46
3056 1860 5
4736 2377 123
2524 1637 139
2960 2480 142
1680 1997 87
4352 2143 23
1724 408 92
177 3473 175
2595 426 40
4180 1959 176
1621 3216 19
1689 1049 43
3450 3178 140
1563 3196 150
3252 1594 190
2958 1413 164
4452 2151 181
3030 3219 141
1137 474 68
685 79 141
4495 1701 88
4608 4529 196
3230 4394 186
1660 3118 19
500 4099 115
3810 4041 8
914 29 184
79 3335 174
722 1076 177
3161 3876 156
2971 697 41
3950 3720 185
3410 2422 120
2205 1522 167
3842 350 168
471 117 163
4576 2660 58
2448 2653 114
2824 657 174
2117 1946 56
3625 3913 87
2233 2893 29
2861 404 192
3164 2417 184
936 3891 68
4691 2367 85
2601 277 126
2320 3701 131
867 866 156
3718 3103 172
2787 824 127
834 2956 102
2987 204 139
496 2221 124
4470 2059 112
3175 2676 94
881 3486 123
1560 4092 106
1660 3333 20
1356 1276 192
1869 1033 119
568 4046 92
706 1108 22
2826 3899 129
1321 3519 45
2414 428 70
3466 2809 195
4546 4165 72
4834 2761 153
3295 4267 159
4632 3104 131
3997 3569 61
407 2999 92
3840 3464 91
3332 841 54
4323 1071 141
763 3707 131
2153 2012 44
101 2909 60
1877 2814 108
2061 881 83
1623 4451 114
4822 935 189
4482 115 167
4848 4215 177
125 503 36
593 1880 96
4291 4677 124
836 3798 15
703 4946 147
3898 1333 160
2084 2462 71
4596 2394 122
3332 3121 10
1630 1809 33
2423 4228 139
1113 2860 1
4887 4381 91
2122 3186 72
1630 4101 2
4436 2762 192
4538 1451 25
1712 1146 169
733 4928 2
3058 3151 18
4230 2452 37
4660 3499 26
4273 4255 158
1832 916 125
2218 3063 48
3725 4430 85
2570 1010 141
2471 1147 54
4014 3747 5
2181 138 12
2737 2215 194
2809 4164 5
1556 2177 152
1411 4333 158
2237 3910 144
3794 814 27
2195 3079 55
1616 1033 54
2312 600 112
4090 2644 71
4345 1824 51
3164 733 108
3473 4663 18
3919 17 119
1052 175 34
4877 4637 99
2294 4760 93
2680 4577 19
1284 3931 189
662 1145 2
3641 2964 84
4325 3518 110
3799 861 130
754 2127 79
4435 774 38
67 1988 86
3401 333 29
3812 1324 85
2817 487 98
148 2306 66
271 4883 128
342 2981 39
2194 1053 68
251 3334 98
4264 4978 3
3311 4941 165
3818 737 95
3725 2635 122
2088 535 178
1457 700 92
431 4343 87
916 3169 88
2234 1351 74
440 3476 35
4341 1040 91
2334 2970 124
2840 727 152
3287 2536 17
192 4787 181
875 4972 39
2809 742 79
3227 714 43
4909 3378 183
3924 1312 27
1407 2606 99
1163 1608 33
4341 4048 35
3800 4718 42
2675 2345 110
2998 2699 200
1288 3368 101
1144 1507 147
2366 694 159
4692 3157 163
1930 4920 121
1770 2073 190
2886 3635 146
2617 4830 67
2517 4900 68
2115 609 128
1682 3429 136
3731 1618 62
3267 1167 120
2886 31 26
1715 2923 157
3237 3922 124
4574 59 129
1435 722 12
537 4369 135
259 524 13
3797 4049 94
2857 4718 6
590 3577 146
1150 2841 31
117 2540 45
1804 1120 102
4578 1668 125
4465 1818 124
995 760 15
3498 879 181
1971 1287 72
585 1887 169
4018 2232 37
2840 4793 4
1383 3273 94
4955 693 2
3877 3629 124
4866 913 108
561 1809 49
1518 4450 34
3682 1089 27
2816 91 170
4205 190 54
4017 760 110
3304 3787 199
2124 3441 161
3089 38 133
631 2715 65
3375 1596 32
2008 3253 49
217 785 13
2575 3391 107
1036 4679 196
974 4404 197
558 3942 43
3728 1594 124
3742 2160 125
4736 2604 131
1668 3195 5
690 3250 69
2136 2075 200
1182 1001 27
4805 3683 103
999 4980 78
1355 4637 67
78 3498 90
422 1768 121
415 3826 2
3126 4231 99
2279 4554 120
3293 33 91
3106 3383 127
429 4478 73
3630 4750 92
1477 4062 118
1407 4441 66
3892 2671 24
4146 3747 33
943 1639 145
52 4458 120
4158 447 125
2035 657 18
1254 4746 189
2478 2892 96
4271 3913 82
3029 3712 128
1405 1091 149
352 4617 36
3243 280 32
2652 4061 68
2696 4719 158
928 1891 111
3880 2204 80
4184 1234 24
4310 370 46
3180 702 105
327 1689 133
3896 2271 152
3135 4495 20
4243 3191 110
3098 459 137
4500 1521 85
263 4326 69
3296 4791 21
1682 1261 193
1067 2053 113
750 1288 182
4105 1673 198
337 1904 39
1723 4649 190
4297 135 139
2821 877 154
495 2697 99
1607 2312 137
3538 4321 43
1516 4448 175
4251 1906 142
2140 2888 180
1984 3636 134
3456 1257 180
4247 1794 164
3844 4922 192
2556 4436 140
3401 4650 167
1985 1840 100
2652 1924 89
33 175 90
2581 4640 62
4002 2506 55
1706 1935 34
4998 4890 52
925 2456 35
1861 2172 185
3878 3736 105
4746 957 3
2548 1639 90
118 1452 8
1818 3654 78
2475 2618 169
2195 1613 84
1163 2090 56
1581 3047 173
420 3715 24
1816 3647 142
4500 2868 71
3929 375 114
1938 2698 67
4397 3958 20
3475 1350 155
1453 3614 75
163 2339 23
3740 728 120
2560 4345 164
2613 2085 145
4770 2429 35
1183 258 31
61 1642 168
1934 4221 24
1554 3566 39
1381 3872 35
328 2851 123
478 36 14
3326 292 132
4672 4514 52
1146 4623 169
1601 4069 87
2338 3632 168
4060 3635 80
2651 2910 41
3887 4659 198
4602 2374 155
1825 4352 178
256 792 102
1409 4642 56
4267 152 163
2369 3187 167
2434 3813 52
2460 4937 186
1418 2721 17
3205 1563 43
2980 4771 164
300 4656 3
496 1318 63
2169 3065 67
4970 632 109
4834 3146 91
4392 2479 103
2736 1664 117
64 4775 32
4113 2456 130
1406 2172 176
3209 2168 154
390 3048 192
1922 4747 197
4213 642 55
4048 56 157
3278 4207 147
1809 4331 147
196 4541 65
4585 4583 68
3943 4102 200
263 1448 126
3205 2201 25
2912 4455 75
1994 4350 15
1070 3996 132
3891 1770 2
4467 2534 96
566 2512 158
1844 4979 141
334 2746 194
4336 930 73
1786 2674 142
623 4745 182
3638 3936 120
3282 3895 35
3231 3813 106
1919 4703 131
1984 462 108
3686 790 84
4864 3427 144
778 2249 100
3865 1379 26
2837 4373 1
4663 1148 7
1474 1471 46
3613 3120 139
289 231 98
2148 4161 117
2105 4766 49
876 1064 121
2554 3039 113
1221 2698 122
2237 1618 25
1945 1839 61
2314 4189 67
4853 2897 117
2223 1707 94
3103 2451 6
1723 5 54
955 4426 194
3629 585 118
210 4264 192
1330 2655 193
296 3569 102
4952 1581 66
2390 2110 143
2588 1879 50
1444 4707 40
2289 1590 149
1615 3461 151
471 195 137
2006 4096 172
4941 1285 152
3454 826 145
3084 12 162
3687 4021 142
1168 621 19
356 4810 60
1015 1810 184
1290 2840 161
2142 1698 5
1780 4443 181
4752 3503 157
1993 1813 171
3509 1933 172
2450 3755 117
3364 4503 183
4479 2973 21
3623 4554 80
3068 4737 142
1228 2754 165
205 109 187
3068 2174 49
1522 3680 89
4479 1431 151
1644 2948 78
3189 3081 89
3558 3954 159
4859 3198 109
1070 2637 178
3403 4980 180
2770 2642 138
3470 1144 142
105 389 16
134 4862 139
1209 3242 160
2642 2823 177
1330 2622 57
386 2033 80
4244 84 132
2102 3197 178
1810 313 28
492 36 171
3267 4668 17
2066 4563 146
4967 2218 69
2995 2997 59
2580 2515 123
3034 4752 178
218 2525 28
1611 589 87
4669 439 28
1659 1834 192
4488 918 30
3412 2888 180
3665 726 184
4979 2453 48
2111 3726 11
2823 4735 9
90 786 70
3266 598 87
3520 2137 52
2249 4932 69
2211 4535 195
1870 3188 9
67 3220 120
3656 3586 170
1062 785 36
2052 4939 196
172 3147 35
475 1622 194
2842 4529 120
4539 1061 132
3776 1184 18
407 1510 175
2762 422 89
2969 3390 69
3451 2207 182
3828 1933 16
3323 2465 165
2344 300 168
1002 3918 116
727 4504 120
2918 2289 165
251 569 101
2128 4682 174
1289 4872 64
4045 214 33
3970 3229 87
2208 3764 65
2013 1925 44
3068 169 189
4422 2476 22
1206 1394 187
1927 987 187
3694 3385 77
453 4200 166
3001 417 119
2817 548 175
874 4314 9
2358 3876 109
425 1704 24
3191 497 164
3354 3190 181
2552 229 130
297 600 191
3459 1830 53
783 2542 184
1484 1782 66
3594 1935 154
243 4898 50
2219 2586 46
4819 96 37
764 3379 90
4647 1048 109
2804 1684 188
3153 1059 166
162 1275 96
2279 3597 107
936 4483 200
2600 4220 184
3169 4433 180
4746 3342 32
1299 2372 43
202 3532 164
3052 748 18
2506 2085 195
2761 1092 68
3918 1514 71
2559 3201 11
2747 519 200
2105 1913 170
563 2406 57
1790 2289 165
2075 4014 19
3312 3999 62
3202 2730 33
3569 1621 39
715 991 193
262 2134 131
3293 4493 133
2119 2846 132
1069 23 147
8 1825 83
1829 2119 14
2660 3993 2
4950 71 44
4218 2587 62
1001 1836 8
4808 999 150
2163 2953 41
64 1890 186
90 6 15
3166 4506 103
209 1661 71
4920 3406 90
4530 3162 14
2110 1578 126
1621 2357 8
2079 379 117
3133 3525 26
4768 296 46
2083 2698 159
1022 2658 28
4120 2468 156
325 1802 21
3994 1120 107
288 3223 55
4413 2391 100
508 237 29
2204 3725 88
3585 724 109
504 2233 73
2013 2392 32
1100 4121 79
4214 4300 78
1931 3933 78
942 1891 71
3321 3811 47
2100 3290 87
2334 4591 23
4976 560 103
3368 3384 109
4415 4231 65
4170 4565 73
837 4962 88
3847 1273 111
9 939 119
3836 2058 200
3456 1058 114
3940 3952 23
108 4620 90
3110 1846 50
1489 2977 141
756 3822 90
845 1922 139
2752 2500 98
2724 3903 44
920 3108 199
2710 2052 172
413 4528 136
2645 4441 7
802 4996 28
4431 2483 139
3634 2484 139
4066 2480 35
3134 3060 43
3656 1461 133
1145 1927 185
3653 582 71
4820 1615 4
2015 3925 90
4660 578 22
2101 1860 196
2091 4456 20
3714 1966 179
469 3976 185
272 1950 42
728 2715 67
4762 2735 109
2337 3151 197
2023 2831 130
780 3025 27
3299 1009 137
1420 4880 116
2710 4105 116
3764 3240 75
1779 2332 130
128 2448 14
4246 4908 103
1465 4006 91
773 2360 185
2502 250 23
481 3391 23
225 224 26
4473 3360 153
343 3099 103
1354 4572 128
2478 1435 99
1788 4001 122
4932 3361 180
3254 4294 77
4587 1495 77
4055 2241 45
3640 263 43
1003 3789 196
486 851 98
373 675 67
3327 1456 115
4275 130 32
2895 1472 55
4237 1615 121
191 4287 123
2470 317 59
4527 2230 33
2282 807 68
4285 2072 106
1522 1331 104
1637 365 32
2387 2212 14
2867 3966 181
3239 4341 129
1170 4561 100
499 2392 163
213 1793 87
467 3195 163
2980 4486 62
2189 4590 146
578 2778 129
3631 4039 179
1713 2140 130
12 3964 19
702 341 17
364 934 164
2378 479 40
6 2425 161
45 4420 112
1262 2777 72
3847 4165 49
2677 4905 109
2445 651 132
2732 3353 39
2274 3069 134
745 1054 151
4706 3348 68
345 1888 40
3627 3257 92
4283 1041 177
1748 1209 130
2938 4292 82
2836 4888 92
1561 4679 10
1286 2880 179
4603 4006 183
4030 4090 198
2602 2032 28
1700 583 139
4432 72 69
3777 2513 60
4367 4585 27
2527 2685 189
4806 1989 161
2801 4000 109
2534 4833 91
2973 1610 79
3677 1770 82
2420 3139 192
4667 3545 165
3897 3059 114
3795 1882 62
425 556 40
515 2717 101
3129 3149 127
3701 1135 172
667 1573 38
3855 4728 11
3342 1188 141
1228 3668 110
612 4526 177
4819 1517 43
2413 4639 200
1737 2199 129
12 3036 74
4258 4624 164
180 3196 28
3615 2531 196
4538 4693 52
1680 3395 82
4808 522 64
1356 4747 3
2354 4428 161
1338 77 184
4979 640 110
1540 2 94
4988 1894 95
780 2646 22
3923 3009 191
2987 4247 25
2454 2160 32
2711 4686 91
1781 3097 180
2284 1622 65
3537 1218 65
118 4915 151
1560 4640 184
3810 4225 177
3015 755 98
397 4274 128
1261 1881 106
2107 4205 184
3396 4746 60
2639 3285 79
2140 2727 62
3340 1489 8
3731 2536 184
1345 1891 109
4458 2964 148
2750 4912 181
2312 93 147
743 1959 40
1422 2102 8
2403 4207 183
548 3637 199
3290 3343 93
1842 2927 65
4516 4218 196
4638 56 21
1115 1429 81
782 2656 143
154 3001 22
2148 600 118
3360 1050 23
2295 2386 124
2239 2712 118
905 4795 136
4441 4567 56
2711 1675 131
4081 3795 123
2874 3253 190
2447 4230 114
2430 4024 86
2906 1767 82
1385 1745 135
4745 1070 143
3245 4740 114
879 1573 155
1411 3069 105
1331 453 76
347 2909 94
3867 3754 45
3190 3607 22
3772 2062 10
2208 1742 89
3712 3753 150
2298 1799 27
172 3810 13
1719 3677 114
3138 3153 17
4377 4627 170
1719 3851 150
4560 2499 154
3183 3603 181
1642 1329 101
3841 412 135
203 3954 100
1255 948 104
751 3972 42
384 4324 186
4632 3527 101
2748 4192 102
3319 1847 22
4760 202 71
1739 3414 62
782 270 25
4967 4343 113
622 2156 113
1844 1571 159
2182 112 166
3729 4632 24
923 3776 115
2396 699 55
3804 99 56
607 4919 34
2139 2133 12
2228 4798 151
4464 1412 36
186 4199 122
3619 2506 60
2887 3632 61
2898 1756 153
3779 338 99
3700 3899 155
1431 4980 44
2006 4785 3
1227 1262 121
4167 2821 181
3996 669 9
960 4821 148
2951 1161 83
4782 3216 171
401 4946 73
1223 3908 182
3187 2923 150
1964 1906 81
4608 5 175
921 3367 64
3336 2735 84
1946 1395 23
1517 2239 42
1476 981 36
3945 1798 91
1934 4434 55
4976 3378 187
3564 144 147
4384 2744 82
2008 1455 91
1524 2715 28
150 2237 45
4502 2607 102
4363 4947 64
2253 2011 93
2928 1893 103
1231 1842 131
3542 179 58
2749 3394 9
3074 4872 34
341 475 86
3949 4187 5
951 3223 79
166 1753 133
51 3094 94
2761 3405 30
76 1848 155
1239 3756 15
3051 3823 50
3024 1320 68
2210 3426 130
4169 4460 116
1658 1918 125
144 102 95
2821 3172 181
3430 2705 186
2391 3161 125
1478 3959 139
4708 445 198
4567 1413 153
3859 1839 107
3999 2194 89
1174 3032 22
1783 2136 172
2907 4893 45
1537 3218 115
2141 4929 16
3112 433 175
1810 535 15
2081 1645 41
3256 166 22
3081 3580 166
802 3956 79
120 129 133
583 964 129
1997 2467 111
3361 3846 63
2435 4664 55
2615 3827 183
944 1372 197
1808 3309 174
3167 2490 134
2941 4248 118
4393 4754 112
200 1736 167
4982 130 44
4246 327 134
967 399 45
3070 3463 138
2298 585 77
1980 1042 131
2962 3999 22
4782 2119 120
844 1072 100
132 4482 72
3015 1304 167
2621 3067 177
4344 2970 33
4709 703 8
1383 3756 158
1342 1148 146
888 2326 123
1443 2766 174
2836 1008 5
1662 4454 170
3859 2627 79
2233 4568 181
2634 1279 191
3892 1486 107
3049 3812 91
4556 1794 42
3126 2519 83
3017 2683 150
3493 1835 49
2500 1517 61
2141 469 121
2806 4152 198
4511 3995 154
253 435 152
3940 4660 127
2180 1427 110
4483 4006 150
963 3004 199
2879 2080 39
4197 2662 182
827 2662 111
780 4403 199
1713 4769 33
4143 3079 40
221 1783 40
4055 2921 105
2744 802 15
3361 4118 57
4929 114 141
4985 4430 78
2042 4425 130
4655 4443 178
3554 4245 47
4544 2910 37
2271 345 104
3913 322 110
4872 1871 164
4201 2950 183
1036 4666 159
4664 4612 78
3047 1592 41
4403 908 53
2225 921 2
3289 3907 95
1990 1661 126
1286 3333 168
3057 3428 157
4147 4737 45
1384 1249 101
2909 3038 102
1404 1046 72
4618 1053 73
1919 2456 166
4856 2194 181
4578 3480 165
2382 748 188
4827 150 90
4207 4996 137
3606 256 71
4415 1905 55
2342 2781 89
4696 2096 144
3805 4946 49
1247 2305 179
4546 4332 194
3817 20 110
2698 4948 166
930 3661 59
2394 235 120
4728 365 195
2695 472 163
3147 844 66
4104 3228 84
47 4808 104
706 1995 135
4676 44 14
3361 2435 170
2213 1528 177
4665 794 147
2423 1270 19
2450 4159 20
2944 3646 108
1948 3539 83
3787 2091 123
4126 1009 157
1614 73 120
678 4800 193
4975 3503 75
1766 3946 163
3042 4370 82
559 3968 185
1450 2440 105
1853 4954 53
1243 3635 50
458 4712 173
1244 2211 161
1382 1315 92
1143 4876 123
3846 3158 198
2413 4876 159
4956 509 193
4695 3667 112
3203 3142 157
4340 215 6
2093 2635 108
2316 1959 138
395 2773 29
4211 2712 142
4258 2579 108
3159 1792 7
2553 4322 165
2262 1516 148
4319 1523 56
133 2102 117
1227 4628 71
1539 2234 67
1450 1391 96
1897 2180 28
1672 3551 103
4235 3386 152
3603 751 65
1131 1320 193
3911 871 177
2560 3416 43
824 2190 67
3630 1864 63
1956 1662 187
2048 2277 136
4155 1159 81
4359 3051 106
607 986 156
1590 4794 29
2841 2009 93
1121 1899 68
659 743 175
1167 4722 198
1561 1241 101
2389 1307 153
1167 3100 95
1210 1115 36
1766 3967 199
646 1290 70
605 1481 55
4594 2673 12
594 4689 140
1466 3483 36
997 2382 69
2254 4479 11
3961 3364 76
2140 1399 195
1493 2454 156
1305 738 14
438 1842 22
3287 1465 130
2960 906 12
612 3981 24
3364 4781 57
3557 1517 4
1800 3049 200
823 2779 140
3572 26 196
133 4845 69
3217 2988 170
2911 4412 34
263 3738 31
4009 4393 146
4964 1984 86
4618 4127 62
2593 2011 61
1983 1906 159
2444 117 153
4726 1456 19
2066 4412 127
1543 1137 155
4361 1883 5
1080 2159 103
4992 1477 125
51 2921 190
2038 1211 75
1185 2918 79
4069 1693 75
3893 1807 59
1233 2187 52
4868 1444 19
2889 733 118
4625 2059 121
3471 1067 61
3482 4698 84
2597 3531 154
2483 702 172
3778 2900 134
1911 1817 89
1590 4050 82
4515 799 9
3849 4592 39
2374 566 41
1241 4701 147
4405 1098 167
1169 1365 110
3551 804 90
3272 2843 70
3253 3246 9
69 2610 120
3122 1445 136
2816 4853 104
1911 442 57
3840 1467 59
668 100 9
764 1691 191
3163 3916 135
1011 1849 92
2303 3250 132
1427 4293 195
4071 1144 23
375 426 123
4767 387 130
2235 1454 158
270 4689 26
2561 3359 113
4063 1268 156
3519 2155 11
926 710 67
1765 4036 2
250 4972 75
1187 4250 7
4448 3571 162
2049 2162 124
742 2460 127
483 4782 86
4696 4033 174
3007 1728 35
3771 3108 47
2722 3792 164
2780 3932 139
4414 1105 63
1698 1547 46
1437 2800 54
816 888 196
4326 70 84
434 3403 94
3611 3760 5
335 2512 11
2799 3274 45
2324 280 46
3927 4634 79
326 4316 84
940 4550 85
1679 1995 198
357 2017 58
3634 3926 72
4969 2163 155
4446 2735 108
1782 3003 62
1401 457 5
1574 109 160
597 774 30
354 2079 102
1502 437 123
4759 1679 63
4611 4801 199
2568 2737 26
1638 4682 67
970 2544 185
4666 467 111
1420 4099 84
4159 4976 153
4236 356 91
1819 1049 82
828 4527 54
4183 1928 120
3009 2823 30
2117 2985 50
2632 4735 124
474 2121 157
1261 4108 113
1661 3531 120
4205 1150 75
1741 4226 124
676 2940 62
72 3880 173
4557 3152 30
2392 3464 160
4579 1745 23
3659 62 191
4006 341 112
4008 492 47
2745 2066 100
2748 453 63
4804 244 20
3746 4043 74
4638 561 188
506 4498 110
3966 3938 53
1218 4146 74
3270 2343 164
3632 3229 55
1673 3466 194
1027 4542 174
401 1641 199
2016 4913 200
987 2047 146
3073 4628 2
875 1827 35
1995 3944 97
3823 885 120
785 2451 11
1163 2994 29
3845 4976 199
4825 1446 35
2754 915 197
642 4391 74
1533 270 138
4598 769 141
333 361 30
3011 2119 50
395 2590 58
3075 2374 54
3367 818 12
625 1935 42
1483 4564 8
3431 3213 124
4031 1344 161
2970 3517 189
1406 3018 56
4167 1860 90
2466 2596 16
3646 2961 112
1304 1111 27
2669 1248 122
43 1370 184
4427 4746 176
317 1392 35
4005 4779 120
1584 2891 21
872 4229 184
3742 238 168
4445 4069 68
2959 434 7
4172 4519 12
528 3403 78
447 1622 100
1992 2101 34
4827 1660 44
443 426 121
3949 3263 76
1084 430 189
477 2871 47
232 3634 136
2257 289 115
1970 2343 200
971 2921 30
477 119 182
319 4758 164
1273 1880 101
3175 3015 57
2531 2846 48
2896 2565 117
4041 3253 71
2463 923 16
520 4643 56
3805 4065 15
4308 1535 129
2013 2053 49
2070 1793 159
4966 1529 107
1898 1558 21
1326 4354 122
1394 2709 17
4805 1410 53
1985 2017 69
501 4129 51
362 2375 58
4083 1330 16
4747 3380 40
3875 2182 66
2591 367 110
4333 2143 199
3937 2676 115
470 1287 131
3393 4376 78
3899 348 99
3813 1200 23
4555 3988 99
3103 2843 69
2191 4772 13
3693 54 82
657 3651 57
3742 1362 178
2789 3047 146
1251 1480 30
1540 3457 178
954 503 72
4061 3106 46
2681 1595 165
315 4484 78
4936 993 97
1633 2035 7
698 2843 183
2911 757 131
4893 1211 81
2396 2387 183
2763 2310 75
3672 1683 124
344 4705 190
1688 1253 149
4959 3050 66
1253 4274 46
3146 2824 13
291 1027 89
3849 1629 122
1176 2906 25
4023 4185 159
471 3281 74
388 872 14
516 347 103
4365 458 18
2835 3121 54
4231 2152 123
2037 3029 35
1194 1113 67
1258 1918 149
4372 4474 94
1330 2598 128
1266 3206 105
471 4429 35
351 1416 178
4809 3325 76
1262 1868 28
4627 4366 64
1507 2350 102
2239 163 64
721 1971 68
1557 4465 133
2984 2659 67
3763 4009 78
2797 1997 183
3140 4428 78
4888 3382 164
4350 1451 158
3403 507 178
2994 385 175
1368 4278 87
3561 2315 166
2568 2892 8
1655 1733 92
2083 308 8
4315 2619 132
387 1794 135
2144 3724 113
2666 1136 5
3701 4778 107
4667 1568 183
659 2328 27
3336 1350 13
2237 151 151
4094 3796 125
2650 1673 153
3138 3396 34
3667 3371 38
2500 4653 6
1801 4182 122
4227 4226 182
356 383 13
131 2977 183
492 1034 36
2340 421 19
3640 2990 178
2117 1111 176
2489 523 23
2538 4729 74
1786 4934 60
3629 4883 24
14 2813 28
4849 3003 198
1580 2736 36
894 1651 84
2848 1492 134
2223 1191 153
4964 4879 176
4316 821 177
3353 1470 107
171 3355 156
3519 4708 84
93 4555 57
3996 2079 182
2779 3952 38
2056 2751 60
432 717 89
1935 2159 101
341 3657 42
118 4241 65
1543 2929 112
2693 2007 154
4636 635 196
2432 1878 173
3815 3794 188
4758 1937 200
828 2553 149
4213 4000 134
804 162 94
2716 4366 20
2585 1913 97
116 623 189
4811 2333 61
1516 401 77
2065 4047 66
2709 428 2
3616 4123 136
4174 633 130
4754 4438 6
4434 1099 13
2614 441 189
2322 3965 31
1381 3973 84
518 4776 66
4517 774 77
4745 4232 44
345 1709 85
1896 4419 81
2814 1045 114
3764 3653 194
660 989 78
684 4789 152
2098 3996 144
836 1556 187
4340 4286 50
1431 2892 30
3217 1632 56
806 483 84
1620 3369 173
2677 3386 190
2959 4810 164
2058 136 177
4649 4930 188
2697 2904 13
2338 3523 85
1175 1835 54
2875 3352 56
3312 2354 105
943 2888 159
2381 1642 86
3761 2612 122
4178 3589 32
4515 2553 37
4480 708 162
2421 4714 145
1246 3707 41
846 1756 64
4102 2199 136
4406 728 71
233 3398 131
3153 1481 43
2908 2758 37
3268 466 50
1819 2146 111
2745 3297 10
602 2427 24
270 2166 22
4326 2820 99
1533 1321 200
4649 226 5
2367 1002 65
1532 2376 85
3417 3013 55
2125 1695 11
606 31 95
2405 232 152
862 4339 10
692 2390 139
3996 1977 21
2561 2856 191
441 3997 78
2313 3201 53
1088 3861 9
176 2526 5
1880 706 110
2863 4791 152
3054 870 38
988 4063 95
980 1953 126
4646 1136 198
1390 2885 174
3967 3781 70
2760 643 119
580 4238 194
1417 2109 73
118 3331 59
864 2165 113
139 4246 15
1798 1928 148
2689 4562 119
2702 584 46
4226 3356 127
793 4376 147
1135 4502 135
295 4653 35
306 2629 181
1820 1900 111
2995 1585 66
3394 1255 121
1734 550 167
2000 365 74
2013 745 80
1129 1766 32
318 3203 107
3899 2310 127
1447 3037 24
2752 2142 189
1649 2859 181
4125 4677 145
4898 1930 157
3195 459 58
1839 310 58
4822 1985 161
853 3587 126
1478 3017 140
759 4409 165
4310 1930 145
4577 4206 39
2060 148 66
3443 3833 100
1999 3942 190
4204 1867 88
4681 3400 144
2301 1020 5
1015 767 56
3424 3496 185
467 1935 59
2605 551 10
3655 918 182
3376 2000 159
2940 2989 110
3897 1584 39
3945 2074 6
4271 3241 63
3371 4409 42
4528 2243 44
4127 4306 81
204 1875 93
1529 3779 44
1612 4059 156
3718 2011 148
1166 4798 97
3848 556 113
3283 4879 153
728 4376 73
4343 3701 14
3990 14 100
3794 3156 49
1104 3549 76
3785 1518 175
2160 3897 168
4742 714 169
3823 4655 194
1538 2547 96
3690 1384 200
359 4847 12
3485 234 20
4597 1594 174
219 2358 11
2114 1240 128
2740 2744 18
2279 336 51
118 4168 197
2266 3143 110
838 1338 75
2306 3444 104
1116 1664 80
4779 1167 173
4614 437 74
1538 839 88
1613 3523 9
4300 907 129
4140 1396 27
2330 3953 126
630 3368 62
1767 4989 189
3945 3397 148
4803 2598 60
4853 1334 93
168 2186 106
4114 4369 79
4744 4055 80
2136 4161 184
3087 2395 99
3521 197 187
1728 1277 109
4348 3641 116
1675 3112 200
1326 4287 67
1785 3312 178
586 1103 184
220 4742 27
2733 4342 119
1789 2461 65
4805 3924 26
452 655 49
881 234 23
980 590 64
1271 3808 93
4938 3153 104
1205 2868 150
3679 1139 165
4145 2820 15
836 367 98
3035 2683 116
2684 4117 1
145 2173 182
4720 236 20
2549 4764 149
3259 299 139
3799 3982 178
4782 280 70
504 972 141
1099 541 14
2233 1632 109
2780 1113 103
2761 2652 158
2106 4086 153
253 600 54
4982 4451 60
2999 2232 152
4496 4094 82
4885 3294 174
1153 2531 117
4199 1509 39
2214 2620 87
932 286 137
4308 1501 100
558 4142 36
1513 1547 82
2728 900 69
3395 2022 19
3825 4259 2
1965 851 200
569 4001 73
4864 1972 113
4784 342 1
4775 304 101
1502 2565 36
3792 3746 65
4536 3897 112
4923 4871 102
3415 3336 126
862 4112 95
1296 3249 84
3527 3932 52
85 81 164
2239 472 184
1931 640 125
2963 2425 137
2607 3618 180
827 2700 77
2579 4595 8
4246 1320 33
3511 3782 24
612 3116 67
1350 4600 80
4870 1569 23
4897 3008 31
581 3036 18
2938 3562 142
3691 2798 67
3339 1393 190
136 746 121
3092 372 9
4744 1444 12
1808 2102 157
4293 2509 107
2510 2767 47
639 1516 86
1112 588 29
3972 2417 64
4519 2425 177
4561 2623 67
3987 3234 175
743 2144 66
3036 2219 190
2231 160 38
2923 2817 8
2766 2196 42
1715 1198 158
536 1762 81
3071 3010 9
4062 3616 102
2847 4218 63
1119 4778 116
4980 3700 34
3680 2893 186
4527 1708 125
3912 4655 55
3070 1264 46
1243 4936 192
1377 4770 115
4143 1501 13
317 699 65
2399 1456 150
4988 3198 199
1101 2505 23
748 136 13
1238 862 139
4027 2964 178
3897 4359 1
2691 4424 141
3360 575 109
1188 1504 13
1087 3679 116
4765 4454 144
3154 843 138
4904 4296 8
663 3685 161
1996 2780 134
747 4408 1
3693 978 108
1188 983 197
1833 2403 24
2676 1090 44
1934 3899 193
4464 1128 6
312 3587 97
4122 4769 117
3196 3148 187
265 2203 177
496 305 83
3707 4445 50
1798 2770 37
3162 2843 175
345 4526 20
962 1606 62
4163 994 80
4688 2719 99
911 2881 111
4824 3068 38
16 3079 118
2519 3500 186
4155 1331 110
4360 1005 100
1276 385 135
777 298 182
3218 458 37
4685 4382 92
3073 3410 101
3643 2623 152
4742 549 2
291 1098 57
2733 2926 100
1324 2785 49
2320 3812 191
4920 2006 75
3061 4000 74
1995 3494 68
287 4641 129
127 3933 16
3466 285 109
820 2136 82
1651 1631 195
2528 1760 140
4150 2958 97
1903 1885 195
283 1637 107
3790 2158 101
1783 2094 17
2093 3226 37
4798 2783 198
3534 2650 56
2763 1125 78
2463 4742 99
2141 857 135
2575 3994 170
4692 1264 132
2133 4228 165
3134 4233 138
332 3556 12
4146 4998 99
3056 2850 167
1876 2345 62
4178 404 46
703 1625 49
3628 303 32
1826 3894 97
4799 56 47
2144 2134 181
78 457 152
2118 2072 157
3321 3813 159
990 2017 167
1214 2483 38
1315 1598 168
2127 3036 17
3252 1970 27
4362 4125 61
3656 2452 25
599 4101 136
2418 2797 149
1367 3045 129
181 2068 38
4604 100 52
1992 3442 183
212 1843 98
716 2896 114
2787 633 185
206 3433 54
3277 4914 117
164 95 195
1042 1825 29
320 2312 4
4832 1682 43
4514 2291 113
772 315 165
1975 4764 79
3496 122 40
4841 1478 194
2892 4269 83
1066 937 95
4428 2747 89
2104 2812 2
2477 4461 46
1618 3311 197
635 3951 97
1155 418 71
51 701 85
2876 481 87
1487 2720 73
4083 4649 99
1249 1582 89
3178 2668 168
91 533 59
2535 2510 18
3375 878 63
1658 4346 21
1466 398 163
2589 113 115
1687 3589 175
2856 1953 187
605 3216 26
2577 249 60
891 2745 100
3214 1604 109
2033 1475 63
2988 4673 117
4253 74 41
2137 4101 162
3147 713 171
2305 2217 101
4316 1776 68
3823 3317 132
3345 417 25
3522 4107 43
2655 2481 81
1916 3681 155
2502 2921 63
3720 7 53
1128 4095 102
3404 4657 184
194 778 108
2480 2838 140
1824 2959 46
1889 1350 95
484 3381 47
4489 872 32
1850 1205 37
3038 4097 36
3461 1418 105
986 771 143
1214 4451 87
1764 2924 183
2802 449 200
2689 3593 200
3827 3705 93
2665 326 146
3398 97 136
4871 4100 15
3921 3182 30
2017 256 151
2818 2662 159
2088 4905 176
2962 1773 21
2108 4574 48
1649 1359 44
2511 2262 85
4979 2156 101
2550 1779 54
3124 2085 84
382 4114 44
1883 655 38
3525 1844 132
871 4487 122
4163 3896 153
2776 1986 146
1701 3064 53
3927 1281 57
1279 1055 91
2882 4668 113
119 2010 152
4785 1573 104
4441 4432 58
2021 3527 53
3048 445 156
976 4290 115
2968 3349 173
992 3348 3
949 4330 119
4755 377 153
1862 675 146
4652 1388 72
2747 223 161
3152 3373 14
1857 4940 142
1802 73 171
396 4567 174
513 578 150
4475 940 188
501 4884 132
4654 4529 185
1097 150 148
1153 2166 162
1248 1072 145
3357 2624 157
1955 1195 149
1889 1370 165
1516 4756 33
17 2621 198
896 503 173
2941 2053 103
2898 679 8
2642 3707 28
2347 3930 69
2245 1837 15
1873 1220 150
3422 3008 16
1459 1886 158
1058 1928 78
843 2878 187
2373 380 159
1844 4125 14
1421 4408 114
481 806 83
2899 2793 68
746 1819 149
4943 4437 123
4193 1607 58
1548 3238 43
4347 532 140
1314 2431 106
4696 1563 84
3118 2768 73
753 2968 10
3705 3110 149
3768 3991 40
2585 1155 123
2445 537 13
4778 1777 31
4920 2489 134
3290 3704 127
623 3024 120
4030 4154 198
906 3375 61
1373 4957 99
1867 782 107
3892 512 60
3484 634 54
1614 242 79
1770 2862 103
1218 1715 65
3837 3888 63
997 1082 52
2265 48 20
2862 920 139
2069 319 69
2468 4100 129
2247 840 147
1114 4467 182
4488 3341 187
1165 1290 58
928 108 14
642 589 88
3396 3324 113
4871 2248 76
3285 3417 103
3860 3046 164
4002 2006 152
3812 4217 152
531 1057 165
548 1613 1
2696 2065 106
3659 850 130
4096 4978 26
2491 818 14
4300 1241 151
3917 2970 167
3517 214 113
1507 2365 189
4524 3198 146
1422 3809 96
4758 4443 77
3248 4608 152
762 3033 155
290 2436 199
421 886 60
413 176 109
4902 3407 6
4817 3115 20
781 434 10
3593 1489 90
2523 1666 58
2826 3921 10
4850 2639 138
4046 696 116
4699 1119 77
4679 2041 12
1182 2744 158
197 891 10
3221 577 74
1818 66 167
1192 533 120
1944 2907 161
4596 3121 5
3164 3065 92
3109 1473 81
3516 2658 29
2819 4711 78
1742 1893 124
2905 4930 54
4058 2240 171
3948 4632 193
1719 1648 47
4152 2307 146
2210 800 5
2096 277 175
4088 2912 9
629 3656 85
1868 3504 19
1304 3301 46
4359 1340 11
4604 749 196
1475 2838 155
98 4631 52
646 2467 74
1795 3019 114
3439 1150 141
886 1495 25
1823 4705 151
1500 1224 60
2559 2577 13
760 244 27
623 4474 180
1422 2714 66
3360 2560 29
4832 163 11
508 1641 111
2106 112 97
3630 1839 110
956 1339 85
3252 1874 14
3026 1189 61
3821 4533 180
2999 3189 6
2804 4498 118
2124 3195 99
235 319 84
282 1198 111
4282 4192 40
1413 2943 92
4157 1981 131
2768 3124 190
359 4068 89
2401 2879 157
2372 2485 44
1408 2369 44
4413 4982 134
4752 597 83
4522 4509 69
2627 4720 73
2617 3689 98
4723 1454 172
4230 1996 111
4061 2563 157
1933 2206 4
204 4836 8
449 1752 88
1335 4677 112
533 1876 65
4603 4675 142
2996 4763 199
3355 3842 25
3731 341 186
85 4412 3
2216 4471 91
1608 816 133
1466 2772 194
2528 2781 148
544 2066 8
2605 2081 86
1404 153 24
1850 3178 180
581 4011 192
2051 4944 124
2280 4935 12
3801 1738 113
4662 3114 170
4466 3668 95
3115 4084 137
1819 3984 65
484 4966 138
3725 3013 106
1569 4455 63
3934 4084 49
2327 1761 84
1960 1785 52
3825 1352 90
4187 142 198
1023 415 190
39 1571 185
1491 2889 172
2947 4543 52
1034 2708 34
3114 3296 15
3808 3842 75
621 1187 59
2430 4828 84
4741 2246 138
4724 1345 191
342 911 177
2187 1444 102
2900 2123 145
3786 1136 36
3487 1763 162
2640 4326 182
3955 3925 146
2580 4896 135
4629 420 156
2567 1554 153
3251 1029 185
557 2523 71
2218 481 103
3767 4672 71
3719 706 23
3949 2623 3
1594 1264 33
1437 1523 194
3086 4844 174
2632 4854 27
2625 3069 199
599 2792 195
1515 856 17
4292 3730 5
4904 3390 87
4421 845 83
3752 1945 88
1765 4509 134
598 1726 170
4877 4958 164
2209 4546 58
4823 1086 121
2963 2788 54
243 2497 194
3700 734 52
648 2319 184
4241 2615 113
3834 3825 73
3661 4248 55
727 1860 117
3212 200 18
675 1408 140
312 3597 14
4445 429 5
361 980 185
704 3878 143
4527 972 5
447 780 138
1427 4461 191
980 550 2
2707 4575 133
2309 210 42
3081 3380 191
1698 913 124
3839 2480 141
2162 3995 176
1028 3294 147
2816 2891 159
4751 681 91
1656 4194 166
164 3928 75
3247 194 101
2152 3144 128
815 3126 36
4595 4864 176
2178 2701 151
2520 4879 179
530 3844 129
2978 441 182
3071 4937 54
2382 637 148
1583 1878 12
2769 451 199
4597 3384 200
4876 4147 177
1185 3112 166
1314 973 76
2059 4867 17
2128 278 126
4411 4291 168
613 4031 79
3521 1383 99
106 4485 62
3644 2322 148
1255 1897 67
3615 4148 163
1871 1263 199
1482 3985 113
1700 4994 12
752 2385 122
4828 4780 34
2148 3101 79
3204 2766 179
978 4099 109
414 3445 65
4224 1758 92
2482 1151 153
484 1981 130
749 2042 169
4061 2737 18
2560 702 5
1803 1746 71
4744 4487 127
1462 2754 198
927 3799 151
4857 3766 73
1692 1762 112
212 2839 55
3387 4207 76
2380 3908 166
406 229 32
2119 2111 88
3444 4931 188
3280 577 183
4127 4339 133
2961 2224 3
4295 4358 111
2817 3166 78
591 3355 37
4791 3000 68
3059 3030 62
2120 1355 144
1490 2958 170
2117 3794 134
2433 867 5
2904 415 31
4398 2437 191
2117 3594 109
4891 4358 198
541 476 47
734 2282 179
308 2532 7
2902 3682 161
2121 4008 98
4857 3714 187
1688 286 33
1971 4026 39
2596 4767 50
1323 1270 165
3498 2917 67
4119 687 44
1615 2389 3
2333 1316 63
4797 1197 176
3395 3227 116
3708 2288 155
3583 1470 46
1480 3546 94
238 4175 70
3812 2546 184
131 4549 18
4022 2187 165
1247 2574 166
4469 4669 12
2901 4554 111
87 773 14
1175 2660 78
2454 288 63
118 3186 152
1146 3589 138
2292 1375 44
282 2142 169
2360 2277 37
170 1983 5
1681 2352 190
471 3102 2
4099 2739 84
3883 2604 23
3625 1374 193
1873 4246 200
358 3794 84
3655 4416 158
3138 2320 105
1479 2329 77
4657 4463 101
3561 1864 43
3143 1589 170
2433 1648 67
1366 3848 132
3766 674 78
4863 2377 125
2419 4270 165
3639 1355 163
3739 2286 135
3786 1542 198
1025 4196 155
3746 574 165
6 2187 132
275 125 194
1609 1491 145
1425 2570 79
3997 3276 81
2039 3720 109
3607 2920 141
119 4798 3
2005 3240 192
595 3813 161
1784 114 107
1652 653 7
977 520 61
4276 1417 186
4197 1903 23
1184 4996 187
448 4235 45
441 1151 6
850 2966 55
4934 427 200
697 669 52
4756 36 10
931 1110 130
4903 3350 132
3589 2886 177
3734 496 79
444 4332 105
3191 2696 114
1769 4166 176
2793 347 123
1459 2579 200
4749 2036 144
3575 3742 67
615 3865 116
451 3740 129
675 3649 41
1264 322 20
976 28 14
1670 4197 198
1429 2472 41
1993 1410 58
4146 4245 133
2471 1662 1
4046 468 15
1726 4087 119
4610 3886 62
2763 2135 122
3030 4430 84
2255 945 60
4647 1464 120
498 1582 116
4360 2395 51
1143 311 160
4182 667 200
2791 509 93
4655 372 26
3883 720 59
4488 1592 57
2753 3881 24
3943 305 77
3085 1959 162
4920 2335 106
4548 62 200
4433 706 99
3909 2307 87
90 3214 16
1505 998 76
3336 3570 96
4928 835 88
3589 1615 172
2797 4209 1
3161 4281 66
384 4520 138
858 2716 136
193 695 177
3399 1549 192
1080 564 9
2101 1153 42
1751 2953 166
2572 838 45
946 504 141
4792 2710 186
909 2838 146
3355 92 18
4383 3411 68
4152 897 160
353 633 103
1377 3638 34
587 2246 55
1600 3812 182
4407 3609 118
3627 977 88
2427 2636 19
546 2816 101
1355 4169 55
1707 1186 59
4939 230 149
101 4229 35
2183 422 108
1324 1529 90
1312 2460 162
488 4277 137
3912 2720 42
4933 1739 35
1143 1640 97
1069 2685 67
187 32 77
4130 4476 102
4321 3732 175
3978 3567 168
3446 497 111
1341 4774 128
3460 1083 30
3169 86 9
2677 4514 53
243 3969 122
3430 4533 186
3551 3767 38
4531 103 62
3186 416 95
4513 3459 17
3570 4257 139
2898 3351 104
2992 3997 5
4230 1834 117
4453 121 9
4481 4601 177
1222 4577 180
135 2868 88
1110 2677 81
4184 2345 15
283 3739 131
4285 2105 36
2454 4914 187
2482 1063 157
1029 1467 104
171 3685 109
4473 3308 196
1607 4391 123
3898 35 174
1253 1242 157
2100 4562 126
3115 1627 32
1221 1355 25
3281 4662 155
3333 2972 97
399 397 39
924 4422 86
1784 799 127
735 18 14
3428 626 195
1389 1517 191
2233 4107 166
4883 4562 148
1383 2369 73
2528 3535 122
4131 1524 53
3163 4310 11
948 1521 185
503 4443 153
2084 199 125
2711 24 117
1674 952 8
3297 3323 133
2003 1757 131
219 747 108
4447 1273 37
2743 1093 117
4215 1978 10
161 2367 15
306 4342 102
4381 2408 35
106 4387 174
361 208 126
4547 4276 78
929 2641 94
4437 4093 111
1584 3443 84
2256 4180 93
3810 4336 34
4505 4280 103
4260 3999 180
61 1102 37
3007 3059 100
3503 1169 25
917 4493 36
136 4833 101
4200 3518 162
3997 3527 23
121 747 13
215 821 20
2425 4620 80
1935 2469 79
55 2402 76
336 3306 171
1379 3166 86
1189 1509 171
3859 2538 58
4548 1530 87
3380 2486 21
1071 317 10
881 3304 175
1344 2402 170
2078 4719 105
938 3611 184
1835 4468 85
4161 1695 133
45 2836 89
1741 980 126
374 4000 81
98 499 188
3993 2595 3
3484 2554 94
1082 4560 60
1596 3343 110
3283 4765 11
2840 59 134
1158 363 151
3185 1812 152
1348 3404 146
1778 278 23
242 3484 45
1351 1962 85
4185 2704 43
3626 4912 186
1143 2721 105
3037 4050 108
4723 2871 177
1312 796 96
4818 3933 32
4396 1639 166
3298 4136 117
2767 3025 60
2102 1467 161
2804 111 179
441 2835 181
2009 4957 13
2919 3489 40
777 3368 200
3212 2592 47
2739 3623 148
1948 4831 26
4570 2798 31
2677 4977 147
1830 4698 192
1348 3451 146
1341 2458 27
1366 2862 159
743 2660 130
4538 2955 18
3984 3589 62
761 1845 77
3116 4678 33
540 814 45
3055 1307 129
3787 787 95
2571 2453 75
2237 3439 1
3134 755 48
54 4898 51
4536 3735 61
1187 4391 113
4836 3330 199
1245 1815 129
1387 2458 121
3523 814 24
292 1296 77
4738 1536 34
1060 4686 59
1809 1966 193
3144 3211 148
3651 3960 116
4965 242 143
388 3123 19
4507 3873 2
2194 80 16
2578 2211 96
2423 2211 26
4530 1554 143
980 339 70
3127 2016 72
4427 3367 64
4496 4706 99
1161 4909 166
3191 842 57
1345 220 51
1884 3980 84
4370 800 112
1013 2545 54
1972 3849 175
3440 1314 145
2256 3996 166
33 2009 144
1435 532 179
3215 1682 6
192 4865 109
2879 3316 15
1748 2235 161
27 1867 13
4996 1227 76
4143 1993 68
4373 1628 198
2585 1733 116
2245 802 116
710 4153 64
1069 25 33
4483 1479 25
2229 2212 174
446 4953 28
1391 1693 89
2706 4347 167
1432 3681 122
4590 3579 101
231 1068 14
4269 4869 52
1161 2585 76
3440 1511 115
3734 4962 89
2921 3105 1
2538 2365 41
2299 678 189
744 3018 96
2957 75 77
2093 3920 152
1366 4279 4
1518 1080 33
4129 4872 103
16 1033 117
3504 587 66
3926 3982 95
1676 2546 69
3981 1071 143
2070 2194 37
310 4648 186
3817 2905 150
3775 1601 26
1282 3816 197
4040 1949 128
4333 3254 176
1088 3904 135
2092 4321 31
848 3195 97
1998 2626 47
94 74 80
2048 1625 52
4161 1773 48
3738 827 20
2686 2276 176
3627 4728 50
255 3300 157
410 2975 101
4400 4172 128
1427 1874 70
294 2647 175
1458 2987 197
2827 3141 52
3015 3328 190
1431 2354 181
72 2483 76
617 3763 84
4028 196 15
2085 4082 107
136 2265 24
3060 3958 34
1705 4991 64
1011 812 76
4132 2328 91
2437 1059 17
4291 1282 147
1956 2359 76
72 2976 1
4424 3191 108
2637 466 159
4068 1897 179
1571 2043 132
39 3582 130
1910 2927 17
4812 4392 87
210 3155 96
3260 2586 4
3207 4886 113
4076 1361 20
2904 1523 31
1793 3360 5
721 4363 33
3947 1306 123
1873 3264 191
3310 3478 70
4780 86 104
468 1363 196
3213 1298 15
4334 224 20
4690 3825 164
1440 3510 138
2729 1788 170
3414 2001 39
4570 3852 174
3787 1416 82
3329 1716 99
643 4302 73
129 1165 87
4326 25 23
2889 2993 159
1415 398 48
4 2783 23
2176 1078 118
3211 792 161
2224 3302 146
4321 2662 126
3928 2495 41
1419 2505 47
2006 4113 35
284 1836 155
4050 347 41
4773 2932 171
3087 2819 133
1349 1804 33
2108 1328 149
247 763 60
3312 382 180
2367 4104 178
4829 2783 42
2402 619 82
699 4358 59
4268 225 171
2227 4372 102
204 2644 105
1271 3294 72
77 218 159
3862 51 13
305 1986 126
1336 2125 136
190 1306 127
1357 2047 175
3576 2326 182
3421 1987 64
391 781 190
564 4013 12
1081 4141 61
1432 3877 136
1606 1358 42
3736 3806 62
3675 1699 98
1750 888 69
1000 3986 62
2712 4138 17
2795 1004 63
3771 4721 90
4966 2132 132
1905 4848 33
2217 753 135
3544 98 131
981 545 128
4669 354 25
1884 811 89
2620 3145 103
3639 2575 144
4136 3798 27
733 118 10
4749 2922 73
133 1056 30
2160 3616 73
4601 2924 64
4489 4668 171
335 564 183
2583 4476 87
2703 667 33
1493 2937 134
2475 4720 126
4799 4088 27
4993 1821 186
2250 471 65
3689 1682 50
1729 2783 186
1376 4036 163
3999 4787 132
896 3829 157
4451 4721 8
3119 1431 81
2263 2493 153
2801 4231 70
3702 2813 148
3809 1773 84
176 3366 175
1738 301 86
2249 1401 142
3782 724 128
1901 3957 188
3622 2032 166
2300 849 46
32 3445 152
1273 2504 70
352 4311 177
1043 3500 66
4700 3311 12
2169 3487 20
2535 4480 45
3446 37 163
1148 1037 84
3661 3773 79
3027 2260 140
2170 2573 141
4400 4142 53
2986 1216 64
670 3934 129
3031 1239 18
2892 3568 32
2990 1287 29
2471 504 14
4911 4228 193
2493 442 163
2305 4850 149
1801 4043 82
3086 2669 24
164 180 16
2357 437 100
4425 3944 87
4051 4679 92
605 883 34
3915 3158 13
1333 2400 33
131 3073 185
1913 518 55
890 973 18
600 604 3
253 378 27
1479 3271 95
2340 2891 26
2986 4722 2
751 1966 191
257 4111 139
2142 2242 151
4365 557 93
1299 2624 143
1986 1939 25
2596 1364 25
4010 1760 196
1478 985 104
4213 3620 149
3735 4488 52
243 4007 108
4511 3263 177
2808 374 146
2572 678 18
3186 1570 68
3183 522 99
4871 2041 150
4899 4715 182
1543 2046 169
3354 2856 40
4941 4468 196
3496 4344 198
272 1298 150
1297 2554 170
3268 2876 139
4002 3453 59
1594 4628 144
2962 1214 81
4677 1800 149
1262 2026 142
1396 901 37
3270 2635 152
1595 3174 155
3479 2173 170
3387 576 195
2342 3083 92
1370 2191 36
1444 3207 57
4720 1274 166
3922 3987 2
3525 3995 44
4414 3921 157
2942 4806 163
4287 4983 52
3701 3578 42
1684 228 197
3841 4496 113
1211 1241 8
3652 2448 154
2277 3733 65
1416 1140 135
191 2113 86
57 1571 138
3354 2791 131
1100 4627 137
3730 4239 108
1789 83 33
1198 66 147
1649 1985 35
1885 2604 111
2179 2926 34
4707 2505 151
2738 1606 39
3263 2303 80
1071 2741 182
410 3218 11
4442 1663 180
1670 1068 185
1029 4112 16
1086 197 116
3093 560 164
2415 1303 19
738 50 67
4118 911 68
2669 1913 111
4523 679 101
2047 1857 182
3006 2704 34
1553 898 173
48 3174 35
3137 3942 57
3344 1327 73
3528 1453 37
4608 21 57
1877 2604 175
3828 3191 74
1276 1990 165
3049 925 171
4192 3168 28
4273 1219 159
3251 745 154
2274 913 2
1909 692 161
4535 2725 118
47 1729 183
4918 3191 149
879 3625 51
4908 2900 176
134 1864 194
2695 4342 138
158 2656 90
3423 890 172
4083 2176 161
24 2242 143
647 988 117
2236 4421 165
652 1237 180
4480 3819 81
3163 1407 124
4836 165 195
926 4380 107
384 1869 1
2752 1406 77
2760 3092 1
3467 3524 87
3121 1896 126
3086 3219 105
2866 3596 4
3908 4880 14
4500 4832 19
4754 430 16
408 378 124
2074 4375 8
502 639 134
4646 1832 103
2455 4072 41
1167 617 31
1126 439 154
4073 853 115
2960 3071 52
954 4974 147
4942 1533 114
754 3860 38
1986 4795 32
3824 3724 82
3179 3784 42
3743 1909 174
2243 1864 52
4958 4276 61
3842 3703 180
660 2895 6
396 1337 95
1252 1010 136
184 3009 4
631 669 117
840 1689 135
4020 4711 105
2109 2727 145
1032 139 130
3576 3059 23
3297 133 177
245 1116 168
4757 3386 130
1063 219 68
291 3039 97
4524 2973 55
4587 4556 72
4014 4239 195
3303 2211 67
2997 1499 171
3704 4789 116
4155 1912 170
1915 1981 105
4414 2678 22
3804 3952 79
834 4522 33
1792 88 154
4531 493 1
2024 362 139
4024 4523 124
1169 340 80
4036 4464 33
3543 1623 129
1312 1455 55
1536 1919 143
684 2743 170
473 3166 26
1605 1777 197
3305 1458 183
3608 1220 157
1278 2562 39
1715 3310 158
94 3185 10
1810 268 47
1974 3191 140
3082 1275 44
3682 4390 177
3992 2420 200
4751 1926 56
1127 1607 129
2866 2482 184
813 3079 116
4183 4702 129
3425 2635 56
1245 473 42
4763 308 18
4121 3528 3
997 1476 29
4509 498 94
867 1180 190
2565 1774 151
3303 3219 59
3775 2216 112
2090 4625 109
1423 2697 176
2382 3243 113
997 1352 188
3744 3835 45
3769 2829 145
4114 1689 177
4860 1863 110
3847 245 175
900 4186 52
2510 1714 22
2623 783 92
1245 1638 10
4577 3553 132
588 1646 24
4914 958 188
4007 2554 157
2022 4320 155
376 3490 94
2724 2507 193
156 854 25
4388 4587 142
4477 843 168
2844 2206 64
3274 3035 169
4565 912 148
463 3918 24
2205 1428 146
1136 2946 63
1378 3038 86
1363 67 91
4877 772 65
3952 3231 124
217 474 169
4297 2577 193
3079 4840 181
3856 4617 75
285 1871 47
4709 956 85
1665 4019 112
4181 870 27
4728 153 148
4180 4332 106
1593 1332 28
2851 2060 71
1435 1013 30
3017 2455 172
1985 2453 150
4997 1594 60
1221 4855 12
3893 4518 23
1505 2362 75
284 381 191
3106 2793 167
4852 1836 71
4044 2289 153
1703 4399 24
4979 1524 55
3474 322 76
4299 2450 89
4110 363 127
4626 789 125
2825 1832 89
1439 844 175
3996 3956 25
2313 3015 198
2646 405 65
4123 1069 59
1224 4044 63
120 2847 24
1847 2407 190
238 179 82
3014 497 132
4027 1497 165
3627 1070 102
2726 2675 165
4977 738 105
4670 1582 36
3535 3299 179
4993 2485 155
2588 472 127
1384 2552 88
2776 1701 111
3542 4427 170
4035 88 64
284 4435 129
2258 627 169
2536 1805 48
4764 2733 138
1335 3192 31
1211 2821 64
2308 218 103
1162 2291 10
3899 4728 150
4245 3429 98
2672 3756 198
3447 2550 25
4922 802 52
3119 3283 151
3244 2512 181
3428 218 141
1045 2730 62
2951 118 184
533 4266 40
527 828 95
1787 2343 97
3686 2709 95
3196 345 44
4537 998 124
775 3529 44
4528 2749 43
1447 1428 87
3483 4665 43
4314 3725 35
1342 3157 82
4926 625 65
2811 211 106
3736 3429 143
2530 4196 106
3606 4477 160
1055 344 117
1886 4359 186
3943 1884 173
1706 2686 57
2198 61 196
472 2393 71
3346 1671 168
3021 2889 99
1487 4016 23
608 2240 31
2050 2999 39
3230 2472 69
47 4061 82
2298 683 71
1671 3692 127
4043 1700 198
332 170 71
4500 839 37
1329 2030 185
1511 1490 76
2280 986 109
3987 4633 154
3489 4665 87
2478 4237 46
2795 1743 27
2232 1259 121
788 1760 101
2501 3129 189
2017 1641 32
3529 4612 62
3873 1458 190
3416 4071 119
3636 1140 107
2171 4999 122
4153 2425 25
675 1882 107
2246 591 49
4165 463 156
3262 1457 192
4051 3173 88
3383 15 57
1128 4357 18
3561 221 148
2109 879 111
3575 4042 112
2290 2719 150
2292 693 167
3644 2157 161
2047 3560 194
2425 2421 36
3249 4795 182
665 1434 146
1994 4492 166
3748 586 40
29 4029 186
1236 3461 68
3346 3641 140
4861 749 197
1261 2044 83
3968 4534 177
1713 312 22
3187 2771 72
4075 1826 65
1122 4351 128
1974 4742 160
3796 2714 60
4789 1162 96
3210 564 200
384 1803 102
2542 3723 71
1994 2208 54
3819 3230 162
2644 598 129
1022 2580 131
1642 1289 58
862 554 80
2878 772 29
3313 2353 135
249 3646 92
2580 1681 123
1343 2232 194
1767 1413 60
88 4434 133
3936 1860 34
4514 1118 165
2144 1513 116
3281 1818 194
3667 4102 94
3995 3688 34
4262 1289 60
1589 2844 49
385 149 57
1359 4066 144
3578 1767 147
1299 4183 127
3930 1663 79
4497 4441 41
2186 2494 108
1599 4449 133
2892 4709 69
3239 686 150
647 3811 14
413 3912 118
444 2783 133
4801 2385 51
1813 4371 60
3424 104 54
3564 1420 147
4714 3057 164
1387 2733 183
1260 3298 18
3310 284 1
1837 2384 67
3034 771 191
1836 757 159
4751 1628 79
3102 3868 12
2585 3690 73
4081 2247 97
2704 1782 102
1403 130 96
1935 418 171
4304 483 170
2622 34 19
4654 3027 91
1313 3267 115
1910 398 28
1506 4140 24
2098 3129 154
699 2061 110
3011 2900 188
4948 3556 5
3135 4067 108
4732 219 141
1409 1780 107
568 4884 21
618 1612 188
3385 3685 82
1439 4788 108
3675 986 117
85 3691 33
524 3824 33
214 1862 92
3736 123 128
1103 2340 178
3604 4347 50
2144 4546 50
3795 1512 109
2545 3796 81
4541 4511 107
4832 2965 100
2671 3159 97
4485 3594 171
3130 3715 107
82 3247 18
2499 2465 80
356 1793 17
4838 2867 114
2280 194 171
1327 1763 94
2244 2538 23
4243 3580 157
3030 949 9
3694 2227 77
4587 4856 54
1393 4174 6
3530 4040 75
4189 4898 127
524 3212 160
303 3349 177
4252 3098 126
1407 1024 154
3244 4671 72
655 2413 185
3686 886 32
1396 921 2
952 2526 187
2020 1 153
288 1708 49
3838 210 57
2054 296 31
334 1998 95
507 867 79
1555 2079 75
4462 4684 183
2902 1266 179
1536 2611 94
450 669 47
2372 2006 64
1916 4884 134
4644 1376 2
3509 3447 183
804 41 131
3837 2847 174
2618 2794 65
846 3791 136
3961 2759 48
4882 2088 47
2670 3745 185
3981 2531 77
4818 580 75
1787 2993 100
1193 4622 122
2645 3218 85
1763 1081 69
1866 1768 11
310 3437 200
2878 2041 172
1413 2228 130
1756 1992 191
704 1822 81
2214 1455 175
4467 1581 3
3394 1323 192
438 3690 94
2154 145 17
4081 2700 95
21 649 173
1012 3186 113
721 3690 177
705 0 163
1975 4121 178
1279 3299 187
2104 1348 166
3125 3761 27
4622 4834 141
989 3278 104
1505 2028 171
1531 1285 188
1715 1878 19
3911 3843 64
572 2669 132
3217 4616 96
280 1107 80
3716 1469 164
3128 1011 2
1262 3444 5
1344 878 52
723 2400 97
4316 3033 187
1569 1721 90
1440 1110 146
4092 38 13
3847 2522 82
2066 799 95
2348 2761 138
1372 4265 53
3910 721 141
3250 15 8
619 2622 159
2340 2946 88
4964 4302 173
1681 1985 30
3091 4015 66
21 3400 35
2924 1782 159
1067 1062 26
1817 241 78
2674 1500 49
3434 2269 33
3190 1238 95
2920 4795 22
745 4377 109
2192 4914 97
300 2508 188
3139 776 1
1536 465 54
1357 1775 166
3785 2534 82
2989 1578 175
4560 786 40
1144 2709 41
4625 2130 184
4429 837 164
4057 1463 74
4907 592 14
64 570 88
1439 2356 73
4434 810 120
2148 2900 68
3030 4336 150
3885 1563 186
99 3102 142
4997 379 140
3198 4845 149
1124 4457 19
529 3323 6
4844 2417 142
3347 477 182
3 824 45
1133 3842 48
1053 783 15
375 3069 182
3046 947 101
2561 3360 93
4035 2344 62
3816 1733 26
3447 3852 171
521 4255 103
942 1124 181
1776 3049 18
1629 2025 168
938 3160 63
4487 751 172
1184 2145 159
1711 4498 194
2889 2020 67
3640 3221 32
761 1817 107
33 1025 74
3755 2449 67
1648 2004 139
3200 3108 108
2071 909 133
4725 2858 32
2754 4398 181
1029 834 140
254 4235 160
3120 4047 185
749 4729 111
4536 4713 8
3999 1547 101
2866 1723 138
150 749 72
4224 1264 44
583 2755 163
3019 4899 154
4178 1138 160
4424 150 199
3953 2724 178
1851 3372 24
3441 4300 170
2998 4218 120
1653 1294 20
181 4077 11
861 1508 46
1346 452 180
2817 3441 15
1946 3819 44
4793 4492 124
361 3185 75
3845 3539 144
2253 4843 185
853 1951 52
2781 3373 191
540 4168 187
2438 3282 56
734 1394 74
3794 1922 120
1613 4914 69
4285 4672 142
4251 1787 190
4671 622 23
3602 2453 99
1709 4059 122
3250 836 113
1614 4745 133
2448 3727 180
1011 871 177
1097 1437 68
1408 371 79
3652 1882 169
906 4626 63
1985 252 50
3353 3452 72
655 4382 110
4972 1694 152
1206 4905 173
836 1086 75
3175 4310 169
1831 375 66
1754 1914 61
3764 2990 124
4038 542 127
18 340 128
832 904 109
4664 2017 99
3328 104 199
2762 4290 109
1405 4916 23
737 4410 28
4670 4329 103
1133 3443 161
105 482 79
2515 4024 125
4791 2772 67
1211 397 164
4628 1440 101
1236 797 69
2861 1241 4
492 4439 190
1380 2059 100
4421 2113 125
4917 3562 189
4722 3998 112
3635 4135 192
3747 981 118
3984 3740 178
4924 2574 162
3774 2649 92
2833 316 200
6 2357 106
1916 4716 184
536 3715 64
2958 3644 82
1034 4095 172
2966 2047 171
3517 2842 24
4421 4300 107
2137 265 6
462 2102 136
1708 624 129
3310 1022 27
1707 2061 8
3460 4596 136
4461 2202 111
4432 1900 71
3571 3922 184
3671 639 85
1112 693 81
3976 415 184
1002 4120 80
731 4008 125
270 634 62
3490 3283 110
2736 1298 66
2544 1789 158
1586 3722 105
4458 1591 95
2412 1340 44
3401 2890 5
1216 616 70
190 1049 190
1826 2618 23
2093 1397 147
4038 2290 152
555 3487 9
1716 3418 66
1398 3496 45
4696 4852 35
113 752 76
16 270 180
2772 754 79
558 177 68
373 426 3
3705 1281 198
3390 2038 22
2577 1063 136
563 4845 8
2505 2869 96
1316 2604 145
235 1246 161
1853 4877 122
4420 3253 3
428 2949 186
3477 3940 180
875 941 134
848 2949 20
1983 913 197
1098 1665 104
3544 3831 109
2055 1739 81
2222 3245 84
4769 1250 9
110 3761 10
4326 649 116
2511 2624 86
4232 3460 122
4758 1626 38
1480 2529 29
166 4116 99
4933 1543 192
1272 2091 161
4435 2501 141
3754 1658 166
639 4532 11
3554 593 128
3908 4745 37
2110 3037 15
4898 301 127
3367 3783 21
14 4783 77
2384 4960 58
3224 192 8
2615 625 8
4733 4446 73
1714 1779 73
2219 4607 20
373 995 97
1881 830 79
699 168 114
3927 2607 170
4514 3897 174
3365 1076 100
4568 3412 117
4117 4715 96
285 1712 47
4863 4238 117
412 2592 29
4499 1877 193
2589 1130 83
3074 2427 129
1050 4631 81
3887 3848 37
2532 1952 48
1798 3897 44
3531 1530 184
4827 3877 50
3113 1472 44
3072 122 23
4713 910 86
595 3392 160
4009 998 90
3182 3477 68
2855 1927 110
4531 38 155
729 2544 164
163 2302 79
4914 38 181
4948 3430 8
2524 4938 114
2496 379 190
448 228 56
1886 1433 130
1820 4808 141
2371 3964 129
2651 3930 2
39 4119 38
4536 4163 66
1840 3044 109
2386 1217 133
418 4128 194
74 1451 22
2294 1225 195
2685 1636 179
2027 2244 68
4147 3051 2
3636 2045 102
1947 4590 81
3919 2511 102
1133 147 92
4418 3392 42
1186 1365 9
3114 1445 55
3812 4479 91
4268 3723 81
2275 2525 41
2832 4709 93
2137 2438 28
1576 3746 128
479 1153 140
550 2101 182
914 4501 61
2529 2670 70
3002 4083 19
2146 547 85
4530 682 14
43 3606 189
1570 324 1
3813 4211 89
3682 2397 127
534 2737 177
884 4327 145
1121 698 112
1923 681 42
2231 601 102
4868 2920 165
3573 3526 35
3497 3593 70
3314 846 111
4279 834 174
4806 3479 115
2644 2070 29
4316 1989 114
511 1901 58
1017 1390 97
1668 2117 83
3972 933 55
2945 3894 190
4228 4841 194
401 4542 139
4009 3405 88
1151 2008 24
4027 3041 129
1150 240 88
4679 1957 131
325 3440 40
4911 3824 54
3368 4937 5
1210 1974 34
2250 3774 60
4393 370 132
4160 98 145
164 4759 117
4390 126 94
44 3734 80
4234 687 59
2491 4254 166
3650 4254 187
4537 945 85
777 3325 174
4939 1761 163
953 4650 74
2661 441 84
2584 188 74
259 3039 145
1849 4995 78
4765 2617 192
702 4221 174
2331 1911 156
2246 1862 113
434 1621 183
270 3950 61
483 516 19
1827 3608 182
1096 452 28
1449 4672 5
2662 4226 193
1494 1862 155
2169 4469 170
2282 3194 182
245 4697 151
1375 2923 56
3576 1072 139
797 2607 45
1463 2484 197
2268 3346 55
1240 2858 78
212 4251 45
4789 909 112
2701 4227 185
2811 4788 173
4335 3491 87
900 576 62
2159 3842 145
3158 2000 86
2054 3923 94
2932 258 109
4663 2450 113
4330 753 153
2237 1161 178
1085 3245 154
3861 1401 199
2822 4110 88
2636 4768 135
1160 394 22
2778 220 107
2433 1188 181
2265 4464 64
2203 1722 187
2239 643 198
829 485 188
2972 1329 78
1294 58 61
4460 919 121
4070 3481 129
1110 1750 119
83 698 76
4203 3503 40
4552 2591 77
3509 207 189
4873 2449 135
2622 10 43
3478 1840 177
2887 1559 5
2553 2464 91
388 4126 72
2359 4217 84
4595 1445 192
1377 4593 145
1043 703 111
3684 1778 57
4838 3647 137
4085 3194 110
2962 811 19
101 920 144
3255 4841 115
1158 4187 164
2854 4898 129
3178 3315 103
1993 828 55
4138 1729 30
2870 3698 23
990 4998 97
3410 233 191
3403 4878 114
1870 2647 3
1894 3329 20
4573 3613 123
4018 3774 24
261 3545 110
1480 668 49
1865 463 5
2052 4423 183
4244 4000 108
4287 1530 148
87 126 99
4941 261 23
2051 1739 3
3387 1928 19
3505 3975 193
920 4072 9
2786 4309 44
1942 2344 146
3484 4890 200
3640 1628 187
3529 4440 10
4138 503 172
3811 3444 79
3288 3732 65
1988 3603 21
742 311 54
3182 4784 180
2118 2539 6
4350 2494 170
768 1890 197
4319 1959 183
302 3280 185
2969 711 90
3045 2924 23
1657 4304 12
243 2988 187
4480 308 21
4372 2011 55
4196 1505 83
3408 2498 116
3641 4096 74
2290 551 26
2856 1131 182
1964 627 118
2034 1107 4
359 3248 86
4197 268 174
4179 500 138
4335 2017 76
3269 832 42
171 1215 74
433 1565 111
38 3596 7
3481 262 7
3500 7 118
1337 2392 1
2751 3421 11
3411 2955 125
3355 1161 59
1204 3812 103
3699 413 154
32 4941 19
1129 3919 137
4964 2340 150
2808 386 82
1247 3983 22
531 825 54
3872 1704 74
2031 365 191
2657 2113 163
4458 2231 90
2386 2230 155
1538 1615 103
3755 3329 71
3840 3435 129
1115 2486 188
429 1859 2
461 4238 122
1643 3658 124
4840 4952 150
3703 2095 179
3437 2444 163
2760 4153 116
1141 251 124
4117 3291 62
4078 3329 62
1198 3100 172
2215 2356 73
2140 4780 143
355 2388 18
4165 4226 18
927 64 13
2962 2138 91
1505 1340 80
1458 949 97
4362 1847 173
472 4677 79
4560 4404 109
4897 4006 47
1949 3358 176
4782 1862 194
1586 1754 184
4775 4935 142
1526 2080 159
3370 545 105
781 3158 6
4914 3688 73
1237 3345 140
3686 1023 118
2339 1749 34
686 2395 77
4105 529 188
4670 3762 93
1498 2210 186
4838 2868 90
2455 2648 111
3147 1234 188
2414 3350 77
1797 3696 29
108 2915 108
1887 2755 21
1499 2092 176
4215 3943 131
1948 586 147
3845 1665 154
2135 3283 63
4559 4893 140
339 1068 115
2789 2803 156
1724 3521 192
4079 1658 161
839 3122 107
3553 2036 186
1540 2745 2
1822 850 3
2808 1907 108
1686 2801 50
245 1873 13
4811 696 66
1335 194 35
123 4564 102
4109 3730 19
508 4716 71
2076 3498 173
1015 2878 53
4872 1613 36
4778 1180 31
916 3649 100
3011 75 108
3292 39 118
4348 4511 13
1806 2905 191
4532 2927 96
2038 3465 163
1973 4269 178
958 2752 190
4170 2510 162
4662 3950 84
3996 3402 92
1098 40 115
2402 2441 7
1006 4121 27
4640 1906 72
2570 1551 133
4836 3139 138
3081 555 14
4109 3311 190
4444 788 54
1378 515 199
799 3966 55
4566 1310 87
109 4627 117
782 2628 13
4309 417 80
3176 4225 93
2347 4807 167
1623 1568 1
3730 17 156
1623 3566 136
2671 2578 119
3736 835 138
1644 1400 200
1393 4557 96
3904 2371 4
4374 2667 118
3162 4773 39
3300 2070 149
3642 3508 194
3100 181 200
3915 1032 196
3094 3553 63
693 2862 81
3916 4578 186
140 1464 50
1976 1209 34
857 1379 115
2731 4448 22
2575 2139 56
2230 1953 57
2575 4774 74
4010 804 164
3143 4122 40
2208 2799 53
4650 3906 22
3301 4261 32
4913 3926 142
4717 1221 107
180 4173 181
2210 620 43
4205 4058 189
298 2108 73
2005 592 163
4160 526 3
1155 4015 69
3614 317 59
1302 3796 17
3242 908 57
2017 1406 144
3248 3496 30
2643 3188 107
1831 90 175
2361 3822 67
4159 1974 63
3590 3754 18
2102 235 51
928 2723 41
4908 2683 153
3377 1824 49
4939 797 51
849 4046 51
431 2507 138
2931 4790 3
4161 3920 125
4704 535 12
2436 1469 48
2699 4889 106
4779 1233 138
4972 4548 161
689 294 38
4298 2239 107
92 2301 81
893 2085 133
3518 4725 149
3313 4020 101
4607 4193 43
4612 926 49
2032 652 153
699 3505 130
4787 3061 63
456 47 114
3699 1095 33
2774 874 172
2247 4081 147
516 4204 196
3715 1141 82
75 1345 97
2365 3855 164
1014 300 157
1471 2764 105
4405 108 162
2615 4623 156
4180 1392 180
602 1018 115
1589 4190 62
4868 2938 94
2056 1379 191
2838 4118 60
2171 1197 36
1708 398 112
3082 2872 76
4134 742 56
3608 2481 142
2464 3527 69
3181 2788 70
3967 4338 145
368 1021 121
351 2910 165
259 2473 1
2411 622 118
1733 333 97
1838 1715 162
2746 3604 57
1227 1493 91
1231 1139 186
3200 3214 105
4185 3909 116
3680 3538 3
1599 847 74
4085 4099 50
4380 1393 160
949 4801 104
313 2241 67
2395 3459 85
3322 2517 198
420 4994 106
4745 2277 13
3190 1422 27
161 2736 93
99 606 44
191 11 73
1613 1102 45
4136 1181 115
2353 4490 47
4444 1312 168
2722 2279 20
3171 1589 78
1010 681 137
2934 1870 99
4453 794 125
1100 1206 9
3964 4983 126
4591 4877 140
4447 1409 143
1525 1954 129
2268 1944 176
1809 3155 161
4758 4293 156
738 4734 126
2193 3744 126
742 2166 2
3514 2658 105
2516 1556 199
347 3004 167
307 4796 56
523 4707 131
4993 3568 54
2977 3855 59
4468 1524 110
820 1681 175
176 4812 82
1390 3439 44
2098 333 149
3224 4367 93
1777 1217 27
2695 4662 70
4481 632 55
704 1665 50
2825 1747 80
3890 341 104
4062 3099 150
22 4730 199
3572 3383 156
3509 1546 189
2845 3843 62
4233 1076 171
419 3843 150
1496 1612 12
2776 1302 109
1966 762 121
1822 4610 199
1338 2164 200
995 2260 27
1439 2641 53
3515 4387 174
4269 4684 61
956 1233 13
1443 2101 129
3029 4709 151
4605 3204 24
640 1305 188
762 4647 56
1785 962 162
3051 4431 130
2665 2656 4
3243 3755 13
4609 2157 192
4450 2997 136
3531 3987 151
964 344 67
2308 1338 200
411 3898 19
276 3391 127
2381 4048 152
4446 3488 94
1099 29 127
59 1742 155
1721 2040 40
4097 3669 28
1302 3075 138
2393 3024 170
4683 49 131
374 286 139
462 202 171
4396 181 51
2977 1459 66
3725 209 137
4773 818 172
2331 4332 118
2551 2267 44
3880 3018 182
1492 4342 46
1179 3032 84
1219 3995 193
975 407 10
271 3769 96
1471 3327 49
3521 968 64
2701 4840 189
847 4284 116
2901 1536 139
1458 4249 43
3904 2790 185
1698 85 29
269 616 187
950 4818 180
342 3294 149
3521 1706 81
1333 4023 136
1323 312 107
267 4539 176
1751 3987 39
4032 69 155
1120 4054 94
2448 2214 5
3555 3022 29
3572 4196 110
1851 989 188
3950 1947 61
1810 4228 145
2921 889 110
1524 3922 111
3272 3889 87
2730 2601 66
1271 1252 49
1628 3242 77
463 4301 36
2830 2922 139
4953 1264 97
1590 1648 131
2840 2676 191
537 3687 19
1093 1440 199
136 4255 37
4824 859 73
1083 3257 4
821 208 131
4805 714 6
2360 157 162
2789 2798 189
2015 2564 128
2426 3632 23
2061 1081 124
177 2183 54
1648 1569 13
4627 3125 159
4159 1453 81
4107 2403 105
4751 4717 166
2618 4531 103
1993 3931 12
637 4197 184
3461 3868 59
2229 2455 31
4768 895 189
4323 385 199
1170 4001 199
3065 191 161
685 4010 133
3066 84 30
1666 998 176
2150 3081 9
846 158 81
2550 4330 34
2246 2241 23
4631 559 159
2898 4646 163
3536 722 129
3247 4564 54
654 518 98
4137 2977 187
1562 3124 25
1477 3545 15
19 1989 90
4946 4483 85
2200 947 13
4317 4967 28
1464 1546 137
4783 2025 68
923 3534 147
2889 653 89
490 3616 22
2044 2895 107
2812 1801 196
2241 2225 127
2677 4557 63
3149 4687 12
4218 921 72
1374 1404 2
3909 2727 17
4125 4216 169
2746 685 70
4351 1436 50
957 3710 134
4523 1177 192
3441 3185 190
3092 1663 191
950 2060 172
2496 4809 99
1528 1492 195
4240 4857 14
846 1657 101
3668 3053 148
3275 4434 168
1355 2665 17
3306 2627 47
4431 2813 183
2903 3956 53
3548 2437 164
1009 2865 33
4580 275 17
2103 4195 95
4238 4399 130
1119 2281 63
4329 3377 71
2810 877 82
2969 4131 94
1026 543 59
3881 3462 17
2893 3071 44
297 1104 103
2309 2237 18
875 4053 52
1199 1912 47
4675 960 75
3727 2123 39
3668 3170 103
4134 3159 2
4547 4221 52
4175 1227 31
639 4418 149
4660 836 188
883 2377 17
551 1190 122
1390 182 16
430 2650 14
3317 2224 195
898 2437 105
3016 4796 94
2562 2389 157
3177 141 25
891 1607 138
115 2810 141
227 3694 137
4554 4183 38
3260 4705 84
1332 1135 74
228 3747 21
2242 4352 86
1040 2003 184
1458 2880 80
3070 901 172
2149 4777 80
1605 2974 198
642 3604 147
4127 2 172
1539 1748 166
4737 971 127
3828 3781 75
32 3489 169
4511 1087 9
2351 1543 78
1043 1348 149
3442 4901 97
4652 3249 57
2815 2155 37
3249 0 52
1229 2497 8
4127 2019 80
1960 2007 118
4161 2106 23
2526 2130 87
2983 3525 166
619 3598 64
655 1968 60
587 2971 134
2041 3826 64
3694 4372 83
2395 4204 42
4661 3946 155
4271 3410 145
2361 1851 81
3292 4968 116
4586 1208 21
1368 1068 60
1480 1342 26
3695 1537 160
1510 4662 162
835 4094 200
1790 2780 27
4007 2941 191
3932 4443 1
1660 4161 115
1450 973 163
1047 2427 95
4949 1955 134
3113 4965 146
1833 1682 163
35 2102 11
3973 1043 104
1461 2509 20
2984 2871 168
3742 4309 156
1998 4359 8
2187 3967 136
3244 795 16
1125 2570 81
83 4861 184
1063 1612 188
2856 4023 30
2576 2780 153
2642 43 109
4157 2927 77
658 1477 195
2601 2707 73
1502 3915 172
4965 3124 188
2739 176 161
2310 1353 32
4286 848 5
1878 1424 125
65 4745 94
825 3288 176
3151 4513 70
982 4416 116
3915 4361 67
2432 611 39
2746 2067 150
315 752 130
2617 2721 191
2359 765 58
4267 4155 172
4851 1266 124
1741 2478 165
2578 4480 123
3214 1361 35
2072 1056 99
4994 1075 77
319 267 17
2127 1345 133
2632 1575 94
2599 1054 186
1256 3236 45
4550 4716 130
3416 1801 115
2168 2052 153
2679 3189 12
836 1364 155
599 798 166
4978 784 185
339 4166 152
3798 1324 80
1112 719 153
3561 1238 61
679 2879 89
3915 1918 18
177 1488 66
4367 3606 10
3354 4721 1
1276 2327 174
2065 3192 147
3203 4011 174
1642 3200 101
105 806 14
2382 4119 91
1052 4546 55
3746 4231 54
3875 4371 22
4027 4468 138
2657 4408 44
1083 3456 63
4251 3787 200
1736 3905 82
1143 4244 139
2831 2710 152
1157 1680 92
531 4381 186
3518 3468 175
1497 3345 193
3017 2773 56
2860 4741 13
4232 259 133
985 110 98
2287 2519 200
4502 2159 16
4999 3135 130
3892 849 23
3213 4824 98
2393 2668 32
1866 4608 108
1745 2207 113
992 4574 97
1645 3240 82
1227 292 91
2287 2708 191
1540 3121 132
2920 4448 21
2969 3071 187
962 4142 34
137 3401 2
4287 3631 163
3805 2119 96
1564 1389 95
3202 4215 133
3739 2758 197
2323 3638 117
1609 3248 88
3108 1507 128
4171 959 77
2432 2440 18
1468 4124 19
3009 4763 182
3631 1926 165
1762 4380 176
814 4508 148
223 1980 56
2476 4292 157
1576 3904 108
4981 4280 93
4793 4233 91
3066 4088 75
4871 2396 13
1313 4611 147
1601 2961 36
3243 387 99
3174 895 27
2690 309 180
392 3861 57
1398 2711 134
2239 360 197
398 761 156
4282 2752 182
2465 1589 176
179 2525 125
855 1661 175
42 4592 24
1141 1425 66
4328 4047 60
1913 2988 23
310 1257 81
891 3363 95
2234 1350 181
3474 474 15
1928 4474 97
2835 1300 11
3627 2681 112
1148 4427 136
1978 4127 94
1389 3434 125
937 1573 44
4908 4088 80
2899 1414 64
4448 1177 54
1003 2486 153
357 4976 75
2275 4318 67
3136 3231 82
1511 1274 192
3255 1271 105
1960 4129 26
1388 1835 187
4243 498 137
1273 1717 126
2420 1203 92
1653 2594 38
1869 4244 24
4767 2141 136
3949 1723 126
1298 3438 166
3266 1708 20
757 4072 99
4264 695 29
3335 1525 13
3584 4897 5
649 718 136
1913 4557 94
2862 4515 74
177 3027 31
167 3658 132
3322 3677 44
654 348 116
2980 697 144
399 3895 100
4879 4762 125
2760 4138 133
1257 553 52
890 3898 45
3755 3760 121
4791 3878 2
977 3320 89
3 1877 161
2194 3496 121
4503 3637 191
2336 3713 139
1232 4285 118
3211 3430 185
4606 249 17
3057 4546 132
4512 921 169
2104 1372 17
2206 1562 51
2980 2673 40
3295 4488 87
2725 1376 173
3333 4737 75
4198 3029 21
3308 389 99
1082 1178 39
1475 1664 174
4845 3904 106
3341 1706 18
4990 344 118
2330 3456 102
1495 4267 60
241 599 196
2345 3619 54
3156 815 52
782 1041 9
1924 2661 109
524 1451 92
917 1413 32
3170 4157 111
3960 4740 130
913 349 163
4257 3139 22
1836 1583 158
2791 1533 166
1210 2861 40
3392 3848 172
4490 3473 46
1998 3412 179
2336 2735 103
2894 4072 159
3755 832 78
4500 3798 46
3937 4617 104
4542 1051 92
1209 3446 169
3096 1675 131
3622 1307 98
294 4918 179
3814 804 54
496 4872 144
2639 3110 177
974 3377 22
677 1956 187
3647 3892 4
260 4099 119
969 117 128
4238 3955 150
1711 2581 104
1771 2203 181
2670 2848 96
3390 893 185
4261 1239 117
4136 3861 165
4463 1488 157
704 1395 8
1866 4753 20
3949 1165 166
2696 3090 68
884 3951 17
1677 3819 133
1711 1592 139
116 3925 78
2267 792 184
2799 2535 118
3737 1516 96
1481 1494 62
3804 376 38
584 4747 21
1728 2901 73
2707 2714 198
4974 4778 117
3934 1753 184
3299 2243 153
4469 890 65
4178 1561 41
3716 4236 178
3339 3231 155
829 3011 85
3742 1031 88
3235 1757 179
3381 427 78
1855 4380 40
131 2915 168
3413 3332 170
3030 4465 111
531 3495 83
77 229 43
1337 4305 159
3602 1402 126
3051 4022 130
2122 3754 25
2618 570 33
2237 1156 138
551 3483 180
750 3048 106
2760 2143 50
1615 1896 27
2971 1983 79
1672 1058 116
1741 315 90
2630 3471 98
4106 1991 180
1289 1760 200
1862 2921 50
2948 3936 139
2690 3542 51
4844 2601 143
4945 2635 2
2247 4458 116
2974 3324 51
1167 966 194
136 2660 88
4574 3586 190
2466 286 82
368 4044 191
4658 2805 30
2176 3385 144
2855 4279 101
2243 4053 102
1089 1453 14
2257 2645 107
2244 1012 172
4153 3468 147
4661 922 69
2245 745 65
3796 2293 156
2267 1308 110
1395 1901 137
2487 3579 136
2058 3639 65
3260 4740 21
1714 1251 96
2011 4985 83
2254 2190 135
2269 368 75
1347 3638 47
454 2088 200
3242 2799 68
4827 3143 121
2915 474 188
3879 777 188
3838 331 149
4556 2133 10
2879 2772 9
2318 97 107
1468 527 50
2111 4109 77
3588 4006 61
3523 101 188
4841 296 152
81 461 171
3370 1006 192
4017 3711 90
4353 3764 19
4636 1046 176
2283 468 147
1193 2081 110
390 3979 93
4595 3414 198
4429 1115 138
1082 2740 121
1733 364 87
1905 2988 52
473 287 24
4054 1469 86
2477 2236 1
552 88 53
926 4310 21
4288 3708 179
1900 2336 8
3077 3996 20
3806 3522 46
4272 4681 73
3368 4723 61
3090 4842 101
596 1074 33
3697 1868 186
3248 1067 45
4268 1051 79
1071 3193 116
2297 1288 152
3540 1622 18
2315 922 13
391 4047 25
4359 3621 118
3496 3433 68
1433 4748 51
2802 756 160
2939 1591 198
3088 1569 27
4129 3060 21
4794 4500 177
407 1680 161
4280 1762 133
2154 2127 44
4471 4892 124
1539 854 13
1044 564 144
3604 4913 145
4068 3219 191
3853 585 90
3190 4973 140
4479 4226 147
1775 605 124
3583 3037 118
2913 3617 88
4092 3648 141
169 2041 109
1730 743 127
506 1966 30
780 3874 144
2367 4043 61
3304 1294 15
318 1356 133
581 1743 88
348 2492 140
3919 2697 90
452 1673 90
235 3313 129
445 4037 190
673 904 131
1903 290 186
3331 3154 73
1599 4388 145
1952 193 61
3776 309 176
3275 3600 105
3296 2486 18
2750 688 174
2998 2803 71
4150 3744 189
384 1507 67
4074 4435 7
2635 1410 124
708 269 3
4546 1135 162
4054 4625 55
2277 3144 42
3688 3068 55
1340 973 185
2174 437 6
1558 3260 34
3657 3325 69
3584 4855 158
2362 1164 157
752 1686 78
2282 1488 175
4022 2513 182
1524 4592 43
489 3183 185
4974 1994 174
3759 3517 131
3917 4247 187
535 770 46
4195 2994 77
4960 1415 87
4545 1524 137
4655 1321 51
3088 2533 168
392 1864 12
611 2816 93
4872 4396 105
3490 2826 172
2598 4065 18
3723 2510 71
3055 4708 130
1377 2586 167
4395 998 85
3251 1818 177
1296 1333 55
400 504 16
3641 3707 200
2136 4292 186
3896 4569 172
1962 2881 25
3782 27 153
2213 2165 71
649 4722 113
1815 3265 32
712 4939 35
2427 1909 45
2931 1063 134
4591 3154 189
1606 1246 178
4077 3136 17
4803 4039 187
3758 2849 93
1879 1386 15
3567 1181 33
627 2906 163
470 2031 165
555 2976 200
910 3538 13
2718 3028 140
644 1073 122
2627 809 59
1426 2502 5
2766 3693 180
1161 1789 92
174 4509 47
4224 2003 7
333 1596 171
1633 1330 18
1171 517 151
4909 102 32
3940 410 32
3920 3210 81
1181 441 28
4300 3070 96
4691 1113 186
4280 3302 14
895 1341 142
1287 3454 107
3222 716 29
4720 175 162
3868 3756 95
1819 1248 106
1104 2442 157
2104 4900 141
410 4064 132
2894 3552 25
1695 2316 43
4144 3301 75
2636 1872 97
2659 3497 41
4043 2518 186
2535 4019 147
3722 3952 48
3606 606 167
1181 3322 54
2696 3234 189
3959 4807 158
2835 3560 77
1520 2856 89
4446 2812 11
4742 1298 42
800 360 140
2103 177 171
3633 1532 160
4481 2998 178
3794 4362 60
3091 2761 44
801 2916 77
1862 2507 92
2117 1430 90
2678 3316 136
3984 1331 74
879 4397 127
1237 4690 81
3217 4537 31
3629 3878 129
3381 4085 3
3153 3144 92
3159 2156 71
147 1497 142
4025 4549 187
374 4401 24
2901 167 136
3392 771 50
4432 3225 150
2665 2940 151
3478 728 147
50 2844 143
4146 321 157
1470 4158 55
4863 157 175
2989 4788 181
2271 739 68
3366 3095 98
4988 315 80
1200 2162 43
2469 3246 144
373 3901 183
4940 1830 61
4854 413 97
1025 4082 145
3512 2840 39
3440 4170 189
1952 754 97
137 3940 36
2605 2051 106
1308 488 143
936 2315 173
1347 2445 200
2300 3627 23
559 2580 188
4633 4560 43
3037 4075 147
3492 343 11
101 1515 154
2203 2165 197
4160 1288 112
2520 3763 50
3215 105 199
2427 3696 158
3579 4127 200
4511 2913 154
4676 2576 191
1448 2013 30
1537 4789 138
1922 3245 86
3846 1436 52
1745 3304 45
1855 2149 104
4528 3036 118
1443 603 16
2090 2335 166
3557 404 64
1253 1506 59
167 3890 176
2254 3833 26
1871 4244 28
4217 4438 121
347 1970 143
1582 3599 61
2000 4981 182
1028 140 198
2948 3889 62
1304 3454 54
3619 2141 115
3111 670 168
4418 4493 36
740 2878 39
2711 737 115
454 2998 196
4003 2755 127
3040 185 149
3309 1804 67
4657 2443 1
1300 4597 103
12 2724 25
4840 3061 32
2697 2751 171
2339 3161 26
2736 28 107
4737 1774 96
2871 4298 36
2612 1837 192
4818 1925 24
397 2816 6
783 502 165
4359 4872 28
4933 636 146
1357 1954 193
1460 168 179
4250 2868 37
435 3286 101
1913 4384 82
85 4942 5
1160 392 199
4579 2014 58
1080 256 169
1820 4218 58
1614 3161 146
1807 672 116
2784 1297 27
4831 1914 105
478 2848 134
1452 2549 40
1390 4766 170
4775 738 120
2738 2623 81
533 1579 137
2377 3862 25
2742 3473 150
2031 1204 134
2906 784 1
3488 1190 90
3437 1844 141
603 2655 75
3498 2347 83
1006 751 158
2875 218 32
1108 576 37
961 4591 124
1431 1193 65
377 3627 171
382 545 59
2307 3757 18
3793 4898 112
3906 262 120
2249 3435 21
2927 1852 36
129 233 24
3144 4152 181
4870 20 64
887 961 96
3879 3075 76
3728 4859 172
100 3349 145
3260 4782 92
2168 1263 186
1431 3858 20
1979 2250 90
4255 3407 4
751 2069 18
2766 583 59
300 2186 125
3650 112 90
2033 209 172
520 1461 197
1643 2590 179
3558 1189 59
2555 2175 126
4301 1960 159
1842 2006 160
1286 1613 149
1889 887 79
1718 4734 109
2067 614 70
202 1998 142
1204 680 163
88 3257 82
546 1119 132
1462 238 167
288 385 92
1237 3219 182
4517 3314 82
2481 4443 151
1729 539 41
2125 1046 114
4777 2535 99
4594 1152 85
1688 1516 85
1636 4798 23
1947 4195 182
2893 1333 21
3727 3549 143
4205 2972 158
3287 3800 130
2437 3945 26
1294 3875 9
1259 2633 33
2712 574 61
2210 2543 156
1440 2466 80
208 4757 95
318 918 136
4513 307 24
710 542 159
4462 2026 125
3229 4855 82
3299 3975 190
3671 893 200
4762 2225 88
15 825 127
1182 70 168
106 4143 73
4392 2040 64
800 614 36
4433 4932 125
3729 3502 6
17 93 103
1970 1329 80
2332 3000 54
762 1744 33
873 4546 88
2613 1110 9
2597 4760 167
3652 4850 91
213 3190 18
2605 2288 18
1397 2039 30
2932 743 14
4058 2341 188
464 4721 165
3417 4838 90
3530 3335 144
2040 4597 164
3250 3596 18
4525 1668 98
948 3899 190
4300 1357 152
3335 1943 163
1091 3067 190
190 3877 195
3405 4811 14
532 715 82
579 1073 162
2667 1661 51
3382 386 23
667 229 153
1947 2679 119
2195 1399 33
441 3565 47
1842 3814 189
1166 3058 91
2794 4337 161
3940 3763 80
3318 1166 7
3681 2684 8
4715 2552 147
3477 1152 45
2081 3936 144
2520 3006 10
3191 3131 13
3761 2269 3
3949 254 111
4216 3540 161
2676 3959 59
1218 508 113
3788 3116 49
799 397 102
789 4154 102
782 2811 161
1358 3906 133
4014 94 90
1363 1828 63
2956 3659 24
862 1227 10
2535 2802 10
431 4257 63
1185 2437 136
4345 4706 183
2298 1001 39
4972 4706 36
3952 1489 29
4964 4508 21
1506 3833 41
2108 3145 73
2872 964 13
1026 2528 196
1765 3213 179
391 1532 34
3191 213 89
4215 2514 120
3434 529 137
850 873 171
2708 3283 168
2827 487 63
2707 3263 181
2963 1216 117
3770 2134 164
1791 2994 113
2841 3418 153
2807 4879 85
4815 1863 68
4501 2685 164
1176 3636 79
1708 2535 153
3964 1909 193
4615 2011 138
2256 4558 132
3673 3197 135
2687 2862 21
2711 4866 176
1123 4756 106
4272 3299 35
2483 1887 78
126 157 77
606 3923 36
12 3157 197
2689 4722 50
3252 1887 28
1575 1119 100
20 184 166
4552 2834 147
2075 2500 95
733 4477 184
827 4222 29
439 3197 177
736 680 177
1301 1090 98
2866 1189 178
3555 1446 15
727 3506 167
4489 7 63
3804 2925 182
2131 533 78
2297 2955 132
2284 2602 15
1933 401 164
1744 3165 126
1557 1569 182
473 353 195
1367 2789 153
218 2152 4
3625 1464 26
626 1718 124
2050 4119 180
3710 1098 46
3915 191 128
4917 3793 175
2438 4353 122
3003 2496 83
2337 2536 139
1601 3487 62
2407 2267 153
4307 2252 22
905 4192 8
1199 1846 130
4989 3901 78
1038 3279 105
894 3070 1
2740 3361 13
2614 3946 61
1849 3658 127
3544 4393 166
163 3183 147
1017 137 85
4814 2370 66
62 2634 40
319 1258 191
1921 4526 78
3381 1303 35
4723 1799 179
391 911 195
2140 3647 8
2312 2912 49
818 89 191
3547 257 9
4022 4961 161
4923 230 185
3368 4805 18
4851 34 15
3022 3584 106
1778 3482 4
460 1910 28
4264 560 159
1659 3398 23
1644 1573 192
3414 1900 88
4075 2599 172
2267 3948 66
1421 2100 29
3761 3277 91
4602 1513 8
4937 2180 123
929 4156 87
3806 4289 107
4497 1358 9
2155 287 198
3788 2833 60
3664 4363 118
701 3274 52
4508 3243 32
3462 30 116
1405 4019 93
3149 59 41
1603 245 120
3299 3105 198
3103 40 124
4586 1403 86
1032 4333 14
937 3886 107
4727 3050 112
2949 3128 31
2223 1176 107
4674 2149 162
1283 2318 29
48 221 186
869 1479 13
3129 1458 147
2884 3490 34
3661 4397 169
3819 3061 133
2264 2192 103
991 4504 178
4012 4892 152
1194 534 47
1311 4514 61
1342 191 9
3121 2194 110
3140 1299 69
1665 1751 16
4466 500 56
2962 1053 184
1315 2187 25
2416 1192 85
2655 2063 167
135 169 137
298 3660 173
1529 4312 137
3020 1850 45
570 3031 29
2429 4736 185
4730 4071 55
3102 452 149
390 4104 52
1071 827 56
4655 788 128
3808 4379 40
2133 4028 123
4103 953 183
4451 4407 52
913 1784 50
2026 4515 174
3703 1981 179
1227 4984 173
2370 4748 60
1118 3576 89
1410 3260 30
4878 998 187
3026 943 180
3158 1709 126
3753 1089 103
4257 230 187
1528 3545 108
4858 839 177
2737 2882 43
2511 2567 153
2725 3209 173
1521 4159 174
835 896 59
2076 592 5
268 1618 118
2800 721 91
1665 3892 92
4834 1782 74
3231 4734 22
562 2541 9
0 1662 5
4885 1404 123
3279 410 18
946 3632 142
1648 1672 81
1768 1280 166
1616 3537 149
4605 2951 158
1500 1544 153
170 839 11
822 4092 35
1947 1399 80
112 1210 124
1131 1213 78
912 222 17
284 3308 172
4621 1116 46
3392 997 80
872 3437 140
1280 1764 185
1091 676 163
358 1840 29
956 4420 19
15 3295 20
3643 333 119
370 597 135
4172 4805 171
1656 3046 117
255 1040 171
1406 2421 56
3856 4316 118
4214 620 115
24 1285 182
3776 4856 197
2006 1871 192
1917 238 63
2074 4976 38
2836 1593 127
869 3504 150
1994 826 174
855 4593 193
2905 4545 115
2697 1900 68
1801 3455 87
2421 4453 125
2969 3652 10
491 22 132
2808 3818 180
4406 2737 96
1506 70 115
516 1117 45
1961 256 142
4932 1558 109
1417 2360 101
894 2356 6
2878 3989 160
686 526 4
3958 2460 186
520 79 55
2566 1224 181
4499 885 180
2146 1737 61
900 330 193
181 3121 53
1697 443 15
1844 3269 68
454 4997 44
1792 672 10
4985 318 187
3802 1173 153
1204 2043 82
2869 2819 105
490 2093 73
997 1035 115
701 858 140
2610 3395 124
127 1928 180
2893 1853 123
231 404 55
4597 924 99
223 68 40
3075 3093 81
4473 2060 35
2089 4208 194
2344 1307 4
1541 345 85
641 2228 122
4689 807 190
1840 536 13
595 1520 114
1363 731 184
997 3213 144
1913 1273 17
145 1806 13
1143 1404 4
4995 759 196
1544 1941 157
1789 3061 19
982 904 3
3568 2027 75
1001 2493 27
3911 354 17
665 3605 148
2843 700 164
1562 4169 52
4560 609 62
3886 3199 189
835 200 177
4657 4431 126
90 1757 180
2448 3797 40
439 3022 125
1243 497 146
4175 2726 117
4810 3911 178
1844 3038 195
2700 1359 125
2406 4960 72
4760 3658 65
2565 1975 9
4653 1031 200
2719 13 83
266 2629 17
1515 4456 195
3942 150 54
1175 2128 107
4174 4797 67
900 3939 140
3449 4400 27
255 3415 87
3592 3877 17
112 2508 46
4175 2378 123
1271 4522 75
3393 1602 97
111 3194 107
2891 1566 30
2183 2501 129
3929 2850 124
2031 1104 164
2976 1527 198
237 4736 106
2899 1091 179
3491 2227 21
4312 1579 170
4698 3262 115
780 2201 142
69 632 91
4275 2543 35
1967 4833 84
783 913 34
2940 3945 70
2297 3143 129
1757 3528 97
4160 3258 197
42 772 184
4454 2315 145
482 363 4
771 4643 24
3565 4969 56
4264 2429 20
4166 2652 35
809 3720 65
3029 2070 167
3535 3679 119
1253 619 171
1871 925 180
686 192 120
3064 2051 163
4366 2549 7
3458 2581 101
3660 1696 135
2967 843 73
2538 4633 145
3187 4468 123
4211 3992 120
3272 1399 45
4232 2785 87
1963 2999 139
1050 2409 88
1970 2565 91
4469 16 171
3506 1781 102
3508 755 128
3016 1340 18
2193 3605 153
931 3238 1
1007 616 101
1684 4513 67
491 1291 180
108 3553 161
1848 564 76
4105 3011 22
4814 3706 51
2693 1700 121
3996 4805 187
2468 4010 59
2589 1527 52
774 1836 89
2050 1804 18
4479 2347 88
4730 2437 108
1621 2356 195
3748 4469 144
1739 3055 43
2588 78 125
4723 3490 52
4093 2985 1
3705 3682 69
189 2017 6
2122 2164 84
1365 4861 77
196 688 65
3995 2409 129
766 2842 11
3609 1487 84
4654 4993 48
4399 4398 94
3733 820 194
3229 2701 156
1908 326 35
1680 3 119
12 1739 90
3620 3353 77
3440 708 133
3155 2909 179
1783 4205 108
2687 301 20
1826 4807 178
2044 2355 148
3964 154 197
4769 1887 51
4659 1233 175
2981 3856 12
1701 3772 196
4964 4130 145
3007 3440 151
1663 802 34
2545 2395 115
1821 1521 117
4333 2181 160
1766 716 59
4782 1533 191
4723 4505 125
741 3313 88
2166 4199 108
245 1892 101
181 4297 197
1494 1131 136
4106 2657 173
3338 89 90
562 304 51
1563 1109 163
2469 2913 96
2119 3021 118
1866 2724 111
1752 2606 59
154 4752 136
4796 2696 125
290 2027 7
1277 2328 40
965 1244 173
373 3819 67
630 3184 176
991 2378 38
116 2898 11
3143 1088 59
1840 3131 104
2399 464 82
1832 2752 59
400 4297 27
4221 4261 127
4657 1591 193
3445 2230 26
459 3189 190
1463 1719 150
2154 4062 29
1137 712 70
1693 4470 198
1766 1783 128
774 1422 21
4296 4186 49
327 4560 6
3696 2158 173
1500 770 96
3213 3271 76
4145 2124 121
2264 2376 29
4351 1139 69
4405 1735 5
3583 1905 154
1907 633 96
3970 211 187
2173 4484 131
3851 755 119
94 2337 52
3561 1434 192
2268 2192 118
2103 525 11
3939 4364 95
1432 3117 144
2899 3821 29
3396 3482 56
1947 3161 52
1017 4610 84
4871 4530 80
1020 537 39
223 4005 195
990 3410 68
1281 454 21
1649 4966 5
3063 1146 152
4744 3990 179
4540 4844 174
4896 301 10
4836 4194 85
3467 1738 118
1933 579 135
2454 2914 144
2393 50 107
3455 2183 8
1033 3423 62
549 2443 157
1420 357 147
2557 931 141
488 760 12
563 4454 78
4923 3399 91
3155 2460 65
2191 845 152
2760 871 90
3403 2849 60
1037 3106 164
4227 4462 164
34 2184 87
4410 3688 168
1713 3771 101
2433 4948 40
1646 1645 36
3733 3589 24
934 921 17
3225 2151 19
2229 3455 131
3764 3289 162
4169 4870 102
4778 2627 104
3273 1750 170
4890 3423 161
4413 4632 160
4672 447 53
395 2932 30
649 182 7
2022 1040 111
3275 3699 31
4938 2067 67
2018 4266 133
417 1932 139
1017 3628 114
874 456 3
2827 2581 26
4386 4558 125
3995 2670 6
271 3577 154
3154 815 10
1722 4036 131
2580 3637 100
2332 177 131
391 4535 14
4613 1598 184
453 3681 62
3973 2092 98
4486 805 192
4189 2175 151
4982 453 60
3773 4949 190
3610 470 34
4133 2948 90
1294 228 123
1341 3396 154
2173 2948 116
29 3720 187
3411 1336 33
1522 3734 87
2621 1567 186
4958 1784 5
1405 471 29
1970 2420 32
945 1660 200
1538 131 192
13 3651 130
1891 1365 67
522 4192 189
4266 2698 56
914 1806 122
1367 3351 40
4765 3657 12
3156 2494 97
2547 71 104
752 4664 153
733 3058 26
4225 3223 2
448 2348 38
1428 4554 85
4125 4240 129
743 4105 154
323 4989 54
1422 3973 138
236 3302 75
464 4530 171
492 2730 124
817 4174 125
4986 578 89
1936 3375 178
2666 522 185
2649 1836 24
4992 4714 114
2260 52 105
580 1280 83
1088 3771 73
3677 2687 129
3173 4451 81
4431 667 48
450 593 65
1506 3764 15
487 1597 143
4978 2441 170
653 1350 17
2519 1586 64
3087 4076 170
1092 4240 157
3561 681 188
3344 1100 1
4496 3410 133
1343 3490 21
3456 2076 177
4056 1530 134
441 1378 152
4005 260 195
1218 3177 162
4598 373 49
4414 1404 78
2576 4026 6
1152 4598 33
4349 2238 46
49 2071 10
2008 2881 135
1779 2642 101
966 2851 67
4948 4600 68
613 4466 181
2592 3595 167
2201 4983 109
3221 2960 42
2835 4223 120
2163 1400 122
1321 3180 141
4749 1082 100
2013 2284 74
3197 4810 191
1726 1216 57
814 786 113
226 1196 55
4235 1399 41
2708 2362 183
2432 1314 7
44 2134 110
3285 374 66
4777 3688 147
3743 4430 147
1479 2644 16
15 246 74
3781 4494 33
1883 1776 54
3846 4591 86
4119 128 105
3850 2501 166
2644 2926 55
1609 4721 112
3572 789 104
1331 3565 176
2386 1352 27
602 3255 160
2440 1265 41
2314 1584 102
4446 4391 182
2583 4146 149
3202 3718 177
1162 1773 194
3904 3967 133
3953 1202 20
2819 630 31
396 4590 155
3925 1077 162
2866 2247 154
1418 4880 11
3461 1631 63
1491 188 147
685 3581 61
526 4643 180
1437 732 140
827 2602 96
1806 1370 113
3960 4120 111
27 1174 39
1027 904 70
4435 3109 14
469 969 133
4310 4888 197
3834 3134 151
1584 3191 39
3932 3157 30
1178 407 171
3209 3397 119
4890 1457 186
4204 47 82
4237 1682 26
1996 1713 77
1387 4104 58
2626 2531 115
740 2710 173
2017 2952 14
730 398 12
3006 2337 10
4712 1264 18
4511 2061 130
4210 1543 158
1184 969 21
1751 764 149
164 2849 62
3136 2696 91
408 196 5
1555 4865 42
1814 649 138
4561 1395 12
270 1824 174
1706 697 61
1009 4457 68
2157 3276 3
1161 1080 39
3075 463 159
4207 4171 10
1148 4733 142
2428 270 153
856 947 38
4188 2360 14
3859 2566 78
1387 4191 107
381 191 98
2065 2169 114
2179 1584 114
4051 1033 28
3933 2236 40
304 2201 19
4054 1256 52
3440 2915 130
1204 3231 117
2702 33 10
1904 4976 199
496 866 94
4846 397 129
4119 4529 38
278 3136 51
190 1115 186
4307 2415 70
3050 903 150
1854 2987 181
2826 2842 18
3188 3879 84
2621 998 148
2339 1766 55
1364 2173 144
2589 2345 50
1947 2358 35
4970 3548 160
2519 2646 147
4256 854 82
1161 1795 137
1710 3180 184
1298 3812 167
1035 1162 145
1775 2844 8
453 2987 44
1515 2332 39
2638 2485 154
1620 4641 119
4573 2125 66
4606 2210 198
4101 4047 183
2298 2617 143
1214 3871 129
4834 3486 38
677 4133 108
3784 510 56
774 4736 199
1578 2781 15
2974 4801 48
3630 1431 58
2443 4493 127
2825 2661 88
172 2646 40
171 4833 128
240 2419 182
200 2092 108
786 4273 177
3250 3082 111
1672 2582 57
3402 4631 171
221 716 42
4939 1850 29
680 856 70
4647 2018 168
2466 2693 28
3789 871 109
4756 2813 173
1013 3672 187
3901 229 200
4648 4565 111
177 1860 82
1827 3936 84
3046 3091 147
3944 3431 149
3906 3239 128
3657 4402 48
3360 3822 40
989 3662 65
1097 3683 13
4457 1966 112
2296 2505 67
3288 4 26
1940 587 157
633 4152 68
2480 3250 14
4959 2949 190
4330 4694 133
721 3466 22
2238 3908 65
1713 3210 74
4209 3872 134
3856 2685 11
3701 1067 122
1845 4690 117
4165 3134 130
884 4309 36
3695 1254 63
4285 2846 99
1126 3531 152
830 4744 26
1460 4271 196
4255 3566 175
1428 4859 63
2859 687 166
3355 3521 160
1503 4998 161
1209 4650 105
3659 4981 59
3633 2093 147
4094 3382 15
1967 1922 57
2294 1589 20
3849 1204 178
4574 2586 28
4941 517 129
4410 3590 88
318 3198 9
395 2579 80
4557 1585 12
2396 3717 158
3388 939 55
2713 2343 18
2341 4885 111
1818 3181 135
1837 398 37
3344 321 26
2566 1913 118
4445 3520 133
1795 1789 111
735 415 105
4969 1489 40
208 1392 188
2495 1951 184
2250 442 190
4573 3934 19
1273 1135 188
1624 2097 139
4857 2167 96
3654 1282 148
4594 4534 56
111 294 148
223 2940 138
2240 2966 38
1043 3969 150
87 3025 197
3012 47 95
2090 3297 4
2359 3343 116
1922 3305 189
2488 1415 147
366 4359 137
2016 1448 51
2630 4274 36
2220 957 26
781 3011 84
2746 2175 19
4782 2907 186
838 1461 56
3000 4163 89
2696 2408 3
4676 2000 141
4265 1278 117
954 4191 18
4214 3660 163
3819 4181 2
3575 81 52
3466 2741 68
4459 1712 176
275 2428 147
2692 1342 104
2356 533 142
417 2644 123
709 2637 55
4241 4690 146
2512 244 196
2491 2455 159
1534 3457 105
4538 524 115
2235 231 120
3867 3193 21
3072 4753 191
2108 2950 185
1985 3174 170
631 2801 93
2044 625 91
3334 4864 145
3173 803 78
551 421 140
2259 4660 15
1179 3423 81
2376 2141 11
3253 193 37
803 267 25
3361 1277 95
453 597 188
2280 1615 53
1255 878 30
570 578 107
4286 2549 158
2173 661 183
2463 4974 164
3653 415 157
3240 3952 122
1468 3012 72
102 1047 73
1584 1211 99
3098 2682 5
731 2381 193
73 2342 8
148 2966 90
1332 3460 34
3570 1319 167
4877 4171 194
3780 323 136
4154 300 121
2908 36 192
4697 4101 33
612 2426 83
712 3040 72
2974 2035 93
1450 2373 184
3314 3171 121
824 709 111
4967 3119 30
909 2673 7
2044 1662 4
2919 1040 25
4779 3412 70
2335 4583 163
1462 1295 104
3303 1720 134
4876 2506 181
2984 4851 90
3142 1454 187
2701 4438 117
3342 2515 188
1422 967 85
3423 2868 33
2803 4107 118
1199 150 160
4445 4029 31
1758 2914 131
505 3940 149
2472 3047 174
587 2962 186
4532 747 67
1045 308 131
2836 4134 184
306 674 50
3880 1601 133
2154 3087 198
459 260 121
2782 3163 121
3448 4508 12
1725 446 136
1810 1742 59
1846 592 186
1957 3207 79
291 2508 117
2075 2417 123
1127 3908 26
2264 3820 167
2015 164 134
3579 4115 85
1187 2895 185
4613 3832 151
1488 3076 162
1941 3642 41
3320 561 71
483 4721 80
3247 4203 19
1033 1207 2
933 1658 73
164 2554 143
3806 4307 62
2233 3563 191
2543 531 163
1807 1353 165
1429 1811 180
3370 2890 184
170 1164 145
4448 2256 178
1640 2611 78
2 4166 143
4259 4065 47
4097 4895 38
4779 396 52
4363 2762 168
4841 4442 23
1640 3978 100
2829 1324 150
1107 3584 102
4747 3535 16
4020 3134 180
2771 4252 67
3431 1861 188
1468 3222 172
2125 215 53
539 3046 190
4995 880 37
1578 3210 107
3231 4893 68
2458 3406 49
4479 338 48
1502 881 100
4227 2716 53
1192 4844 193
481 3520 140
566 3713 194
2 1386 28
4072 1739 144
3090 1621 36
1486 2918 19
3023 2482 135
2156 4233 169
3087 3771 48
2661 4348 133
4424 255 75
541 4660 102
4613 4296 40
2866 3933 162
2465 3549 144
4658 2357 37
1273 998 13
2575 2910 66
749 841 83
2470 1892 33
1099 4811 101
1006 868 24
2634 104 64
740 4328 164
4197 4063 35
1671 4589 118
2312 2852 41
2791 4513 106
277 2341 185
283 4814 106
1214 2954 38
1650 1139 121
3028 1634 179
2010 208 138
1249 2969 50
4096 882 75
2377 1281 90
4465 662 108
1985 4501 39
4172 4181 5
4126 2064 97
71 2847 151
314 3097 54
4857 2616 162
1301 2227 152
1518 4307 166
1172 330 110
4084 1835 104
1576 4198 27
943 3141 188
2744 4840 144
2278 776 68
3467 1441 77
2101 3628 113
2384 3935 172
1390 4133 177
2328 141 39
3459 343 10
1578 4963 114
1227 2694 3
3150 1780 103
2105 1532 160
3496 618 104
4377 2830 178
4813 4756 87
2329 1741 88
767 2811 60
649 610 137
2946 4476 20
720 4279 200
4370 500 150
36 170 86
2707 3280 191
519 3222 193
4907 4160 85
161 2054 172
3574 4464 59
1305 4889 137
1494 2103 19
1873 4521 91
4907 2958 172
2695 3663 80
2449 1191 110
2997 428 152
2020 1844 168
2158 2092 171
731 2024 117
4478 18 9
3686 3676 173
1426 4283 78
952 3598 157
4938 1003 145
3638 1753 55
3556 97 178
1815 3262 134
1328 103 137
4106 3188 196
1070 4051 14
521 595 54
953 1809 151
1498 1306 94
270 4412 171
3151 234 113
2062 2278 199
1345 1721 132
1408 2350 24
1574 2657 106
2498 1337 40
2357 3161 78
334 1875 109
1433 1430 58
1869 724 105
1712 2608 92
2755 4696 132
3395 531 51
2936 1077 146
833 4807 154
845 3054 169
4424 431 96
4023 1834 135
2356 1824 161
2984 1646 59
544 408 4
1656 4155 174
2026 3242 5
4071 63 67
1119 3972 141
1059 2235 50
429 1164 182
956 4318 186
2035 2494 172
2402 4458 159
4428 1213 78
4000 2170 200
3986 1397 195
2744 4290 109
3270 2645 46
3302 282 127
64 1111 91
2423 3660 34
3677 4852 29
4226 717 71
451 1565 7
1994 495 15
1721 3761 151
2623 941 123
3483 328 89
83 1861 12
1071 2278 142
2861 184 185
3906 1665 113
685 4066 47
3238 2927 56
3145 3819 183
123 2621 157
3705 4562 87
2373 1442 68
630 1284 17
3634 3271 32
2182 4165 152
3451 3401 74
2001 1363 191
1160 1775 90
2538 4009 86
3412 4675 126
3794 4478 196
3809 800 57
1478 629 11
3132 1945 96
4501 231 59
2381 959 82
550 2110 149
2130 4893 132
2904 4515 83
2839 1423 167
3014 4423 120
75 4877 105
879 2825 81
1853 337 158
4473 202 139
1921 2758 113
1811 2532 157
2244 952 107
2924 3894 191
1856 4571 172
2793 1366 69
1488 3498 186
3312 3252 113
364 2806 1
1534 1378 46
1277 1234 20
2573 3882 95
2489 4238 82
1935 3149 122
525 4939 124
4642 2067 185
4887 479 10
1767 1234 107
1935 3735 14
2874 1449 22
864 2488 71
3433 3640 166
1832 3693 172
1569 1800 7
1585 222 30
2189 2001 124
3705 3215 150
3077 1208 33
4627 4631 175
1263 2640 83
1860 3899 52
2039 3463 156
4796 2481 78
1978 15 18
2564 2761 58
4241 1401 88
4638 1753 163
1028 2044 153
2257 939 144
770 4669 62
2890 16 199
547 3775 143
1517 3363 132
4141 3254 60
4673 2713 44
4788 4081 77
2302 2782 182
3633 4266 58
2160 2309 200
291 827 193
2416 630 46
3890 3442 170
2519 1408 45
966 3521 198
4518 4652 37
213 4175 36
613 3741 152
2396 2067 55
3037 4155 142
3257 1830 78
4107 1724 116
411 4175 108
2645 1489 56
129 1648 9
323 1477 18
1335 4317 123
3509 3425 35
207 3752 48
267 3029 192
3406 4944 40
3370 1883 43
3211 4066 44
1987 2542 67
3360 2733 176
1349 4077 68
3753 1020 91
904 764 35
3075 3530 182
1638 507 163
690 2996 31
4124 2810 170
299 3805 26
4864 4456 110
241 2342 170
731 2299 79
0 3823 86
1282 1288 41
2454 280 126
1643 2533 189
4442 2348 89
3599 4998 173
4296 4964 42
592 2601 148
4928 1697 144
2340 4296 174
1395 2801 80
490 246 1
3141 1354 102
4564 770 65
3874 567 11
157 3115 167
1011 38 44
1265 2695 159
3247 4309 190
4156 4715 161
4425 3809 92
673 1140 121
1206 3417 7
186 76 107
1784 4157 57
2834 598 1
1288 2187 106
4838 1953 4
3083 844 153
1108 3267 129
2579 1655 18
2449 1606 50
4980 4765 179
3050 2854 44
2824 4293 122
4174 819 90
3770 706 27
3388 3476 111
2573 3583 153
4182 3087 11
3648 4323 187
4740 1275 18
41 2806 91
750 1998 134
1201 4162 197
4403 4858 40
2198 969 12
4454 2662 116
2719 1555 52
2392 3986 16
2689 2580 119
792 4516 53
163 4415 32
3653 3652 182
3222 889 149
1619 1517 184
3678 1181 104
1590 148 106
3048 3021 137
2826 998 147
3486 2524 59
3430 2130 148
1957 3922 199
1949 4789 137
3684 3672 16
3791 4562 58
86 2396 188
4138 2569 147
4617 4943 180
31 3217 39
388 4282 176
2920 1469 189
1944 4736 106
450 1359 160
4806 876 192
106 1595 23
1007 3289 93
4104 3019 61
3264 483 192
3652 3132 156
2886 2291 41
2292 4129 10
1951 1890 141
892 1516 162
2538 483 128
4069 4080 64
31 4319 40
2070 2930 86
987 1726 17
3109 1 156
502 1574 174
1373 4942 75
1721 161 52
3236 3713 162
2754 2386 68
1395 4916 112
829 1899 41
2416 4391 127
381 1080 104
3268 869 108
4803 4889 175
2987 3088 41
2370 2130 147
4932 2774 174
2037 997 136
1898 3607 100
4720 2270 1
218 2336 133
1706 315 178
2973 1411 51
2227 137 194
193 2767 177
341 2568 81
784 2208 48
4243 195 3
2571 119 117
3601 3504 88
4597 3582 10
3381 1128 37
3393 4401 106
4226 3765 191
52 4296 89
85 1024 55
3810 20 72
1447 334 127
1705 692 160
3542 596 158
3574 222 59
1115 371 138
3639 2737 118
4257 2958 154
3535 458 40
4507 3658 151
4046 551 66
242 3371 61
2557 2733 11
1417 3109 41
4175 4808 130
3753 352 92
3307 674 15
846 3339 31
1000 996 167
2524 286 127
1626 92 65
1038 3377 191
1713 4121 128
866 2979 132
3209 3441 177
3109 2324 92
82 2993 112
4426 4280 191
1543 3220 126
2943 4317 199
2566 1421 38
3123 4992 62
3990 4292 53
4717 4937 58
3169 327 193
1765 4716 1
828 728 86
970 3506 96
2369 4581 37
1046 1608 118
4432 3781 148
2741 3039 65
1436 4617 13
1832 4593 34
2886 663 119
2153 508 162
1638 557 70
261 4398 27
2441 4315 7
4000 319 113
1220 1676 124
2685 2183 74
3755 3510 71
3374 1855 119
4627 1499 180
2519 4375 110
3819 3303 139
3865 1786 183
2847 1701 31
4412 3578 107
2259 3216 136
3190 1306 131
2352 3478 119
1202 3955 153
4988 578 103
2774 4508 135
72 4102 9
2708 4173 72
3856 1246 62
4743 815 22
4649 3143 94
903 4867 73
3970 4937 11
3878 4540 56
4247 4578 142
4512 3679 119
2061 1072 46
1954 2423 182
1146 1771 163
1554 2812 44
4550 4193 17
2164 1001 116
2350 973 175
3828 4264 184
3448 4650 135
3921 3256 61
4657 1336 18
4128 4049 12
1220 3972 151
1618 1949 30
2536 4614 66
222 3115 108
3930 1488 171
843 3729 97
3270 3500 152
2247 4676 178
160 4643 34
3591 2629 11
114 2238 13
1462 4612 104
2661 4796 117
4996 523 8
3189 1594 167
2306 268 53
2521 2418 66
1746 4021 138
220 4286 42
1399 4242 40
3260 2835 52
3942 97 17
3360 342 79
4594 4262 98
425 3880 43
925 486 172
3096 2221 2
4636 1996 188
3869 4829 69
4060 2016 110
2168 4388 180
4743 4799 58
3497 4444 152
2147 515 61
2049 4456 70
4612 1694 39
2017 4914 75
1778 4534 45
1108 3085 61
4926 2718 87
1079 858 105
1331 230 42
1867 969 184
1760 533 172
4544 1342 89
4550 4116 162
2558 4779 186
2617 3510 103
2546 1228 13
2020 2398 41
3152 3553 197
1040 357 40
216 3045 181
4011 2703 87
1212 2393 20
3723 4224 128
2019 978 39
2279 1795 85
3624 414 108
2426 3520 11
590 1481 117
2977 1185 5
4124 4292 87
2313 1444 131
3261 3940 91
1961 406 136
710 2415 118
243 1425 200
2674 3240 84
4247 2884 129
3413 4125 82
4698 2975 171
2004 1227 57
127 3388 111
3392 2532 174
4284 235 97
2598 4487 101
3570 2374 41
4387 4117 188
4240 4493 52
1288 1900 119
2184 2355 42
3126 4159 89
4991 3837 52
1309 187 45
4995 3892 165
898 4328 159
4510 4983 4
2154 3797 58
3343 4522 90
992 398 111
760 3720 49
127 3122 132
1438 2330 143
2112 2732 95
3529 1780 181
3660 3638 108
2663 1915 146
1771 1287 38
3110 3342 90
3626 3711 59
3518 4415 115
4838 4056 155
905 4091 82
2052 538 21
3966 91 120
1748 83 28
4552 451 178
4233 1884 189
3802 556 32
4646 4685 41
1421 1917 118
2064 4837 85
2492 3703 33
834 3516 157
1993 582 159
1887 1167 168
444 2444 30
1397 4184 164
4098 2262 193
178 4052 23
4473 3576 65
3918 3536 167
2740 1383 105
1780 2238 44
3397 2836 46
1145 1279 16
1653 1539 11
4619 2168 38
3394 1358 137
261 84 179
3297 3369 49
3421 2691 106
2363 467 166
1322 4808 187
3605 1028 55
250 2580 170
893 2247 63
379 730 61
679 3688 35
342 1841 93
1516 498 11
3916 2774 13
4106 850 2
2981 1555 75
3137 696 186
1736 4700 162
1793 4339 62
4466 3493 123
1432 4372 78
4754 2661 191
3202 4089 99
3661 2147 11
1984 225 12
4749 4008 128
4082 3442 23
824 1439 91
4331 1397 168
2410 3209 22
2783 3293 65
3989 854 190
1942 2531 63
3406 2210 33
3369 1383 162
1583 2999 15
2050 3141 175
3718 1220 184
1587 2888 56
4771 3428 68
2784 852 153
97 518 166
310 1744 122
4897 122 66
3938 2797 87
816 2925 140
2869 1977 53
4788 3954 44
141 816 1
4052 1844 166
4755 489 4
3914 2659 89
1621 3303 129
3940 2162 100
1897 1700 77
2825 655 90
1225 3761 79
2113 1833 167
796 3245 144
3249 2682 124
4045 2385 153
3561 360 69
1740 591 67
2583 138 192
2166 902 17
2756 2270 106
4080 3188 137
4852 9 149
943 4609 176
4438 4902 12
3646 1033 168
4921 390 151
4970 3158 193
362 2801 186
3783 1797 121
182 1466 134
3986 2256 15
2879 2734 34
2240 3940 105
3855 79 133
276 397 153
2258 1486 140
2467 2772 22
1459 4795 54
2653 3266 124
128 4980 7
4652 787 77
3826 1851 55
1951 883 120
1318 3633 7
440 4963 16
1841 3403 139
4965 563 19
784 2661 177
984 4812 29
3708 3346 111
2262 731 42
4282 1850 4
4492 2484 129
4319 4395 168
2662 4674 55
2190 2162 117
4276 4357 3
2851 599 94
2791 704 53
4978 4928 110
112 4211 148
705 1302 135
1198 3424 103
997 1188 178
4695 2777 124
645 3725 178
4977 1305 23
4823 231 113
2246 1671 151
977 4410 30
502 568 50
2546 2318 124
1559 2619 46
2883 2099 23
3647 3405 25
3001 2411 165
4313 1497 194
1117 3822 36
4513 3751 116
171 1646 46
4679 367 123
1049 801 48
3523 4926 128
3420 419 51
4937 3042 118
1358 3650 172
4683 2052 183
1497 4149 141
3567 2151 77
4771 4034 190
4348 2592 127
1198 3976 37
4605 1031 80
318 4066 144
1372 4392 99
4677 4243 66
760 3907 144
1951 665 102
1137 3105 127
3262 3235 56
4119 3703 100
863 3340 117
2691 3077 176
4094 4221 135
2461 1854 20
1977 4220 69
2204 1505 7
61 2779 36
1340 1474 179
4953 758 196
4180 4193 95
2631 2703 47
2964 3566 33
2529 2636 143
3585 3643 13
4446 3309 170
1145 3987 133
924 3770 37
2314 2547 197
3012 634 89
44 1819 186
1485 3899 138
1941 4617 52
4721 1883 99
2536 365 152
32 1178 93
638 2980 56
1565 944 84
4221 4990 19
2284 4533 110
2767 1289 76
970 1423 62
634 1288 144
3723 1668 128
3632 1430 128
1839 4932 91
1212 2754 179
2270 2369 31
4251 2069 150
677 2093 161
3843 4491 46
1169 4912 37
3217 862 96
2280 1299 2
1908 3877 107
4688 2366 7
4635 3453 142
1141 757 5
4882 4466 82
3932 4014 112
0 948 76
2386 4670 85
2839 4605 102
3437 4542 95
4837 1758 120
3102 718 85
1231 521 137
1621 4810 170
3242 2001 121
1542 711 78
3595 1214 127
3077 2983 142
3472 1389 36
4729 1701 150
1572 1229 112
159 4736 17
3136 4806 32
977 2272 30
4302 1266 87
4513 2478 95
3783 2035 114
711 1085 119
3652 984 176
297 1824 101
4982 1410 12
4730 2831 177
4075 1558 141
1691 2395 141
3405 130 183
843 3085 113
3031 892 184
3899 2123 87
4759 4411 128
1160 3997 85
4907 346 77
472 912 161
4248 3420 182
3579 3694 190
3725 4494 175
151 1717 3
4171 4330 26
4159 3467 178
3702 1983 178
632 1738 25
1680 4697 25
4223 906 76
535 2147 24
512 2650 166
337 4578 36
2730 1628 82
2864 2394 36
4459 743 65
1445 3313 55
4734 1223 58
3747 2765 108
1709 74 95
4110 3832 118
1968 214 129
2477 2822 27
3085 695 37
4365 2124 35
4390 3298 81
2245 4925 52
2782 1253 176
604 1323 101
2154 1154 125
3293 4701 3
705 1372 147
2876 4728 12
780 4421 75
1246 3393 85
4195 3680 101
2780 579 40
3746 4176 141
4714 38 31
3648 1083 68
3162 2977 48
4510 579 117
4561 3094 3
2459 4127 26
4022 3469 54
828 4781 53
270 1022 38
682 3081 42
2465 409 40
4023 3991 15
4290 3877 198
3393 2625 127
3772 4004 10
4023 917 198
678 2586 105
4842 1303 50
2804 1312 200
4033 1 121
4343 1857 25
415 200 70
3332 2600 144
3763 1162 193
970 2705 148
869 2590 194
714 1924 44
1963 1513 167
1743 213 151
662 2727 90
3571 3873 14
3931 2923 108
4146 86 105
3130 3084 59
650 2081 180
3939 2634 156
3846 177 181
1962 3115 153
1899 4347 84
3164 3342 153
3635 2202 121
4290 1279 54
2238 32 50
1828 953 89
1503 1301 76
4217 3115 161
2822 1579 188
3570 3088 164
4393 4749 156
375 2213 49
720 1067 104
760 3948 86
921 1499 60
987 1160 53
4401 3871 44
928 1552 108
4779 748 28
895 1843 74
3672 2477 139
389 1012 54
1003 1607 74
1202 4726 96
4307 1816 200
3776 3456 89
1323 4458 166
3369 307 129
3573 501 187
955 868 190
4489 441 51
626 2169 23
2220 473 161
269 4452 163
924 307 105
3734 4709 145
4216 1650 153
3851 609 197
1325 568 120
248 818 90
2479 4992 177
2735 4898 199
1539 195 142
3607 1816 62
3941 4959 119
1487 3704 67
1415 1640 112
1350 3072 2
3840 1035 13
2301 4152 148
1719 4329 23
2548 4094 134
2914 1583 69
2567 1340 117
3878 411 186
4468 2632 98
1287 27 10
187 3218 89
1137 2872 89
4226 2020 187
4071 2640 127
1625 1190 46
4061 1330 1
863 2263 184
2573 3082 65
2604 1370 127
1013 4531 162
3290 4551 46
1796 835 128
2750 2515 198
1456 692 86
2620 2323 36
4795 3887 188
3367 1503 83
3776 4080 28
1615 2185 36
2455 1849 91
3355 746 21
3078 3315 34
1236 2501 175
2238 1304 95
1917 4096 19
1857 3021 73
1887 4731 83
3899 134 13
796 2011 175
2565 1293 2
1296 1882 76
1429 2054 49
608 4142 191
2984 1380 6
1784 3369 181
2059 4856 61
4841 2554 168
2489 1999 34
3941 975 65
4146 19 185
3733 3621 177
3002 24 32
2162 2762 90
2918 2343 117
2859 2787 168
2245 890 91
3095 3233 133
2957 1597 137
1689 3332 164
2852 2064 154
418 4030 128
1168 2421 79
4782 3668 111
1296 2985 110
2201 1043 162
2293 1139 135
2885 3817 79
4996 3786 102
2668 2894 165
2504 29 152
2016 1351 105
523 272 174
330 2736 58
3920 317 88
101 3447 9
4940 960 32
4079 4224 50
2109 2975 145
2295 4870 1
4398 749 91
1663 3725 149
991 3463 172
4195 2161 61
4431 2125 72
1315 1665 73
1089 849 2
2173 4037 40
2711 4337 66
4831 3466 168
2835 2206 45
4239 357 78
1682 1495 197
189 2682 38
1983 4934 22
798 3732 30
4940 1654 199
768 4326 101
683 4791 8
41 226 58
4925 3389 2
1688 4236 120
1245 3250 50
3711 963 166
2508 3177 140
630 2342 25
1796 1669 99
2468 1274 98
3520 3953 117
1428 3276 23
4786 2178 103
2479 4900 13
3954 527 199
1339 2319 95
40 2355 150
2491 1673 87
3743 4598 28
4985 1528 166
3049 4663 188
2248 3045 89
954 1811 104
1374 2040 65
4600 1444 43
1302 2565 76
3751 594 79
3483 2089 153
350 3778 197
126 1269 157
1635 1301 185
2063 2946 166
962 4209 118
284 4972 169
2816 4163 26
3710 496 87
2172 976 95
2877 4322 170
3892 4043 5
255 1176 179
1205 4394 103
2001 1434 149
4625 4 40
474 1402 71
3982 525 114
1758 3194 6
880 2035 163
1803 2880 21
1249 4450 75
4185 4778 170
1527 2608 33
4103 524 54
2859 3036 198
4841 4344 192
1051 2909 17
2489 56 28
4240 2581 103
1233 64 44
79 571 110
4648 2152 86
1921 3052 144
4914 2074 176
1723 3259 25
2232 2826 120
3544 900 142
811 1134 81
504 2511 40
1043 398 110
3932 522 27
4879 778 146
2040 4211 40
4411 3665 94
3423 1711 118
3865 3460 80
3715 4564 13
2021 2044 72
4116 4973 167
4870 4955 162
3836 3011 2
3549 4467 138
4438 4296 96
3528 1607 92
4371 2925 123
217 912 44
995 2267 166
2930 2352 24
3389 1754 168
3348 462 21
1911 605 190
4021 1275 88
862 1416 28
2385 4873 88
2205 3079 74
1966 1961 84
4311 2548 187
2713 627 87
2119 3749 11
4618 4346 124
1163 773 137
4178 4659 107
2375 1918 17
2535 3134 89
2787 2181 158
4692 3190 37
1318 3888 110
96 603 61
4874 1781 88
2050 2744 91
2801 4148 170
3453 1402 181
931 1475 169
3963 477 139
2483 26 64
909 3868 71
3311 3067 135
4972 312 149
148 2297 14
4841 2130 29
4196 2839 33
2435 877 57
4769 4231 178
1694 1570 70
2792 2908 86
3353 4803 148
4013 4121 1
1742 3052 164
2131 915 10
3692 4521 144
1877 4734 89
4844 756 6
2427 2641 66
1007 834 104
2505 3238 94
2931 234 124
3569 1588 142
192 2211 44
2214 1041 11
186 1428 193
2753 1835 117
1925 3154 63
2552 4966 47
4934 2909 50
288 4336 163
3563 441 194
2684 3363 135
4580 758 49
1247 4292 111
1971 961 61
2387 2499 107
2617 3810 140
1748 2848 153
802 4819 26
290 2967 137
4848 944 192
4288 2692 121
4469 3823 190
750 2604 111
3455 129 85
259 557 106
4006 4072 133
2149 70 13
2206 377 13
2989 3008 117
1695 4295 193
4519 4103 166
270 426 142
838 757 74
3633 4068 31
3443 2247 31
4986 3579 65
166 362 176
152 3788 78
262 3841 73
3909 2087 117
991 358 21
39 2725 165
1245 1967 194
3336 4361 124
3598 4606 200
2314 3237 39
3147 2139 97
3622 2813 56
2714 2608 60
165 722 46
3534 2946 143
1302 378 147
1411 1186 71
2192 3347 114
604 3205 49
1451 2771 146
932 1286 112
4827 4539 36
2330 1942 97
452 4548 28
3404 1236 23
4549 4734 195
2525 3469 45
3748 3137 147
1703 372 46
1788 3429 26
521 4806 144
3309 3971 55
3683 1382 181
4970 2620 189
4238 1064 54
4838 539 186
1789 4313 170
4244 323 47
1874 3771 52
2534 3656 13
1577 1972 167
2110 4882 137
1993 862 4
44 93 78
2345 3548 141
4647 4903 176
2729 1867 94
596 1691 163
1685 1667 190
4022 2210 91
1170 4801 90
4176 3494 111
1281 4041 192
4247 2711 64
2642 3101 19
3553 3802 15
3478 1163 117
4590 2572 194
1414 172 159
3361 4573 144
1743 2316 135
4038 3537 114
3140 889 154
623 752 144
3404 556 120
772 1053 23
4133 1391 192
4109 2327 159
3284 620 95
1158 1744 195
1144 818 161
1873 3960 104
1940 107 30
1771 3540 140
2376 192 71
1087 3712 9
4397 352 193
830 149 68
1911 2303 68
1432 3384 196
362 3004 41
2932 616 94
1740 3618 192
1585 205 161
2167 963 197
654 3384 37
864 2324 127
3090 655 145
3989 1407 97
541 484 178
1414 344 15
1545 2465 64
699 4747 152
3449 4813 138
1488 4212 47
1259 4263 80
4383 999 29
2796 35 42
1550 4025 148
2351 3390 13
3018 4524 64
625 2160 88
2841 2393 77
2055 2268 185
987 557 171
1467 2693 159
2574 3067 49
1885 3546 40
2938 4685 163
3829 2828 74
619 892 117
3705 2429 89
2594 485 130
933 2376 62
1212 4730 79
4186 873 177
2627 4300 19
1494 4040 66
3158 611 127
3423 1222 127
472 3574 171
109 387 54
1865 2345 66
295 2981 11
2509 2762 174
4564 4441 189
524 3126 197
2977 3694 124
4439 926 28
2830 3950 13
4044 4479 133
169 259 125
3327 776 128
3302 3394 84
4068 498 98
2819 3001 64
2263 133 12
3667 3588 97
1991 3141 27
3710 3885 135
4303 2223 41
2234 1605 78
426 2964 133
4144 580 36
4521 1822 171
1135 2119 134
181 3391 197
2577 1250 140
1943 901 138
913 85 32
232 3423 52
2805 4613 85
3494 830 67
3650 2446 128
3715 59 186
2850 523 25
1060 3300 125
1424 3084 53
4662 2411 99
1027 2151 141
3308 1340 121
2020 305 99
3152 4456 78
3752 1105 74
2922 2985 185
4548 2919 22
1875 2694 67
2756 2811 23
2098 4674 154
2543 728 160
3125 120 180
3946 3561 18
3802 681 149
1716 3316 193
4978 606 60
3931 3105 26
1255 4458 159
3967 2111 81
4062 3989 92
3984 2729 106
2421 189 145
3866 1253 108
679 3883 21
2023 3014 84
4264 688 82
3148 2853 10
4623 2181 158
533 3280 32
4855 2157 89
640 4747 161
4912 2144 102
3712 28 87
872 2829 135
149 737 81
169 4960 61
4278 882 192
2549 983 114
3702 3285 123
2125 328 21
4711 1845 166
845 1512 29
373 4653 166
1948 1904 102
4002 2794 68
2176 2599 83
241 4974 86
3505 4524 71
4520 4513 23
4730 2469 155
2057 2308 82
1434 3246 128
547 3119 23
2824 959 197
1963 3443 137
4864 4946 99
3106 428 97
1648 4169 163
198 708 146
3763 3698 74
4299 185 20
826 1640 164
3081 619 70
4423 4262 19
3011 3249 118
1093 3106 27
1046 3581 115
3004 123 64
1790 4673 51
4860 2733 141
950 1926 111
3639 156 116
3895 4787 145
1470 906 7
3690 560 14
4399 1481 15
3053 2501 66
3188 4366 166
1500 3183 185
3314 379 161
4073 4311 119
3085 28 161
360 3633 69
3015 2264 181
911 1642 38
4917 1737 42
450 2779 156
2589 978 36
984 3196 161
1604 2268 179
4565 2910 130
2009 2446 26
608 4105 75
1786 4824 51
3733 2392 39
3894 3380 78
802 4940 167
3576 1689 96
2466 3583 5
2781 1291 34
3781 2851 158
4050 4305 79
2586 2960 15
2396 2230 75
4786 1897 148
208 2253 46
4290 4997 118
3291 487 122
3628 3589 16
4243 3192 52
3617 332 127
2242 1758 135
4124 3921 15
4620 1266 111
1376 4275 181
1543 2158 127
119 1693 76
4183 4973 108
1986 329 104
2756 4820 52
814 3818 127
3423 3349 100
3316 800 8
3894 2718 178
2225 1028 183
2395 4315 18
4570 1663 161
4625 4460 178
4583 2967 172
4869 4534 170
3494 3347 155
2495 3037 183
3502 2858 69
739 1901 179
2917 1877 166
3344 769 14
4914 3818 139
3822 4596 70
3168 3599 112
324 2150 50
1757 3342 17
1240 1386 55
4108 3031 196
4740 4938 109
3379 3513 130
1746 4364 72
3615 2637 167
167 4572 74
4664 3828 125
3195 1584 166
4879 849 17
3281 3775 166
488 3522 118
716 4305 36
4385 486 190
4702 3028 143
3713 294 140
904 1979 140
2091 1074 167
1028 427 164
3223 1375 27
1433 2116 101
782 1183 161
960 3254 179
757 4764 70
1141 4542 78
3363 2947 145
2911 322 146
4701 1107 11
22 4332 153
1489 4306 137
3813 3683 5
4123 997 146
3704 1095 124
1977 3685 99
3812 2402 30
1835 3052 92
1229 3445 25
1631 4436 152
75 4422 186
2085 252 180
3637 783 77
4757 4799 44
270 2781 95
4089 119 140
1689 2716 150
21 2202 105
604 790 187
1972 123 39
4574 2022 15
275 3622 54
932 1804 199
1559 640 191
814 3335 14
4637 2868 11
3194 2961 178
2151 645 3
1953 4904 125
3137 3844 107
1622 1332 43
21 1248 199
3267 3536 109
1889 1531 189
1532 760 118
3411 812 151
3615 3365 110
4181 2139 88
1182 2332 14
4872 1781 57
368 2809 133
5 3876 106
2438 1441 19
2482 1408 86
4624 4708 85
1225 1959 12
3689 4211 194
7 143 125
4553 3592 135
1439 4995 21
4350 4382 3
4175 3784 172
2344 3142 61
3345 2888 153
3868 3580 192
1233 870 28
4617 2324 24
2320 2128 61
698 1962 25
1647 2863 25
3885 807 26
753 1230 80
2952 996 28
3519 2685 98
2792 3852 197
995 3790 80
2499 507 16
136 1761 99
992 3071 75
4762 323 7
1831 2794 34
2398 1914 165
3119 3565 112
4020 1544 186
2309 2191 137
4708 4076 135
2384 4428 82
4181 3853 158
3349 684 76
933 1548 83
3711 3067 66
2401 683 150
2102 2946 83
3445 392 111
1995 3624 139
2982 2242 148
4576 47 162
522 1532 102
1847 4446 71
651 1503 186
4115 1637 114
49 2000 35
1157 4863 177
3609 1667 29
4049 1766 137
4727 4045 10
1155 2229 62
1876 2822 14
1183 1159 89
903 2824 139
351 336 141
1470 1579 149
1890 1776 86
4049 2117 116
270 1652 198
225 1388 132
3717 1294 200
2582 93 58
4474 1963 8
663 1013 157
446 1918 120
4870 4883 60
4201 3961 3
3592 726 48
3665 1405 183
2475 3368 99
3618 4976 60
1719 4578 148
717 4977 130
805 1831 50
1874 481 55
825 4092 56
2003 3454 162
2090 4619 94
2204 1124 200
2316 1193 181
3638 1902 47
561 382 130
4047 1806 58
2576 3472 147
4580 1176 100
4499 2067 67
801 3902 25
1804 4325 70
1723 4348 109
381 3979 139
4145 1915 132
4104 485 124
1711 9 132
789 2645 188
3874 564 98
4994 1627 165
3481 3650 155
4384 2855 138
546 997 54
3639 1433 7
618 3084 36
4348 283 29
4466 1330 62
2137 1010 60
4982 4365 188
3784 4091 18
2248 2834 157
2135 1236 177
1172 561 37
2030 2981 38
2719 2186 105
934 3466 93
3138 23 122
161 4602 167
2800 2764 15
1466 4519 83
69 851 117
4416 648 158
1066 3139 19
3560 4055 117
607 1471 188
1878 1256 180
3308 1805 53
2092 3166 94
2378 380 193
1740 1307 152
4099 3725 101
2570 2859 163
3369 4127 185
2797 2702 179
2926 1547 95
508 2728 175
2839 4977 92
2653 1181 25
4702 1450 171
2222 2808 112
63 1807 131
3174 3604 172
1123 1684 36
4657 4586 170
1379 3747 63
383 1352 126
2722 4645 41
1019 2516 160
4025 2246 93
1051 509 107
3698 3450 56
4631 4456 169
4264 3362 151
4211 4930 41
1797 4316 111
2790 4267 190
3352 952 182
2064 2632 181
1259 2359 157
4482 3476 158
3440 1203 156
2527 2752 131
3249 3793 93
3435 4906 170
642 4135 181
2690 4378 82
4649 3728 83
2656 2710 51
2930 1434 20
2985 1658 66
4403 3667 136
2492 4182 85
1540 2797 43
4315 3245 107
2777 868 176
3138 3299 200
3756 4127 60
3884 4802 139
3135 2712 188
623 1234 122
3943 3726 45
459 1445 108
4569 932 178
2235 4030 187
743 4811 176
1991 2710 111
2406 510 104
1795 599 38
2716 1921 24
2614 2390 33
3370 284 80
1726 3747 199
1071 3738 167
139 3993 73
1778 259 158
714 18 95
1025 4599 83
4995 4256 179
2343 3263 110
1514 495 161
3632 3193 41
1852 2398 5
3348 851 153
4678 3178 23
1458 3817 185
3386 628 11
1796 2477 78
4855 2914 149
2642 2904 129
4142 2703 105
989 1129 53
2238 2703 112
1225 3196 77
1732 2292 180
4001 3591 144
1105 1566 164
263 4105 83
3688 4446 14
3707 4819 51
4121 4021 136
1863 2271 125
3926 1639 108
517 4616 107
3795 2038 175
1 1949 79
4060 2523 94
1487 4009 180
721 80 117
2969 3138 56
388 4108 34
1100 3516 194
1956 4848 75
1253 4428 149
1971 4950 189
4358 2356 49
4064 4903 176
2116 1432 65
4816 2187 56
3058 3763 57
3260 1524 198
3179 4212 104
3195 3361 171
3710 2178 18
2325 4577 53
4642 3796 90
2548 864 161
3782 150 22
3598 459 103
2964 344 164
459 2936 119
1957 64 116
4470 4939 72
723 1518 186
1330 2575 83
4600 2064 161
774 2050 64
650 1545 57
1188 4506 101
3662 293 90
3878 2392 48
454 885 200
2225 2073 140
44 4828 189
1675 2853 22
316 3790 38
3609 4901 72
237 4124 62
4207 968 70
1774 637 46
4370 1567 191
2677 3707 165
1412 3164 95
1633 967 70
583 4310 70
4214 4577 165
855 1691 46
3734 2305 135
1989 2115 118
1260 2790 136
2550 2970 137
3993 1540 127
1628 951 193
4259 1249 199
733 2172 99
782 2961 106
823 2890 128
1703 2991 150
2451 418 144
632 4489 95
4497 824 3
1259 3204 77
3651 4543 133
3692 2860 30
1238 3381 172
2443 2019 10
2330 3025 127
1939 2107 6
3267 224 167
3980 1701 186
3541 3163 85
1645 4965 124
2186 1955 74
4339 3777 86
796 2551 84
673 155 144
2716 481 22
3330 4832 75
3256 1729 110
1257 616 89
1716 3089 199
2631 3178 171
3044 4151 182
4243 425 80
3237 840 70
2926 3561 8
1346 2963 92
3628 3037 58
2201 4036 145
2014 2849 71
365 3907 113
1789 3665 142
895 4699 83
2801 2394 57
1174 1415 79
4560 3194 102
1367 3994 125
2597 4715 165
942 4817 184
2476 4904 19
3812 385 121
3279 3709 114
1672 1443 32
1964 4628 72
965 2053 151
1063 111 57
4512 1633 56
615 1141 88
953 2222 166
310 4940 48
1020 1015 97
2968 1549 51
1286 2992 57
3443 822 138
1213 2349 170
2334 1875 11
3373 3446 147
3101 3678 178
3833 3694 136
3335 501 165
1837 576 8
1162 2363 151
1689 2096 184
4318 1661 3
2289 4990 170
3709 4531 97
4907 4117 59
4524 4732 6
4240 1717 69
1326 4218 35
1587 1744 94
1436 4807 151
4656 502 40
4363 3230 121
659 3451 147
703 877 30
2471 1527 177
4644 308 193
315 1949 137
3598 2458 187
727 3370 155
3381 4313 199
1599 4169 36
2766 4484 154
4573 4394 118
2196 3271 137
4316 4848 97
4822 791 92
4973 4933 27
3929 2955 130
3255 2560 2
3693 510 80
4212 2451 27
3309 992 98
1915 4966 33
3847 1057 104
4099 4181 4
963 4835 107
4492 3342 60
3655 2126 103
3308 3873 135
3234 764 190
3404 4835 53
479 4318 24
2572 2203 17
4188 3701 77
3281 657 155
2842 2869 9
3516 638 28
128 4457 98
2626 695 137
1699 3909 30
3452 1048 121
3795 3579 118
1837 3483 82
2472 464 2
3870 1996 140
3174 3352 92
687 1157 39
1303 112 151
3659 4281 132
153 4739 116
4550 253 15
4129 4884 23
2973 1161 93
1892 4557 100
3430 976 112
3172 593 107
3730 4349 124
4381 2686 129
3718 2220 111
770 3899 199
281 684 128
3517 1916 149
134 4829 1
4920 4688 88
659 66 151
77 1374 144
897 1424 163
4450 2760 126
392 3278 12
2006 2140 57
737 2596 118
2434 4050 147
2180 3228 35
454 1262 199
3115 4456 144
3592 4005 174
2381 1858 158
2245 4486 120
823 768 24
36 4289 144
1571 4631 7
95 996 51
3436 1664 57
4127 1731 189
2619 2382 195
2243 3437 170
3847 1395 113
192 266 14
4729 4696 87
4482 2440 8
94 1573 86
1027 1657 82
393 2792 194
2491 950 193
2853 1995 5
916 3400 53
4306 2353 111
3251 4573 175
972 3940 192
3266 3585 64
1431 4306 109
3154 840 17
3283 4944 50
4423 2445 32
2729 4779 118
3023 445 166
2603 518 129
1276 2361 2
1686 3312 48
4061 3572 32
4299 2748 32
1578 2080 44
4455 4762 107
815 216 149
1196 3295 167
4588 974 78
250 741 87
4559 4397 47
4273 4714 56
1857 3526 183
4557 1949 161
4524 2909 92
1103 4931 192
1941 1369 67
4033 562 42
481 2183 112
1532 4976 183
23 1005 42
3540 139 101
3857 4525 182
4623 2841 109
2206 2261 60
180 712 76
4144 1258 54
2973 2630 179
3406 2706 88
882 3288 21
3212 1966 193
2715 2680 114
4591 670 163
308 3641 62
2483 599 169
2941 3989 59
765 3313 157
718 3606 66
2374 3292 44
4378 3573 162
2139 3706 111
3774 2379 167
1866 2168 143
577 3666 73
249 1651 72
208 2845 142
207 1920 72
4372 12 198
4956 458 111
726 638 21
1369 4122 101
4264 1977 82
381 1416 10
1429 4796 13
4484 1100 137
4775 3931 166
1795 1312 21
4541 4362 27
2179 1469 44
282 2699 67
3698 3142 70
4624 2175 22
201 3124 98
3014 11 117
3582 2400 109
3197 314 60
4977 698 157
2402 4569 196
4817 3750 32
1825 1656 49
2087 2028 189
2034 230 169
4168 962 156
1514 76 5
1169 1954 191
1763 1790 168
1444 2916 7
2577 3142 9
2488 2375 58
3708 626 30
4637 4782 2
4186 3327 14
1104 4028 44
2197 3681 161
1346 1702 195
2930 3473 194
3695 4301 99
1614 4358 32
1331 1941 64
980 2637 112
4873 3262 48
240 2002 111
3240 3187 120
2873 4244 74
2745 3738 135
2488 2465 121
483 2309 35
3124 1111 23
2004 4937 162
3653 4593 73
4385 4212 89
1974 1754 147
471 1149 68
1920 4110 173
3439 4691 112
2875 4940 167
3649 2920 2
1467 4083 16
1104 1237 78
834 4531 150
3171 548 76
4440 3971 172
2459 1297 6
554 491 137
2978 3944 9
4838 4733 90
3137 3452 152
318 4677 185
1823 4315 25
26 478 134
3044 3793 128
2543 2004 38
1349 3672 45
2641 1264 83
4620 559 16
4249 2524 152
1793 1373 130
3470 2239 127
1644 2519 57
4476 2620 105
1856 1137 59
2996 3163 172
4243 1976 181
57 4619 85
2306 3352 188
4777 2049 20
4909 313 119
2702 4591 80
1148 1781 100
1972 309 103
127 3675 91
4735 3192 59
4971 3725 170
461 2410 59
1338 1568 74
4050 604 178
3804 3674 9
3776 321 127
1007 2269 197
4478 1860 77
1655 2604 143
1078 231 197
922 4447 186
456 2717 145
3315 4767 159
2113 3600 187
378 4189 132
2731 66 18
1661 794 199
3210 593 166
1437 3418 77
4378 1756 64
3186 717 45
4568 4227 58
1633 613 182
2237 372 147
4387 4092 3
679 2819 57
773 4711 23
3453 4792 100
4960 4270 33
3515 4687 191
1918 640 129
60 3026 178
2468 3724 130
4352 4410 111
4886 3239 40
4046 4327 182
1456 1455 183
3655 4432 181
4832 1148 133
4125 347 43
156 3554 129
3319 3205 72
2119 1677 194
1828 1450 101
4687 4856 67
4037 1207 147
3190 2473 15
3499 4330 93
775 3403 196
3866 2787 103
928 3084 88
259 2285 103
2044 3809 170
968 4140 23
1432 1039 113
2238 4531 88
31 4244 43
3472 3624 145
4475 4338 1
3781 3524 88
3191 2926 118
2179 3245 173
2137 1322 187
1974 3627 143
3475 3686 143
947 385 37
516 1010 4
2673 1712 151
4131 3050 8
3734 3086 200
2280 95 174
887 3077 103
2249 1234 178
1647 748 196
4809 4493 59
2423 4528 63
1717 1182 188
4777 2984 166
2907 4599 60
3766 3360 69
2742 1453 67
2840 3489 24
843 4222 145
281 1785 162
2964 810 24
1902 3827 151
731 1946 91
2240 4058 137
1465 3596 33
919 4660 31
1596 2526 19
2754 263 54
1783 3705 94
3898 4308 21
4116 2628 31
2057 778 40
2644 471 196
4412 3498 168
2679 4220 99
737 986 75
1914 1248 6
2242 848 84
3883 2450 147
3265 1174 76
3339 3880 200
1123 2288 163
2252 475 97
3101 2331 65
1673 806 78
3177 200 106
3886 3947 65
4607 4657 197
1156 3996 41
4778 295 84
2929 591 1
97 1325 189
2788 3139 123
415 348 142
896 4274 110
1617 1392 74
1013 1415 88
1176 451 96
643 2319 33
3592 1349 180
2218 3100 13
4337 1776 51
2578 2530 192
1775 728 47
3730 2075 6
4286 4560 45
3195 1514 89
2273 1146 180
999 540 143
3607 3002 189
1020 4215 160
94 1442 47
4021 1720 141
1872 2645 84
4250 1204 1
4578 2935 73
4191 3099 45
1904 4978 81
243 4978 177
1562 3952 34
2037 2196 138
4859 18 144
3727 1873 23
2591 2748 52
2193 4905 45
4854 1305 112
2433 2236 151
1554 3662 151
705 2427 70
4447 3970 143
3428 3920 166
1699 4209 180
4774 1242 104
3543 2356 43
1265 576 114
2463 2003 192
3154 4718 185
4093 545 102
3605 1424 137
2948 4236 160
2936 1794 190
2000 4783 199
1064 508 193
59 2742 68
2052 3070 126
2569 143 112
4297 4252 159
4090 3287 90
3196 1649 14
4114 4123 153
3974 4615 72
2588 2753 111
2998 4497 90
3616 252 191
4040 2497 68
2999 3796 188
1184 3903 108
1648 17 105
3819 3378 123
1705 2594 131
1614 3386 13
2313 1587 176
3051 2253 151
1263 4561 180
3054 1464 113
4574 4645 185
339 1858 41
4842 54 65
3031 2244 32
278 2592 186
3536 4497 87
223 1156 67
1519 4407 144
3298 4388 126
4771 2835 138
4483 3476 102
4748 1342 6
154 3418 53
1932 575 158
2545 2320 104
418 1429 164
3613 3878 108
1538 2933 10
4240 1073 161
4339 1686 148
3587 3842 126
2288 803 87
3781 2191 32
2403 4338 51
1121 686 69
1377 330 36
2313 7 82
4747 3842 162
1424 2979 176
1061 3196 128
4391 4095 104
2989 433 7
3379 3638 153
3389 3556 17
62 373 68
222 4784 80
3699 2633 35
280 2570 200
999 678 151
1058 1150 24
2001 4388 53
2720 2962 31
4691 1075 34
2696 1804 195
1647 378 151
2551 4000 26
4522 246 47
3542 1442 75
739 2320 47
3308 2810 155
211 403 60
935 1817 158
2089 3625 176
3843 3498 50
1757 1082 148
4368 4285 175
4932 3116 151
281 3215 200
3647 3585 42
3537 4253 185
2578 102 34
4925 4103 60
3817 4511 98
4201 3265 19
2129 1963 183
4338 475 125
815 1756 181
2426 552 54
106 864 13
329 246 32
614 3341 193
2291 3612 42
216 700 42
4133 3548 84
3181 2580 4
1197 1956 71
2596 1268 41
2839 4636 185
4299 2085 3
3908 4677 96
4993 3629 119
3240 2242 143
2280 523 51
3630 2596 98
4343 2643 105
2485 1283 81
4050 1281 180
4682 3244 186
1150 3784 165
2549 2933 49
2926 13 5
4655 1408 182
1322 4360 171
1031 3290 127
1248 2447 31
3933 2989 67
141 322 22
4488 858 179
1127 2080 82
3128 2430 75
1813 3721 76
232 1635 50
2449 38 46
1976 4108 90
4180 1999 79
828 2669 141
3432 4125 191
3014 4769 135
2758 2658 39
127 4502 180
4182 2784 169
2232 3257 53
682 4992 46
1002 2791 122
4972 1429 148
1549 4301 52
2840 2069 86
4323 3129 137
2650 4855 148
4524 4716 58
2835 3614 65
1170 2000 117
4370 1614 79
4071 2143 140
420 1902 94
3000 827 54
2527 1969 92
3349 2152 130
2443 4516 12
1505 4309 62
4485 580 157
3995 400 158
3362 407 197
352 107 27
764 4405 17
124 3059 133
3504 58 90
2874 4985 198
4861 4625 16
2503 4729 198
3815 4473 94
1843 3843 153
4281 2108 147
4423 1306 48
1475 3501 1
2973 3822 104
2498 1926 96
2560 3270 2
3296 2708 138
4112 2010 69
4663 4986 88
956 3456 35
2775 4409 40
2164 4772 159
1744 4952 85
1021 1782 72
4260 3866 95
2410 1796 140
739 1875 139
2348 1079 116
4446 2640 171
4210 3768 10
4266 3997 66
4240 2816 18
140 3448 4
4301 3850 174
3195 1382 149
1314 4723 190
4721 1344 45
3435 2453 195
1019 4708 155
4165 4438 114
4741 774 185
239 1831 76
2006 4638 183
4595 181 53
1216 2569 35
4759 2988 109
886 4281 62
66 4444 22
4675 4738 146
521 1167 2
3358 3244 12
901 2349 47
1325 4413 31
1823 3878 186
2668 919 19
350 1569 142
118 705 179
3363 1281 110
1936 2591 66
264 4749 61
1156 1680 49
4718 1759 51
4276 2053 78
4451 1763 42
4224 2511 123
2628 1741 144
546 2285 120
552 699 121
131 2374 37
2474 611 169
3747 403 27
1756 2141 165
2435 2627 180
2744 4966 16
4234 2367 112
761 3429 166
4588 4688 10
3922 1556 5
101 418 16
656 964 190
797 3621 73
552 487 84
1788 2882 69
2002 2069 44
4993 511 152
2302 3865 156
2184 4744 29
981 3 50
1903 3344 189
1343 1544 32
1643 3825 156
4796 4718 82
1126 912 64
3547 4750 189
4831 2618 133
4423 1725 19
4128 3072 129
4472 3656 180
4476 3749 158
1305 292 146
2018 2551 46
197 361 186
2051 2873 21
879 3995 148
1357 1093 172
3409 1091 82
1497 4182 170
3254 3047 193
4045 1821 49
2475 50 20
3642 2006 3
4021 1048 11
2779 719 187
1563 3812 6
4491 3856 134
4753 1311 53
2593 2387 40
1167 929 112
522 4654 94
479 1410 183
89 577 26
913 1195 37
2094 1951 110
4940 3975 166
3075 4845 149
851 4210 45
2990 1607 27
4240 3810 177
298 4703 199
773 3679 95
1135 1427 137
4977 1492 158
2169 4000 12
3934 2202 171
3702 3450 109
1195 4954 83
2495 2833 45
926 699 142
2663 1573 74
4468 54 130
100 3621 27
941 3730 198
3545 4784 10
1974 4925 28
3056 1030 157
4326 139 196
304 209 147
3253 4389 95
3079 4676 67
4564 3098 129
4982 3573 75
3440 985 130
3450 4258 173
2716 2102 66
253 2595 122
1620 4947 141
2773 242 52
91 1053 69
645 4049 35
707 4110 31
2336 3793 131
3559 1525 132
3501 3779 7
4323 1111 40
1229 3477 19
3290 2186 128
601 3770 166
3051 2527 182
1326 3401 65
4628 2497 62
3816 2178 82
2697 3254 59
4376 979 22
286 2976 95
567 4900 18
958 3758 44
4423 909 58
2203 1855 76
2023 3122 168
1426 3875 188
1495 1487 117
4481 3384 117
2367 3250 192
4211 2739 71
1437 2605 18
3367 3294 130
750 1082 109
552 3151 68
4352 1220 89
1479 3269 146
809 3947 50
3380 1261 139
1032 2648 65
3675 103 200
3860 337 74
1005 4040 68
4297 329 31
1972 1405 62
4711 262 85
1028 4678 80
2940 1003 198
1926 3026 145
328 1319 200
1335 3540 18
4651 2276 140
8 3920 43
304 4614 135
1490 2681 54
1886 2215 127
3672 3462 95
2580 2799 41
980 1557 138
1887 2687 177
2340 3671 135
3785 880 160
4260 4205 162
118 4824 198
579 2591 73
812 2264 196
3348 342 94
1898 1255 88
2851 4229 104
4997 2065 11
2710 1379 23
3477 4513 59
2700 624 15
1334 3176 136
4506 2219 103
3826 4360 119
325 4681 37
2313 4242 111
2391 3873 48
3328 3778 113
3666 2312 78
3531 4212 18
2129 2795 75
1400 4927 78
4903 4475 44
4741 3937 199
1000 4034 39
1080 4097 35
3891 612 131
4822 3072 156
737 4601 5
3423 2643 35
4585 3163 184
1297 3628 167
1601 2085 140
2550 645 164
3363 2793 18
4372 4253 103
4629 2726 197
3562 809 107
4221 751 100
4677 4363 192
2979 3896 80
2902 4925 139
4017 29 60
1822 421 44
3852 4023 53
3662 1805 104
2030 1295 20
4695 4665 141
3146 3937 178
374 2364 98
988 3835 10
2338 4136 135
4368 2373 165
4266 1024 29
3008 3918 166
516 3721 163
4026 4865 6
3975 3663 132
991 901 96
870 3568 103
1433 840 4
3183 1209 101
178 1095 196
4667 4858 17
1067 762 41
4875 3651 135
1302 360 3
836 1070 76
1301 1613 155
4329 2453 120
1078 1682 119
1183 1763 82
3015 641 41
3678 3042 99
2639 1268 162
4053 2689 159
3291 1730 72
1885 1538 6
358 1469 171
866 78 94
3593 1390 8
77 2541 137
3801 2530 63
1175 4094 6
2298 4197 103
970 1886 58
4351 2523 177
1962 487 77
2854 3055 105
970 986 61
4662 733 62
1311 4336 126
76 2545 17
1552 4668 1
2945 3009 87
2640 1092 182
4454 2433 80
1174 358 165
4819 2266 195
2424 3432 87
4680 2025 168
4276 1678 193
443 1052 40
1389 4653 200
27 2961 60
78 4346 185
1949 161 46
4707 3299 117
3266 1332 103
3915 3250 91
3954 710 9
3565 3460 160
2880 2851 31
3224 1393 50
76 4314 162
1557 2850 146
3323 2912 53
1243 3311 26
281 1455 56
1676 1125 171
2 4338 155
4820 2343 171
2578 4449 72
4149 4532 157
1086 4983 89
606 1024 27
4209 644 150
2316 1718 151
1184 200 133
444 3026 27
3940 1491 198
788 2228 62
4816 1694 102
4871 2814 27
2209 3636 100
1661 2543 127
4325 26 109
1884 3402 82
4039 4832 117
1668 4192 8
2150 3257 175
1107 4969 173
3605 2838 128
4868 89 109
4395 1390 58
4723 4147 56
2194 1047 101
2746 2759 15
2569 633 35
3098 3999 161
1770 557 136
1838 2545 103
3952 4901 185
1577 3505 41
4361 1981 162
76 753 80
915 1391 97
4292 633 119
4870 3596 132
474 3540 195
4292 4602 5
1760 3754 69
726 615 153
52 1097 125
4033 4191 35
406 2323 3
1275 227 199
1323 2291 139
1304 945 87
4356 862 193
4097 3900 26
1820 3940 70
4234 3903 37
2827 739 134
4148 1489 45
3076 2711 163
4119 3226 46
923 1024 95
1448 3197 125
4344 3753 121
733 381 197
723 1232 188
3765 2929 29
1147 1661 174
1214 2508 150
4182 2957 164
2445 4253 56
2568 1162 28
614 1821 35
976 1051 105
3533 4374 198
3407 1874 125
3302 3955 171
4230 171 173
4149 130 46
836 664 62
4089 4817 1
1564 4920 51
1750 2479 196
2138 4534 176
232 1282 182
4120 1377 26
4742 1530 136
4743 4410 195
2459 1943 155
3253 3660 84
3642 2796 27
3745 3235 123
1486 2658 190
1267 900 148
1616 1799 127
3117 3621 53
3214 2144 95
4834 1055 117
3246 3807 58
791 3078 148
431 451 142
3365 1343 48
1851 60 14
2493 4771 164
3804 3284 188
2228 2682 85
1809 477 144
4982 3723 80
1810 3350 140
4835 544 130
1094 7 107
2456 1015 63
850 3207 189
814 865 120
3940 3547 161
2671 940 26
2417 2034 14
3910 4537 98
84 1286 13
953 4374 33
1981 4623 38
4750 985 65
1771 122 184
1558 1402 36
662 1508 102
3279 1466 171
2751 4370 198
3828 846 158
1774 1637 60
546 3697 162
2529 36 156
4103 2888 148
4688 3198 54
829 3970 128
4832 1384 89
4055 3513 148
2145 2608 104
4437 2995 95
3063 325 38
988 2717 185
509 4961 75
2457 1902 70
4635 2955 67
1477 545 187
3448 4206 99
4000 10 191
1500 587 135
830 2081 76
1527 203 164
3378 2127 125
4430 1972 36
1918 3236 150
331 4899 10
4618 1869 147
1996 3903 93
3103 4302 185
4730 299 11
4179 4447 103
2681 1746 182
3633 504 56
186 4528 130
2705 2953 181
611 4379 86
4711 159 179
4387 1096 9
4063 899 72
894 1659 155
2955 3927 72
1208 590 83
3830 4113 131
2922 802 91
4412 2475 148
1809 4303 125
622 4873 53
2904 930 114
2493 1811 159
3656 3569 143
1718 656 50
4472 2532 37
3177 449 107
4238 1299 116
1998 594 142
3703 3223 138
4082 761 69
3954 854 123
1108 3123 12
96 432 129
489 180 13
3534 3139 88
4884 2311 13
889 1171 155
1031 424 96
4718 2822 99
3193 2707 28
4760 2184 22
4730 895 22
1973 4199 76
3168 494 133
1042 3706 90
883 2586 197
2502 1690 145
389 3976 181
1342 2577 116
3355 3496 13
2076 4972 77
4662 3829 108
3475 632 180
4325 4712 77
4326 3285 149
819 981 7
2492 3081 117
4727 4776 163
2091 1260 161
4816 2524 18
1644 3620 73
1145 849 51
1206 3677 44
2417 2089 186
2820 2503 182
4512 1855 69
4846 3807 194
1989 4093 64
2949 2737 57
3500 2290 81
3589 891 157
3942 1059 65
811 2479 38
229 1979 46
4115 4198 146
2429 2446 130
3055 2504 177
1420 2485 54
2654 4895 157
1396 3708 113
4680 813 76
821 777 87
3697 1636 63
4883 917 127
1031 4960 142
3978 2893 67
2110 4557 121
2460 823 48
2132 3846 28
4554 33 16
2729 1124 111
3923 2513 36
3178 1663 198
1704 3326 90
2266 1148 195
2645 3042 64
1163 490 81
1903 1061 85
4183 2429 68
1322 2718 13
4624 4111 29
371 1121 7
4924 426 178
2870 4701 82
2104 4125 26
4307 4353 98
4784 4537 120
1178 3320 12
4099 331 156
4434 3708 80
4285 1073 21
3472 313 163
3371 10 104
1605 483 175
2060 274 96
1339 3230 185
4616 1567 130
878 3013 141
2891 3518 55
2293 2377 59
4805 3655 37
4598 3330 158
1940 3541 51
2779 1935 73
3507 4268 142
17 1550 80
3219 2390 115
732 3427 17
4697 1093 5
2947 2529 88
1187 2408 74
3944 3726 119
45 4282 153
872 233 78
4487 1391 111
4027 494 137
4012 4101 71
2041 2652 4
2560 3228 88
2529 2384 119
3833 3093 56
2825 4932 141
3503 3382 44
188 987 183
972 3700 68
247 4920 89
73 1956 99
2017 3859 22
4113 4793 30
1310 4532 141
2850 3659 34
2074 303 82
3810 3417 189
2528 2245 184
1432 2725 176
1269 2800 4
1268 4479 132
4561 4781 88
3805 3951 31
2714 1326 163
403 570 95
471 4399 172
4536 4708 129
65 88 107
4154 462 99
2951 4446 99
3393 136 8
3515 528 196
3586 4092 89
3986 2599 162
4367 4659 57
1536 3329 182
388 915 119
2366 2849 187
2328 4031 101
4926 3295 186
4750 1512 59
4728 1701 9
1644 2101 60
3858 3257 91
2247 1866 109
295 479 9
4942 4233 160
1527 2645 27
4240 4975 136
900 8 99
1057 1374 162
3188 3512 138
4985 883 116
3765 3254 63
2707 924 133
1954 57 153
3084 3487 115
1096 2026 19
2185 765 68
1364 3305 28
2041 1303 142
652 1197 121
1959 262 113
3256 3321 142
1966 3668 180
3307 3103 182
4785 587 52
2026 2096 190
498 2089 47
3347 3501 173
35 2890 45
1200 3719 6
1285 4737 178
1100 3910 75
1354 577 152
4080 2316 12
3519 1134 35
11 2913 180
4789 372 67
2287 1967 81
3378 4045 97
2269 277 123
827 2510 62
4340 197 143
1414 4765 138
1695 197 104
1258 2504 23
4993 1702 71
3937 3640 53
2321 4055 138
4194 2079 120
2154 2069 15
4192 2456 142
4827 4362 20
2988 2960 142
4054 1860 186
2317 955 59
3351 3809 172
4907 526 56
563 3697 66
189 4106 114
1269 1822 192
2949 4611 161
1751 4377 160
4030 1972 85
3990 2567 186
4973 932 106
1633 4399 196
3123 2264 100
1744 4247 99
369 1879 73
2383 4194 63
309 4032 101
2359 4433 68
2379 4384 136
1433 4505 45
4487 3553 11
2004 2207 199
3046 3944 34
371 67 160
701 3607 16
1871 411 133
4007 1678 16
721 2615 16
1049 2375 56
3624 39 57
4437 2383 107
699 2653 158
2002 300 83
611 4647 26
4599 4033 190
4632 4327 87
3691 2523 30
4337 1728 47
985 2181 35
2527 400 109
3580 3259 104
2098 3339 123
235 3162 111
2065 1671 88
2936 2661 164
2760 3388 112
1790 1446 164
91 4016 83
612 1218 48
3775 3753 113
764 1367 122
3216 928 27
1960 1595 81
4401 2255 184
50 3480 170
3068 4867 66
20 2434 40
4765 1736 199
1900 94 72
3563 1644 138
1185 3286 142
775 1939 187
3814 906 92
3641 3928 133
2994 2836 103
4074 2198 50
131 1032 36
644 3831 144
198 4201 22
1881 2246 198
2644 357 112
4892 2240 119
2740 4308 198
4030 2848 74
4263 2375 114
754 96 67
4650 1257 80
4137 3148 89
273 4782 129
2511 1119 144
3379 714 197
2769 439 95
153 3457 26
3892 3015 35
4548 2102 58
2208 2946 24
3331 3227 27
1383 4802 32
443 3820 171
4000 3995 149
4182 4027 61
4927 4575 137
2316 4705 173
4324 71 46
2771 4418 132
3541 1721 146
3688 4582 133
369 2106 145
1146 3623 21
3875 4805 98
739 2965 79
819 1908 113
3514 4167 44
2193 4589 11
4705 562 83
1539 4625 139
437 3824 48
4034 493 10
4157 2984 106
2165 3292 17
2078 1515 44
4334 3098 146
4263 2137 1
1016 967 106
3520 3793 156
3777 2202 41
473 1144 32
158 643 50
2541 182 153
4562 3757 182
4109 17 155
2476 744 171
912 4929 26
2766 2726 26
2398 238 18
4787 3105 174
4911 3038 137
3331 4581 187
1784 3790 134
4892 4783 131
2592 3107 118
2281 1108 96
2774 470 51
3569 399 156
519 3645 123
2923 4812 14
503 938 125
2583 3721 185
1513 591 52
1092 1380 24
4845 2509 136
2466 1863 117
4608 1120 193
1333 957 92
4491 4989 136
3281 1807 110
1637 1810 179
1700 2845 82
1545 1323 145
1384 1199 178
3099 1188 120
1911 3174 64
4895 958 132
2308 1507 149
4781 4053 116
3238 819 153
4515 2855 88
2936 1325 96
1903 4976 149
31 2103 43
871 296 1
2374 3801 124
1409 4966 170
75 4905 111
1779 951 31
2249 1834 60
4270 3646 25
4462 159 10
3739 1823 118
302 2454 97
4344 4945 34
4989 694 194
3902 542 77
1331 3786 136
4501 1514 116
1872 764 132
2268 4297 45
1847 2042 199
770 2522 163
3824 1219 18
2498 1563 105
4768 2368 149
4082 2473 52
3483 2435 50
4836 4902 108
3092 1600 135
4051 4585 158
2978 714 17
4014 4817 11
3367 541 7
510 4868 173
2196 4786 110
241 3296 32
1547 3643 95
3986 3125 190
4644 1223 138
2454 4699 160
549 4761 36
2979 2580 65
4358 1388 181
3241 3037 146
2059 610 199
3148 4106 119
3103 4722 139
900 2509 93
2067 3280 70
4366 1316 1
1659 2068 165
1085 2297 29
4135 540 24
2684 4132 113
1385 2073 52
4022 4006 10
3668 4717 173
3774 4098 144
2785 535 16
1473 1077 37
1073 4691 36
1109 1602 29
310 4528 6
1197 2424 167
1748 4728 79
4409 3511 190
4823 964 168
704 2483 152
3432 555 2
1333 2981 69
3232 636 142
2194 4623 89
1075 4609 193
2716 419 81
4486 158 89
3827 4464 95
1051 442 39
2627 214 78
3176 1306 136
3722 1974 133
3984 4493 163
4762 3835 60
3818 3415 187
3938 3097 180
4380 2040 94
3872 1372 160
4979 1443 93
2698 934 65
3639 4743 8
2690 859 50
1999 3062 38
3600 2615 195
3335 2751 25
3736 1940 139
3431 1265 14
154 1352 137
2444 1487 180
852 2996 10
828 3161 53
122 4364 100
4537 3563 39
3016 1128 155
2556 809 86
1613 1927 14
1717 4462 70
1515 504 19
3156 1889 84
519 2477 111
1618 2066 149
440 3362 68
4 2146 108
1902 1151 151
965 822 12
3739 2426 176
1792 859 90
3232 1614 141
3371 3068 5
3033 1230 21
2227 3372 200
2874 3001 51
1124 2188 98
2915 1623 164
983 756 104
1056 1 52
4657 4818 90
3470 1756 159
3336 4193 26
2907 469 83
3873 3952 195
2242 1368 94
1871 2467 105
3859 1536 193
3273 4265 58
3390 2387 21
2235 3885 119
26 286 59
4785 4378 119
2541 2495 101
4682 2937 8
865 2847 86
1714 1758 52
4655 2752 124
2317 3984 180
1354 1554 88
4037 3518 132
3102 3518 19
274 3691 198
642 3603 93
3319 2 161
899 1694 107
3340 2897 114
434 4777 139
3857 2520 77
2740 3771 20
4198 2141 34
4666 350 186
2916 1126 59
4669 4132 146
1557 379 144
634 698 91
1544 519 127
2968 2679 166
2924 2351 24
2782 4842 43
876 175 121
3891 4059 14
4809 2314 5
1100 1570 180
3282 4172 96
157 75 41
1909 2155 99
172 3858 154
2738 2138 161
436 4293 34
2209 4142 36
4227 2165 101
4478 746 55
2246 1010 103
1668 4515 27
4837 3613 64
2141 3863 29
1546 3296 86
4658 2525 102
2038 122 156
3569 3470 111
2490 3083 20
4248 38 88
364 3963 145
3219 4297 200
384 193 131
218 3268 132
1277 4252 68
173 62 197
1146 2508 102
238 1834 30
4839 782 142
4064 2914 158
1283 586 75
3218 933 139
3064 3981 126
883 2965 61
3696 1968 4
4312 1489 160
4044 2922 61
2860 4714 168
2643 4430 107
4203 4144 159
4741 2730 57
2131 2149 42
2760 4283 17
1522 2775 157
228 918 25
4505 4832 174
4162 3800 59
4146 4853 121
2730 1362 60
2711 1346 35
649 233 1
1040 2961 15
2930 3058 111
3290 1429 52
2042 2968 187
676 3231 81
4918 3911 81
4829 1884 111
1972 2532 106
3722 391 143
403 456 117
1374 367 71
1954 4102 174
275 2090 117
3131 2284 116
4066 2083 179
2378 539 146
529 1377 170
1526 3676 195
1772 3370 69
1857 1757 170
1871 115 73
549 4573 176
2632 3179 95
3312 4748 118
4496 3284 192
3451 2844 149
246 2255 88
2783 3674 93
4447 3805 22
1314 35 87
1193 3153 22
4005 700 119
3388 404 193
4303 2913 6
167 4063 36
4066 2587 80
4886 345 116
1202 782 57
1162 1538 43
3281 2314 149
4756 4930 15
909 517 140
4900 24 77
2989 2265 118
2895 116 160
3903 3154 121
4818 1610 181
4686 4520 7
4986 990 23
2309 2931 185
3943 2101 187
2536 4879 124
1394 2347 47
3325 4380 38
665 4809 156
3537 2898 120
1057 3076 32
471 3770 119
776 209 87
414 4834 9
4661 657 34
321 2402 87
2122 4430 67
3505 3030 122
4998 834 179
2599 867 34
2451 2699 84
3353 3296 133
765 2846 65
2109 887 21
201 1398 172
1365 3386 125
3952 2551 186
1674 247 73
166 4954 159
4414 2801 77
2506 744 64
3745 3557 27
1727 684 32
4841 3098 143
3552 1516 34
493 531 179
4225 993 80
1494 3049 156
2255 2724 29
1642 4001 88
234 3946 125
3216 2137 60
2954 2325 81
4652 2597 92
3804 1378 167
3130 3412 26
624 3964 128
229 3283 74
3510 4381 198
890 3635 94
1427 1687 65
4623 3397 144
2813 2421 168
3580 3553 79
1755 105 66
4059 500 114
2103 2100 143
2110 1906 44
2185 506 84
2877 652 46
40 952 112
3635 2217 175
4144 4865 152
3853 4655 173
4484 1600 6
4135 3062 46
2471 2127 143
243 2993 173
1565 4960 94
4446 2229 126
2994 2665 70
775 3241 192
2983 587 60
2617 4331 166
4415 1002 64
1676 1176 8
1046 3653 11
3846 3372 164
261 3587 165
3264 4242 42
3040 115 195
1571 1432 87
3718 191 168
3674 4169 60
1982 1193 75
4368 3891 177
1614 2103 94
911 1802 13
406 4663 135
214 1707 88
4148 4519 57
794 2376 136
4628 3616 123
95 276 120
2262 4404 189
231 1453 148
823 1559 109
307 1895 104
650 2907 41
979 1120 146
1295 864 106
3284 4633 159
4096 4743 39
3570 1904 68
2868 3783 191
551 2279 82
2123 3527 23
1917 3087 159
193 3704 72
2016 2390 108
143 1193 84
4576 2402 181
2854 1539 79
2753 3873 25
4485 2255 74
2741 3277 138
2589 203 98
791 163 64
289 3956 119
2111 2285 169
3084 2555 136
3201 3772 139
2469 3899 141
3958 1574 178
3321 3357 125
3070 1360 174
1167 3605 10
354 1747 98
3219 1479 25
1786 1762 113
2255 3709 118
4591 1684 167
4300 1851 103
3188 287 58
2820 1834 179
814 2522 47
1709 10 81
3063 1999 163
2684 1056 155
1003 4734 52
281 2854 146
3116 4526 69
4954 803 114
1639 1720 38
4819 4426 181
3336 1601 135
954 4761 164
155 693 29
2196 1471 25
879 892 87
17 2884 185
910 1224 178
315 4429 142
2165 1086 194
2184 4193 117
4972 434 73
2273 3986 66
3340 2112 18
3936 951 131
4052 3380 157
3564 4340 148
1320 258 116
4816 911 161
2198 913 96
576 2366 115
4235 1949 116
3690 4685 199
3614 994 165
3798 4689 127
1589 4648 23
2100 2289 184
3241 434 36
372 3578 29
4340 2457 68
3034 4997 27
1562 3128 129
155 891 17
412 4372 71
2346 2411 139
1168 491 194
2527 3729 172
1691 2721 34
1160 3754 121
2607 3561 148
945 4096 62
3236 3848 177
3889 156 51
89 368 129
4168 2077 149
1102 439 170
1899 4207 166
1240 3110 167
1534 2744 44
416 2460 103
3594 4167 150
1969 4340 48
614 2685 16
3659 1102 16
4702 3093 198
2176 4669 42
1923 2048 76
524 3389 49
4096 2198 50
539 3470 26
403 1018 148
221 2313 156
3476 90 114
4741 4838 50
1970 875 135
4304 1135 147
3401 136 129
3753 117 157
3307 692 183
2847 3616 38
3268 4898 83
3000 3138 67
4313 4288 35
4850 3428 100
4003 4914 124
4311 3780 93
187 2464 60
1942 1747 41
310 809 28
3337 4307 38
3349 626 44
2639 1219 76
2400 4288 129
150 1976 180
2123 876 139
2618 2021 18
949 4141 101
1038 4815 170
2728 969 84
2377 3810 60
1804 4404 38
534 1550 28
1996 920 45
3916 1731 161
3483 1159 3
2764 4222 134
3908 3205 196
2496 4078 73
4810 1004 11
3561 3654 41
3355 2606 125
528 4155 150
3985 3322 154
3603 1592 43
4822 2378 113
333 734 87
2491 2263 93
4797 2155 82
3837 2769 193
4466 2871 84
2285 2065 44
4909 4384 141
4637 2395 64
1896 3220 80
544 990 54
3561 4569 7
1330 1175 119
4547 1672 127
4777 4867 111
1253 3700 74
3617 1354 123
4088 4836 5
1531 118 150
4805 2414 107
1147 969 82
300 635 136
4044 1976 59
4963 3091 72
3061 2661 139
754 3596 35
3043 4827 190
4868 3786 91
1988 3289 195
1216 4824 198
2361 3012 194
4789 4174 113
1886 570 4
3439 507 110
269 2741 40
3429 4736 43
4163 1890 169
3277 4191 150
3106 4186 88
4798 2001 136
1394 2465 69
4993 4227 71
1364 2317 169
4468 4524 6
4624 2898 34
2074 3330 171
4849 225 153
4842 120 140
1290 4703 94
4172 1423 193
2067 608 96
356 2771 38
4387 1122 80
553 2806 156
2217 1553 110
1510 4962 3
3177 3104 112
1368 3302 102
4902 4297 68
4327 878 198
3746 4106 165
4845 4914 59
3138 1700 56
3938 2706 175
1252 3586 81
292 1894 165
3253 681 66
3099 32 158
1353 1856 64
371 1207 11
4571 424 140
2361 2105 52
2344 992 102
1875 1035 54
1889 3106 182
2357 2619 165
1664 2249 126
1475 2390 80
4022 1835 182
2127 1550 102
2639 2915 183
2922 1270 194
1062 1358 54
2944 3456 175
1433 3269 106
2735 4774 82
384 1949 63
3808 3015 149
4708 2417 176
2119 3935 166
816 4251 195
4886 333 47
3832 3029 199
1993 661 25
15 4248 24
3262 1814 123
4003 3256 51
505 1852 160
4742 2320 48
868 3573 85
3610 3367 73
1888 1586 120
3211 3153 13
4394 3181 123
747 3099 159
3389 2488 95
3547 407 177
2120 213 192
3295 1295 128
683 3890 4
4662 3382 139
945 2731 83
1869 2666 181
4654 4262 13
3969 156 109
148 1977 195
2649 447 78
2498 3745 181
3052 2280 155
3599 446 145
2986 2572 166
1954 1500 191
1228 3459 78
92 315 146
2291 2382 4
2658 1884 123
3540 1490 37
3181 7 72
1945 336 182
1986 1993 186
4854 1109 12
1307 797 100
763 2803 169
2049 1270 24
166 287 102
4605 3962 3
2607 2030 141
3481 3679 102
2646 3490 14
2384 1827 82
1872 914 164
2948 169 19
1012 30 84
2787 467 79
382 297 73
1251 4162 198
743 4174 162
757 4803 173
701 1595 118
2367 3249 97
1442 3048 21
1245 2050 124
4591 1638 38
622 2544 125
2536 4959 72
4509 2621 123
1726 2217 10
4484 2733 181
2454 582 132
2947 3089 186
1473 2949 63
4115 2312 41
2343 2868 124
2540 3347 65
4799 224 21
968 2806 96
4809 4767 148
262 3825 127
2032 3613 74
4452 2860 57
1093 1742 153
4321 3227 96
4632 4956 158
1892 2415 8
2636 3014 100
4875 4450 174
3023 3627 81
2350 1151 185
2398 2737 167
1190 3105 50
1220 991 23
3576 3236 187
2109 2607 74
1920 904 48
1848 2131 164
4079 2184 108
4774 3906 167
589 3094 85
2277 1834 163
3505 1467 11
3832 2162 24
3836 1591 126
311 2675 137
3127 3085 55
4958 3545 162
580 3204 46
2010 185 150
475 1390 107
4887 1212 35
3273 4961 91
4475 3582 36
1122 1002 187
1757 1615 6
3296 4752 197
3403 2851 65
2614 56 55
3579 2436 183
2404 4299 28
4252 229 144
874 4856 82
1392 2727 138
1476 4063 46
2512 4990 45
539 4780 111
3753 1665 37
4898 1148 34
3623 493 77
3312 1159 31
739 4912 165
4641 1546 12
2029 3285 123
2598 4346 162
1150 1832 198
811 2311 62
3142 4959 200
2755 2166 113
1646 2224 140
670 3067 63
306 3956 83
413 3138 141
1084 507 86
3314 788 91
2402 922 47
742 2717 24
4194 2953 26
177 390 198
724 2201 170
3654 3216 109
4348 2521 82
1722 1683 62
2434 2090 98
1565 2282 77
3506 3870 125
4898 3329 28
3469 3851 83
2867 1527 23
1178 2628 75
3992 178 7
2089 2923 92
4478 4282 60
4435 3261 56
3845 2981 110
3730 1798 72
144 2614 62
1685 4692 193
406 619 80
3756 404 8
187 4908 163
53 4574 116
3967 4564 193
4072 3732 6
3634 2006 195
2156 4392 57
4981 4512 179
1682 2199 141
1957 4011 59
3536 4640 7
4950 4153 159
3127 99 93
1088 4242 93
2859 908 33
848 6 95
1483 4974 132
265 3937 5
2736 3817 182
1508 3180 153
3648 3708 22
428 2919 33
269 1554 111
2982 870 194
3490 1782 37
4341 3324 5
674 2366 123
1956 3452 149
1535 2112 92
3561 3587 26
2240 268 102
1255 656 158
140 4855 46
1058 573 97
4237 61 16
2 2587 192
1786 3660 165
2014 702 57
3412 686 177
637 4751 72
4047 424 76
1674 2613 194
690 3001 2
1357 1374 155
2177 3213 62
640 1076 91
4556 1335 199
3348 2824 99
93 3766 192
4978 3096 16
4965 1756 32
719 3459 65
3421 371 51
962 3754 65
4172 1319 118
3000 2803 39
687 252 29
2304 354 48
3875 1581 106
650 202 6
3121 3625 5
1839 781 194
2859 1698 200
2076 2113 166
3386 2251 13
989 4061 199
2019 4203 123
3539 3933 136
892 3273 162
3989 2134 73
1431 1634 178
4584 1709 84
4734 3266 127
3282 3929 127
2182 1687 71
3418 2304 200
3614 1587 65
987 2801 4
956 1303 200
1304 4421 198
3722 1029 61
3909 3675 64
2775 1012 30
3038 634 104
1303 990 115
3562 3354 74
1854 4153 147
3154 3518 154
242 2569 30
2876 2936 71
315 2432 144
2132 4811 92
4524 2795 149
4693 4496 146
626 2626 12
3775 2604 36
1842 3972 113
1151 1695 17
4971 3763 176
1271 2069 68
3538 560 97
2451 4315 121
4705 3007 175
3328 4608 61
1329 272 99
1425 1731 175
4286 669 59
3919 1988 15
609 2033 145
1555 3389 196
734 3143 138
2465 4112 132
2944 4791 100
806 3535 99
2672 1387 30
2902 2350 161
3522 2135 61
4174 1349 72
4612 498 139
2568 3771 176
2232 1551 158
4725 3297 39
2406 4786 75
1565 3331 196
2234 3956 112
4776 2792 143
4282 2537 30
3061 4859 178
4480 2311 183
4157 4768 123
3440 3617 37
1145 2023 169
1342 963 112
645 1743 133
2407 2555 85
1770 1002 182
3077 782 187
3123 1758 102
990 4553 8
1971 4732 31
1478 2531 187
982 4925 85
4926 3164 182
267 1638 17
2129 4137 75
1345 40 75
3053 4687 43
2410 2258 88
2243 2091 107
1028 2254 16
4692 2126 66
790 4710 11
2710 4021 89
2334 1121 148
2648 2791 54
361 1055 98
1138 4142 140
2050 625 85
2982 2899 41
186 459 13
48 3135 129
1555 3483 65
2743 3049 197
4646 1935 186
3855 207 25
3014 4431 136
1372 4744 159
1307 1832 19
1111 857 155
3155 3311 32
4084 3918 139
4807 1614 130
1098 3108 147
1415 3611 62
745 154 98
3434 2891 114
27 4431 61
1817 105 117
937 4979 105
1158 1418 59
4142 2278 51
3967 1248 93
4841 3875 11
24 4331 1
1590 3500 105
3436 1381 50
4204 763 45
2813 4530 9
646 2678 11
2976 2615 55
3986 4868 1
2650 968 162
3014 1865 54
1421 4644 152
3267 481 83
2835 95 153
816 4458 144
3517 1084 147
3633 3973 47
119 1305 46
3942 4437 11
2944 2346 10
1728 2441 70
3499 1241 91
1412 2658 77
1959 2618 141
4345 218 52
3512 680 53
1309 2507 55
1692 2546 44
4474 1439 155
4179 2230 125
2862 2763 186
4866 1847 163
1273 4249 30
1955 1030 163
3227 2691 162
3820 2096 124
723 60 138
325 3970 169
4249 4567 127
2544 26 128
3010 4113 14
858 14 153
710 3062 123
415 3395 137
1476 3263 164
4562 4602 35
2363 4005 36
1971 2539 32
656 4325 153
376 1713 149
2635 2255 34
4532 166 13
2195 3197 127
1954 1502 16
171 3387 157
4456 3197 88
4889 455 178
3955 4350 61
2809 3370 101
2902 4130 108
4062 2368 168
4966 328 66
2858 284 165
4038 3859 3
3475 1239 130
577 2336 60
1661 1550 73
4592 2366 114
3150 4571 159
2508 2763 113
1412 138 195
3687 1011 138
4346 2787 57
3733 3908 81
4153 1867 61
1000 3544 72
3717 4258 71
2866 349 26
2165 4723 193
3644 3094 41
3224 1951 146
4994 2209 6
611 2947 92
3175 2274 142
3649 2622 117
1504 502 50
3853 2335 112
1107 774 136
3779 2261 124
1133 1199 68
2997 1699 192
2022 2462 120
3007 1678 197
2953 2007 162
2028 3694 6
3604 2904 86
4916 2276 76
4390 4722 91
1664 3426 48
4169 923 92
2713 3845 96
1040 965 115
55 2637 96
582 2296 150
2235 36 36
2061 1453 151
673 3103 35
3022 950 192
1913 3897 113
494 1564 81
4321 344 153
5 2080 173
4052 1718 80
3832 479 154
2525 3342 115
2333 4002 143
2772 2880 92
3089 380 35
3820 1952 90
3285 1946 168
4734 192 116
3866 265 143
1076 610 187
464 4226 60
1561 1308 198
2965 960 24
4158 1862 129
3222 4842 9
151 2069 191
1604 4886 116
1618 578 146
1378 354 45
3680 982 48
582 2539 163
181 3724 19
2185 813 106
1193 2639 44
4334 1539 198
4210 4919 127
755 4091 103
1948 4453 165
4051 2882 158
653 1649 65
1009 645 198
2561 2768 189
3941 2101 71
4034 1403 171
3649 1436 118
1882 2688 56
3827 1565 192
4 3804 159
3737 2700 197
956 2507 30
2166 3079 26
1923 3826 147
4047 602 133
2824 2550 71
1801 2190 162
3582 3094 145
2299 3701 128
1520 4606 1
2760 4794 51
902 2660 20
1049 1953 104
4879 4475 124
1986 1121 116
2907 1371 134
2037 3303 191
2554 546 61
941 3147 195
632 1159 5
3356 3289 65
1154 3677 39
2820 835 75
275 2801 70
4540 2770 145
74 3072 117
3383 497 80
2680 1271 169
4281 322 22
1229 969 110
400 4484 38
571 4270 100
252 976 43
3985 1788 8
2886 813 112
604 1977 51
4417 625 6
4256 2289 101
4455 2742 146
381 28 140
2308 206 54
1381 4076 172
4375 2168 149
1544 1441 89
3352 1530 132
4682 2568 79
2191 3684 60
3277 2271 14
3157 4697 4
759 3951 42
4276 345 177
1216 4402 194
2197 3756 56
2103 1706 116
4246 4244 182
2215 683 122
3059 4562 50
452 3553 102
1138 3398 42
3434 3702 81
1191 1513 68
1811 4295 152
1228 1142 111
4787 2386 107
2145 2243 109
4754 1949 20
724 2838 61
2541 720 16
488 276 171
2821 1088 43
2988 2843 190
1250 1603 69
143 96 72
1559 4969 69
3844 2702 134
933 32 6
1653 34 178
4229 895 69
2522 1928 197
1575 1002 56
3910 4423 171
3790 3036 64
4657 3481 12
4093 894 170
4618 2914 161
2231 3522 6
1949 185 129
471 2709 67
353 1081 36
2979 1961 10
600 1343 128
4532 4419 182
593 2181 2
2134 215 157
1381 3511 47
3073 2052 153
1396 1136 144
562 4019 40
2646 4216 86
2073 2278 117
1346 2639 112
3699 3600 86
4180 234 96
4168 3543 120
1463 1767 153
1453 2785 176
3242 3223 97
656 35 94
2010 4717 183
588 3470 138
3687 1744 141
1052 4418 86
2067 4750 1
2115 1491 187
1023 816 145
363 3212 144
3751 3405 129
2190 4688 171
3228 4397 105
1029 459 51
3458 3867 60
3794 3058 126
1062 2706 143
3802 4219 100
4097 4786 110
4140 3013 46
4501 4209 52
4849 1376 11
2018 3283 40
206 1019 86
359 1078 30
317 957 95
4297 1902 193
870 948 136
3186 3023 165
2378 1460 97
3841 4928 94
2936 682 128
863 3870 18
997 4551 190
1724 4286 112
3563 4113 178
1065 3241 70
98 3730 85
2673 4344 169
3121 4721 71
3386 2416 75
4119 1851 96
3816 802 155
3552 4385 119
1809 789 3
3222 847 24
907 3573 29
1061 3033 134
4129 330 66
401 4818 144
676 59 26
2672 891 41
1000 3467 9
1263 2867 147
4070 2376 80
842 4839 50
4979 4404 97
892 3970 65
2898 724 42
322 432 7
3155 2613 137
1781 2871 100
3840 2757 51
2439 3887 26
2871 1641 38
3321 1008 169
4407 2315 48
1495 2987 66
2645 4246 85
4467 1278 50
51 4691 24
3261 1170 104
3310 438 167
2132 3461 160
3249 4301 43
4833 1328 12
2773 1324 113
3582 1238 132
736 1946 44
3145 4539 134
4876 3346 21
2044 2803 54
2094 2334 164
2213 999 65
692 3775 58
1127 1983 111
3205 2836 165
3537 3580 138
3278 4398 84
1418 3008 168
1082 3743 168
1891 3969 62
2195 3400 72
3437 3594 77
4017 3196 36
3067 1132 42
4044 2531 48
1350 2001 164
3279 446 139
3002 2360 21
1303 2484 94
1660 2834 199
373 1315 74
547 746 41
1007 1543 96
3398 3950 161
1541 4402 141
1461 1570 56
2743 3655 112
4841 4509 165
4820 806 109
522 3930 65
1595 3720 13
3872 4203 97
4019 1461 175
4065 2229 114
3850 3249 154
1324 1130 193
2154 1370 139
4616 4942 176
3004 1088 90
3699 3404 168
4139 4441 109
4261 1146 162
3725 3229 174
2725 4547 200
2911 4273 20
2139 3316 164
124 4104 44
3042 151 19
456 4988 173
2313 4637 40
4194 1358 93
1304 3643 90
3372 4746 51
2997 429 104
4650 693 170
1050 3252 193
4858 2100 37
4880 2706 46
3185 489 107
3787 3335 133
3379 4838 60
2995 1435 181
3114 2559 61
4287 3638 6
4919 444 55
4839 4912 97
3073 614 79
2723 655 7
4505 1422 197
4338 1016 57
194 4990 80
620 4586 100
2034 2623 87
3596 1016 182
3518 2224 15
3211 3733 186
774 1263 112
4985 133 140
2353 716 199
2705 3669 177
1350 1824 66
3648 149 158
2563 1169 110
1205 3107 125
2315 2118 102
4738 4143 78
353 1406 146
4938 4121 156
4826 3841 7
1542 1444 186
2079 3591 128
2503 4560 42
4993 4205 172
649 945 36
2277 1155 178
2431 2735 144
509 1833 200
3099 1124 64
451 778 155
1376 3938 147
15 4628 40
963 3192 41
4611 3996 49
3080 4341 96
3754 1324 177
2500 1206 102
1601 4548 39
4329 4572 29
4363 57 163
2937 2033 93
4977 642 189
4653 4056 178
61 2544 6
2428 3981 43
830 696 109
4117 640 62
2310 2554 8
3044 3180 90
3026 2532 51
2661 186 197
3402 2035 64
1980 4749 129
1551 4388 82
2522 492 159
1251 447 90
2399 3426 107
4833 4496 111
4388 3947 132
2747 230 143
4617 4054 134
4597 272 147
3998 4487 107
4911 2993 16
4729 3049 92
4602 326 121
939 1266 137
2233 1902 127
2738 2656 158
851 1653 161
4724 372 30
2337 2494 66
2056 693 13
4935 3976 184
2524 3284 115
288 646 102
2295 256 187
1094 2456 118
1949 4085 119
1338 4259 28
4391 759 175
1128 4861 74
3012 1266 177
1447 806 34
1116 1232 78
3315 1101 12
4656 4743 15
1909 4904 161
3154 3313 197
3536 42 120
3320 518 173
444 2344 191
3069 2161 44
2987 453 172
4019 235 57
86 1592 56
3277 1070 77
4013 1536 45
1297 3317 19
4234 855 5
2336 1139 139
3152 4529 163
4943 2305 145
2965 2887 33
1978 2525 142
47 4593 14
1065 684 16
2237 2615 85
1262 994 170
1920 1564 132
1913 3894 30
3259 3923 31
3624 2550 64
2575 1955 58
3700 774 164
3651 1488 171
1363 4362 21
95 2069 148
3092 3774 72
4274 1901 166
1533 4346 56
3072 1957 170
2937 3203 192
2947 3971 107
2050 1866 160
1448 156 56
273 376 179
2519 3478 189
4709 2701 137
808 3222 41
4303 3601 185
4992 2660 48
3619 1291 144
3188 2713 127
656 8 170
2434 994 60
506 4741 196
2917 2201 35
3585 2158 172
3278 1775 126
3262 1896 45
1719 4497 133
4820 2711 197
435 944 189
491 1043 138
4275 3924 144
2970 665 72
1899 1043 78
1013 2550 75
4449 2769 28
3820 4203 149
2694 2977 101
1885 1096 94
316 3157 112
4346 1791 144
854 2219 33
3886 1380 141
2081 1114 124
2493 3060 27
1759 925 10
4661 2216 44
2877 1852 79
1424 2275 40
3361 560 74
343 1890 145
618 3387 3
3057 4739 94
3581 3474 166
2788 1761 197
2918 3740 170
3638 3139 147
17 249 143
4225 3229 39
1288 643 3
332 172 98
2265 2326 57
3763 2115 17
1456 1907 79
3594 1305 172
2683 1597 120
3247 1184 91
2611 4565 18
4074 2716 114
3902 3176 185
2397 56 4
1640 4854 183
831 2838 26
4095 2907 52
700 491 23
3857 122 116
387 490 119
2057 1179 29
2609 3532 58
4081 3758 173
1656 2031 75
1983 3497 113
2929 4190 58
4071 3451 33
2503 1928 47
1704 1371 35
2309 1469 51
4837 1750 143
3854 2946 51
4112 467 36
1277 1701 117
3239 3341 156
979 1634 32
3038 4559 32
836 4091 33
1315 1715 179
2662 3880 194
1878 591 91
2195 3429 97
345 4852 120
4355 1324 115
2181 3918 199
4394 3999 141
3800 804 178
1965 3683 34
3155 4153 49
1744 4476 131
4358 4377 163
46 6 34
785 427 111
1539 3294 175
1529 4256 47
1548 224 70
4456 865 192
4555 1899 80
3518 4508 62
4206 3162 74
266 4210 121
2689 869 35
605 4795 159
3461 2061 109
4504 3415 143
2396 1901 106
3008 2643 90
3806 1427 19
1120 4305 190
451 3173 5
3063 4674 153
508 4490 54
4242 3000 180
2735 3248 145
4633 2586 163
4707 3743 51
391 3744 187
4895 4135 151
2400 1883 157
3751 3091 163
2790 3647 114
1766 1794 107
537 1802 7
2875 2172 72
4803 2146 71
2386 4136 86
1864 4814 160
4511 3115 167
2518 4893 83
75 564 150
2580 3955 78
2410 1621 28
2316 642 194
4539 237 153
804 4855 165
1061 673 16
285 2386 149
3788 1553 121
2854 2282 34
1601 1805 54
1922 3471 190
892 2606 170
4055 723 28
831 4973 125
138 2811 40
1109 3678 88
1541 1964 127
2493 369 128
4745 2937 120
4009 2437 188
3277 647 29
3105 4521 41
1708 1713 85
4154 3210 21
1041 362 171
2919 4177 20
2293 154 175
4120 2527 116
2314 3868 20
2189 2283 47
4694 1257 14
3363 93 112
2453 3972 61
2318 4254 55
4108 2471 82
4888 3968 137
597 14 46
836 1633 45
1195 1175 51
4887 2284 97
4046 526 160
2151 4395 199
25 261 21
2658 4682 20
1249 1017 80
1027 4859 27
1577 1971 42
2802 3674 105
345 4726 176
4566 3550 21
1102 3318 107
4772 3925 73
769 1348 93
256 1435 121
3145 893 140
2417 103 117
4024 1548 162
1171 4015 188
4704 4154 172
369 1247 77
1691 815 200
3226 3566 53
2796 3129 46
3433 2363 147
4820 4449 63
2799 3743 160
4846 230 79
3139 3036 102
165 4933 77
3861 3722 171
3894 4124 20
667 434 147
2851 242 160
869 2601 81
912 3272 111
3378 1885 15
345 1034 186
1301 4128 11
2789 1853 150
1779 3320 128
2482 611 50
3634 4443 166
299 969 152
4987 2763 162
4730 3046 82
4534 3058 119
2473 1581 173
3733 3261 189
3691 557 154
4238 932 91
4714 1859 137
882 4683 197
743 3521 135
979 4110 170
1636 1424 109
2223 3977 82
1927 49 184
1561 2630 84
1445 4425 43
2712 619 134
1198 1206 134
2445 1096 11
4914 3315 188
1171 2967 61
4178 2035 182
4015 979 32
3740 739 79
4079 3178 39
4185 1689 166
1271 873 25
1320 285 24
2378 1389 162
4044 88 152
4429 3939 111
4179 1024 138
2458 1155 99
3883 65 159
2145 2597 6
3944 2975 27
2195 1401 75
1933 3344 85
787 4347 117
1462 2138 11
735 1065 127
3274 2791 126
387 1007 173
4306 1876 41
4267 876 145
911 3078 187
440 3701 189
4717 638 179
1389 570 3
3837 1454 174
934 1278 76
3850 4097 63
2402 2200 58
2799 3756 118
825 430 40
2368 3114 154
1350 4839 119
198 3258 134
2256 1514 106
279 4750 44
3933 188 177
3515 4696 200
1907 2473 180
1602 4846 150
4110 569 103
3584 3657 113
1917 2662 2
1097 885 98
3711 2870 139
3683 370 72
2477 264 22
4625 1228 94
4515 4676 104
4857 3870 136
142 4934 200
2553 3839 109
3975 3502 84
3675 1852 6
2344 3762 153
283 1105 114
3940 534 98
2503 1409 88
3598 3929 136
660 338 185
4854 4969 79
2630 4033 20
1239 1028 181
3240 3218 20
1266 79 60
461 1089 185
3801 4447 162
1799 4934 159
1687 3298 131
3050 2904 173
471 4723 17
4085 4272 192
131 352 179
1974 2363 51
3028 4626 33
2786 1395 167
4525 3841 191
2777 3575 15
1745 4535 26
2126 1708 54
2714 1487 156
3254 4896 81
4553 2535 143
3543 3349 117
4801 3414 88
4117 824 100
604 3800 98
2666 1628 37
4153 601 30
3391 4380 136
4513 733 59
362 2186 150
1626 4797 198
354 4472 3
2940 3251 170
4361 126 96
3264 2805 42
1489 3042 32
3192 19 180
4874 2119 59
2323 2890 52
534 3171 170
4823 476 138
3432 1080 195
4964 2734 3
655 3705 97
1132 3717 108
2861 3151 180
1657 1573 109
715 170 6
3522 1716 181
3850 3207 102
2281 2480 15
3607 4827 102
1111 3406 23
4543 4012 53
3723 4094 64
1314 4302 32
1745 3347 150
2230 3093 88
2385 2440 28
49 2897 91
2633 4837 146
2258 2620 19
2834 4040 21
3047 866 177
4533 1430 189
4230 3338 147
3611 1526 101
1246 609 17
3264 3939 181
3205 766 134
1615 1288 38
51 3342 165
1957 393 3
1165 4748 140
1845 3045 139
4713 808 48
96 3570 193
480 4539 15
1296 518 176
1748 3055 177
1646 4836 83
64 1808 187
4252 3897 157
1807 345 66
1812 6 155
4404 1854 121
4907 3618 72
1957 1529 71
2547 2592 136
4892 2359 174
3983 1791 41
3321 1261 53
3468 470 104
2622 1101 163
4073 255 135
3387 1206 136
2494 2897 81
3228 274 104
4232 2799 8
600 2169 127
1429 530 40
804 1127 27
1677 2521 87
1908 4132 168
1421 3476 9
2658 1912 103
3651 2555 191
2126 1293 155
4029 3285 196
4477 580 163
2348 257 172
456 2363 108
3663 2641 120
1124 4707 136
2430 3559 105
746 199 113
2476 4748 168
3379 721 158
3684 2878 21
1843 1709 197
1342 4753 43
3855 183 76
3520 82 103
2076 2565 105
1341 1164 106
3139 3177 82
1301 4429 105
616 1870 197
1555 1120 34
1438 4867 133
2891 1170 32
2683 2760 143
2419 902 98
3266 4317 198
2235 4465 178
4598 4354 104
3613 3899 86
4947 2222 15
4714 706 170
1708 2034 94
1686 4476 72
3361 4046 164
2538 3161 94
4709 386 11
4514 2633 48
4315 996 50
2388 334 184
3813 2458 48
4060 2307 74
1617 278 46
3761 783 10
2160 3631 31
3197 548 85
1700 152 29
2727 1580 122
4244 1203 67
1904 1394 92
3757 2316 4
2345 2086 38
2211 2374 13
215 1415 117
1089 3256 164
615 3796 65
3179 1793 188
4535 16 62
2629 1262 91
2844 1106 148
2252 3883 17
511 1297 39
4651 4564 153
4357 4967 153
4086 2556 102
2511 4337 186
4912 2765 30
71 4835 17
3941 2503 146
779 2239 167
3728 4455 61
33 610 54
34 4189 91
79 1536 108
48 4028 143
296 3945 35
2527 1459 127
3517 1156 161
4086 1126 47
4241 203 136
1351 2164 79
3482 2645 113
4520 1753 181
1313 4367 170
4671 611 186
2520 3355 60
4487 2749 65
480 4129 63
3925 4049 91
964 439 177
592 2740 126
3588 2978 48
3219 252 159
1088 137 72
526 605 105
3161 1310 160
4321 4288 134
1412 2897 166
4510 2100 125
3781 2266 193
3101 807 196
3390 2407 73
1743 585 4
2386 3463 199
2695 2427 37
1025 2879 59
3605 1814 132
2004 230 100
597 4308 42
4458 4349 131
1642 3397 164
4458 4561 115
4703 2029 130
1774 4776 158
1696 3438 81
3689 3459 81
1233 3928 49
3888 215 92
2111 182 177
1339 2165 198
676 1578 135
3663 4165 190
4510 475 28
3622 3245 114
2119 4209 110
2524 2842 157
177 470 82
2833 4851 11
4863 3856 19
2058 1287 102
367 784 117
4674 2714 147
4336 4005 127
1855 1637 194
4621 1181 68
4274 1753 22
3247 962 58
839 2276 138
1828 4631 17
1433 2749 90
4758 1175 155
2056 1163 46
4691 3762 88
2197 2668 64
610 4168 56
2040 57 22
2601 357 157
2029 1119 192
469 1522 46
100 3894 161
778 840 136
4668 4708 9
3244 921 4
2434 2887 42
2573 1753 56
2784 4254 70
1388 1733 18
4615 1157 107
1399 1282 89
1922 4922 117
3389 2786 160
1611 3656 129
4247 1517 43
664 3424 33
2459 3262 109
2353 2558 22
918 4504 89
3590 4748 24
3822 4476 102
371 570 45
4505 1108 194
3867 2159 80
1765 335 72
3186 3562 32
3461 4847 8
3367 822 99
2132 123 12
3293 2370 13
3647 1779 147
3289 2358 65
3414 4149 93
4519 3638 183
3206 1238 170
1486 713 125
4265 2178 135
4147 3640 145
4039 889 141
2269 4617 121
4413 3668 30
2284 2231 124
2277 4997 178
4728 2727 195
440 696 90
750 1992 161
4217 4511 98
2989 1943 113
4506 669 28
2345 3812 129
900 1637 78
1113 2212 90
1264 1623 38
1964 3054 154
1999 1409 180
2094 4546 178
4519 2873 124
278 887 116
2613 2410 160
3195 2973 32
4447 2472 194
912 2735 105
1269 1875 49
4457 2884 163
4033 3260 169
103 2394 42
887 3541 122
2805 426 134
2351 3521 75
4446 1941 38
3257 2342 17
2561 1475 150
4511 1275 144
4529 517 101
2670 4643 112
1589 726 9
2875 1792 76
4708 2291 82
4115 2561 142
2707 636 151
4552 543 86
4995 4085 56
1494 1552 152
4840 4356 109
705 4102 86
3307 4515 138
204 1329 1
3861 2898 109
1247 2568 106
446 2164 126
2470 4999 4
4461 3443 34
3240 4829 183
733 3781 19
3785 2203 146
3465 638 191
4282 1107 104
2070 2639 95
3880 3711 109
967 410 184
3210 2026 165
4725 2602 189
3743 2701 95
0 4999
